timestamp,driver_id,vehicle_id,brand,car_name,battery_capacity_kwh,max_range_km,vehicle_weight_kg,motor_power_kw,running_mode,trip_distance_km,trip_duration_hr,income_generated,avg_speed_kmph,max_speed_kmph,overspeed_events,hard_braking_events,rapid_acceleration_events,idle_time_minutes,weather_condition,traffic_density,ambient_temperature,soc_start_pct,soc_end_pct,battery_temperature,battery_cycles,battery_health_pct,energy_consumed_kwh,odometer_km,brake_wear_pct,suspension_health_pct,days_since_last_service,vehicle_condition,vehicle_active
1/1/2024 0:00,D001,VH001,Volkswagen,ID.4,77,520,2100,150,0,10.47,0.53,189.01,48,72,0,1,1,19,Cloudy,Medium,19,73,70,18,604,82.4,1.628,15237.5,10.19,93.88,61,1,1
1/1/2024 2:00,D001,VH001,Volkswagen,ID.4,77,520,2100,150,1,115.5,1.67,2177.73,76,102,1,2,0,9,Clear,Medium,18,84,60,22.4,604,82.4,18.131,15353,10.31,93.82,61,1,1
1/1/2024 4:00,D001,VH001,Volkswagen,ID.4,77,520,2100,150,1,122.25,1.7,2242.69,74,100,0,0,1,3,Clear,Low,17,77,52,24.8,604,82.4,18.814,15475.2,10.36,93.81,61,1,1
1/1/2024 6:00,D001,VH001,Volkswagen,ID.4,77,520,2100,150,0,53.61,1.82,1031.64,44,88,0,1,0,36,Clear,Medium,13,73,61,18,604,82.4,8.685,15528.8,10.42,93.77,61,1,1
1/1/2024 8:00,D001,VH001,Volkswagen,ID.4,77,520,2100,150,0,23.88,1.21,311.37,37,67,0,1,0,34,Clear,Medium,15,63,57,18,604,82.4,3.869,15552.7,10.46,93.75,61,1,1
1/1/2024 10:00,D001,VH001,Volkswagen,ID.4,77,520,2100,150,1,116.45,2.25,1217.96,55,105,1,1,1,8,Cloudy,Low,14,70,47,22,604,82.4,17.549,15669.2,10.54,93.71,61,1,1
1/1/2024 12:00,D001,VH001,Volkswagen,ID.4,77,520,2100,150,0,60.07,2.16,707.22,37,89,0,0,1,32,Clear,Low,13,71,58,18,604,82.4,9.731,15729.2,10.57,93.7,61,1,1
1/1/2024 14:00,D001,VH001,Volkswagen,ID.4,77,520,2100,150,0,38.42,1.23,549.02,38,102,0,1,1,13,Clear,Medium,30,86,77,18,604,82.39,6.224,15767.6,10.62,93.67,61,1,1
1/1/2024 16:00,D001,VH001,Volkswagen,ID.4,77,520,2100,150,0,29.22,1.14,539.05,51,76,0,0,2,34,Rain,Medium,18,62,56,18,604,82.39,4.26,15796.9,10.63,93.67,61,1,1
1/1/2024 18:00,D001,VH001,Volkswagen,ID.4,77,520,2100,150,1,72.25,1.09,1317.88,77,103,0,0,0,9,Clear,Medium,23,88,73,20.5,604,82.39,11.119,15869.1,10.65,93.66,61,1,1
1/1/2024 20:00,D001,VH001,Volkswagen,ID.4,77,520,2100,150,1,56.88,0.83,1113.45,78,106,0,0,0,6,Clear,Medium,19,83,71,18,604,82.39,8.754,15926,10.67,93.65,61,1,1
1/1/2024 22:00,D001,VH001,Volkswagen,ID.4,77,520,2100,150,0,17.52,1.01,298.67,38,86,0,1,1,33,Cloudy,High,17,59,55,18,604,82.39,2.725,15943.5,10.72,93.62,62,1,1
1/2/2024 0:00,D001,VH001,Volkswagen,ID.4,77,520,2100,150,1,121.56,1.9,2035.39,67,118,1,0,0,5,Clear,Medium,10,76,51,19.2,604,82.39,19.082,16065.1,10.76,93.61,62,1,1
1/2/2024 2:00,D001,VH001,Volkswagen,ID.4,77,520,2100,150,0,48.29,1.56,792.94,48,76,0,1,0,33,Rain,Low,19,83,73,18,604,82.39,7.041,16113.4,10.82,93.58,62,1,1
1/2/2024 4:00,D001,VH001,Volkswagen,ID.4,77,520,2100,150,1,114.77,2.11,2011.8,58,105,0,1,0,8,Rain,Medium,11,70,49,18,604,82.39,15.897,16228.1,10.9,93.54,62,1,1
1/2/2024 6:00,D001,VH001,Volkswagen,ID.4,77,520,2100,150,0,20.77,1.11,307,45,58,0,0,0,39,Clear,Medium,20,61,56,18,604,82.39,3.365,16248.9,10.91,93.54,62,1,1
1/2/2024 8:00,D001,VH001,Volkswagen,ID.4,77,520,2100,150,0,51.09,1.72,799.15,42,53,0,2,0,30,Clear,High,17,54,43,18,604,82.39,8.277,16300,11.01,93.48,62,1,1
1/2/2024 10:00,D001,VH001,Volkswagen,ID.4,77,520,2100,150,1,156.79,2.42,2940.96,68,104,0,2,0,7,Clear,Medium,21,64,32,31.9,605,82.39,24.13,16456.8,11.14,93.41,62,1,1
1/2/2024 12:00,D001,VH001,Volkswagen,ID.4,77,520,2100,150,0,30.57,1.46,356.69,41,84,0,2,0,43,Clear,High,14,55,48,18,605,82.39,4.952,16487.4,11.23,93.36,62,1,1
1/2/2024 14:00,D001,VH001,Volkswagen,ID.4,77,520,2100,150,0,62.81,2.02,670.57,41,96,0,1,1,29,Cloudy,Medium,24,78,65,19.2,605,82.39,9.768,16550.2,11.29,93.33,62,1,1
1/2/2024 16:00,D001,VH001,Volkswagen,ID.4,77,520,2100,150,1,106.6,1.33,1910.55,83,113,1,0,0,3,Clear,Medium,19,72,50,22.7,605,82.39,16.734,16656.8,11.33,93.31,62,1,1
1/2/2024 18:00,D001,VH001,Volkswagen,ID.4,77,520,2100,150,1,139.21,1.95,1531.45,74,102,0,0,3,4,Clear,Low,14,66,38,21.9,605,82.39,21.424,16796,11.38,93.3,62,1,1
1/2/2024 20:00,D001,VH001,Volkswagen,ID.4,77,520,2100,150,1,76.42,1.18,1215.78,73,108,0,0,1,8,Clear,Low,15,72,56,18,605,82.38,11.761,16872.4,11.41,93.29,62,1,1
1/2/2024 22:00,D001,VH001,Volkswagen,ID.4,77,520,2100,150,0,15.73,0.67,185.6,63,78,0,1,1,25,Clear,Low,17,47,43,18,605,82.38,2.548,16888.1,11.45,93.26,63,1,1
1/3/2024 0:00,D001,VH001,Volkswagen,ID.4,77,520,2100,150,0,17.54,0.72,254.32,36,91,0,0,0,14,Cloudy,Low,19,49,45,18,605,82.38,2.728,16905.7,11.46,93.26,63,1,1
1/3/2024 2:00,D001,VH001,Volkswagen,ID.4,77,520,2100,150,0,60.87,1.84,1045.72,39,76,0,0,1,17,Clear,Low,23,83,70,18,605,82.38,9.861,16966.5,11.48,93.25,63,1,1
1/3/2024 4:00,D001,VH001,Volkswagen,ID.4,77,520,2100,150,0,20.2,0.81,267.03,46,70,1,1,1,22,Fog,High,17,64,60,18,605,82.38,2.904,16986.7,11.53,93.22,63,1,1
1/3/2024 6:00,D001,VH001,Volkswagen,ID.4,77,520,2100,150,1,61.57,1.13,1119.5,58,108,1,1,0,4,Cloudy,Low,20,53,40,18.8,605,82.38,9.279,17048.3,11.59,93.19,63,1,1
1/3/2024 8:00,D001,VH001,Volkswagen,ID.4,77,520,2100,150,1,62.28,1.11,1007.45,64,114,1,0,1,8,Cloudy,Medium,11,66,53,18,605,82.38,9.386,17110.6,11.61,93.18,63,1,1
1/3/2024 10:00,D001,VH001,Volkswagen,ID.4,77,520,2100,150,0,36.29,1.43,639.92,37,77,0,2,0,27,Rain,Low,23,70,63,18,605,82.38,5.291,17146.9,11.7,93.13,63,1,1
1/3/2024 12:00,D001,VH001,Volkswagen,ID.4,77,520,2100,150,1,104.29,1.3,2072.72,86,120,0,1,1,5,Fog,Low,28,51,32,24.6,605,82.38,13.964,17251.2,11.78,93.09,63,1,1
1/3/2024 14:00,D001,VH001,Volkswagen,ID.4,77,520,2100,150,0,52.19,1.78,719.33,49,90,0,3,0,43,Rain,Medium,14,81,71,18,605,82.38,7.609,17303.4,11.92,93.01,63,1,1
1/3/2024 16:00,D001,VH001,Volkswagen,ID.4,77,520,2100,150,1,72.46,1.24,1321.96,60,99,0,1,1,2,Clear,Medium,24,82,67,20.7,605,82.38,11.152,17375.8,11.98,92.98,63,1,1
1/3/2024 18:00,D001,VH001,Volkswagen,ID.4,77,520,2100,150,1,123.99,1.66,1914.29,78,106,0,0,1,4,Clear,Low,26,51,26,26.7,606,82.38,19.082,17499.8,12.03,92.96,63,1,1
1/3/2024 20:00,D001,VH001,Volkswagen,ID.4,77,520,2100,150,1,148.67,2.14,2538.65,74,113,0,0,1,8,Rain,Medium,12,81,54,22.1,606,82.38,20.592,17648.5,12.08,92.94,63,1,1
1/3/2024 22:00,D001,VH001,Volkswagen,ID.4,77,520,2100,150,1,88.26,1.4,1558.55,68,119,1,0,1,6,Clear,Medium,15,70,52,19.5,606,82.38,13.855,17736.7,12.11,92.93,64,1,1
1/4/2024 0:00,D001,VH001,Volkswagen,ID.4,77,520,2100,150,0,16,0.79,167.15,45,85,0,1,0,26,Rain,Low,12,63,59,18,606,82.38,2.333,17752.7,12.15,92.91,64,1,1
1/4/2024 2:00,D001,VH001,Volkswagen,ID.4,77,520,2100,150,0,28.64,0.69,464,45,87,0,0,0,3,Rain,Medium,16,59,53,18,606,82.38,4.176,17781.4,12.16,92.9,64,1,1
1/4/2024 4:00,D001,VH001,Volkswagen,ID.4,77,520,2100,150,1,152.56,2.28,1837.92,69,120,0,2,0,4,Rain,Low,16,88,60,22,606,82.38,21.131,17933.9,12.3,92.84,64,1,1
1/4/2024 6:00,D001,VH001,Volkswagen,ID.4,77,520,2100,150,1,51.84,0.91,574.26,67,116,1,2,3,8,Clear,Medium,12,84,73,18,606,82.37,8.138,17985.8,12.4,92.78,64,1,1
1/4/2024 8:00,D001,VH001,Volkswagen,ID.4,77,520,2100,150,0,8.91,0.86,100.45,37,84,0,2,0,37,Rain,High,24,61,59,18,606,82.37,1.299,17994.7,12.48,92.73,64,1,1
1/4/2024 10:00,D001,VH001,Volkswagen,ID.4,77,520,2100,150,1,155.3,2.72,2448.07,59,108,0,1,0,5,Rain,Low,23,75,47,31.6,606,82.37,21.511,18150,12.57,92.68,64,1,1
1/4/2024 12:00,D001,VH001,Volkswagen,ID.4,77,520,2100,150,1,169.74,2.34,2251.3,77,106,0,0,0,8,Fog,Medium,17,65,35,25.2,606,82.37,22.727,18319.7,12.63,92.66,64,1,1
1/4/2024 14:00,D001,VH001,Volkswagen,ID.4,77,520,2100,150,1,100.61,1.39,1863.77,78,104,0,0,2,6,Fog,Medium,15,80,62,18,606,82.37,13.471,18420.3,12.67,92.65,64,1,0
1/4/2024 16:00,D001,VH001,Volkswagen,ID.4,77,520,2100,150,1,58.15,1.11,686.72,56,104,0,0,1,4,Fog,Low,23,84,73,18,606,82.37,7.786,18478.5,12.69,92.64,64,1,1
1/4/2024 18:00,D001,VH001,Volkswagen,ID.4,77,520,2100,150,1,64.18,0.95,1089.11,77,92,0,0,1,7,Rain,Low,20,55,43,18,606,82.37,8.89,18542.7,12.71,92.64,64,1,1
1/4/2024 20:00,D001,VH001,Volkswagen,ID.4,77,520,2100,150,0,40.4,1.41,474.4,37,102,0,1,2,19,Cloudy,Medium,14,54,45,18,606,82.37,6.283,18583.1,12.76,92.61,64,1,1
1/4/2024 22:00,D001,VH001,Volkswagen,ID.4,77,520,2100,150,1,122.14,1.9,2431.03,68,117,0,0,0,6,Rain,Medium,14,53,31,21.8,607,82.37,16.918,18705.2,12.81,92.59,65,1,1
1/5/2024 0:00,D001,VH001,Volkswagen,ID.4,77,520,2100,150,0,34.53,1.34,567.61,43,95,0,0,1,32,Rain,Medium,16,70,63,18,607,82.37,5.034,18739.7,12.82,92.59,65,1,1
1/5/2024 2:00,D001,VH001,Volkswagen,ID.4,77,520,2100,150,1,87.51,1.4,1609.29,68,92,0,1,1,7,Clear,Medium,19,59,41,18.8,607,82.37,13.468,18827.2,12.89,92.55,65,1,1
1/5/2024 4:00,D001,VH001,Volkswagen,ID.4,77,520,2100,150,0,28.08,1.05,551.14,43,82,0,1,1,24,Clear,Medium,18,62,56,18,607,82.37,4.549,18855.3,12.94,92.52,65,1,1
1/5/2024 6:00,D001,VH001,Volkswagen,ID.4,77,520,2100,150,0,33.95,1.24,435.84,44,75,0,0,0,28,Clear,Medium,16,64,56,18,607,82.37,5.5,18889.3,12.95,92.52,65,1,1
1/5/2024 8:00,D001,VH001,Volkswagen,ID.4,77,520,2100,150,1,70.01,1.15,1107.8,68,104,0,1,0,7,Rain,Medium,17,65,52,18,607,82.37,9.697,18959.3,13.02,92.49,65,1,1
1/5/2024 10:00,D001,VH001,Volkswagen,ID.4,77,520,2100,150,0,50.75,1.92,880.39,32,80,0,1,1,20,Fog,Medium,17,71,61,18,607,82.37,7.153,19010,13.07,92.46,65,1,1
1/5/2024 12:00,D001,VH001,Volkswagen,ID.4,77,520,2100,150,0,62.29,1.49,647.45,58,70,0,2,0,25,Clear,Low,18,84,70,18,607,82.37,10.091,19072.3,13.18,92.4,65,1,1
1/5/2024 14:00,D001,VH001,Volkswagen,ID.4,77,520,2100,150,0,23.79,1.01,399.6,47,107,0,2,2,30,Rain,Low,15,46,41,18,607,82.37,3.469,19096.1,13.26,92.35,65,1,0
1/5/2024 16:00,D001,VH001,Volkswagen,ID.4,77,520,2100,150,0,38.8,1.24,565.23,43,65,0,1,1,20,Rain,High,11,87,79,18,607,82.37,5.657,19134.9,13.32,92.32,65,1,1
1/5/2024 18:00,D001,VH001,Volkswagen,ID.4,77,520,2100,150,1,132.36,2.03,2425.05,68,109,0,1,0,5,Clear,Low,18,57,30,22.7,607,82.36,20.37,19267.3,13.4,92.28,65,1,1
1/5/2024 20:00,D001,VH001,Volkswagen,ID.4,77,520,2100,150,0,12.54,0.62,206.82,44,88,0,1,0,20,Clear,Medium,19,48,45,18,607,82.36,2.031,19279.8,13.45,92.25,65,1,1
1/5/2024 22:00,D001,VH001,Volkswagen,ID.4,77,520,2100,150,0,42.19,1.35,813.89,46,85,0,1,0,26,Cloudy,Medium,10,65,56,18,607,82.36,6.561,19322,13.5,92.22,65,1,1
1/6/2024 0:00,D001,VH001,Volkswagen,ID.4,77,520,2100,150,0,50.16,1.08,553.86,55,84,0,2,0,10,Clear,High,25,84,73,18,607,82.36,8.126,19372.2,13.6,92.16,66,1,1
1/6/2024 2:00,D001,VH001,Volkswagen,ID.4,77,520,2100,150,0,49.71,1.52,829.2,53,87,0,2,0,35,Rain,Medium,19,83,73,18,607,82.36,7.248,19421.9,13.7,92.11,66,1,1
1/6/2024 4:00,D001,VH001,Volkswagen,ID.4,77,520,2100,150,0,26.16,0.77,469.42,47,89,0,2,0,13,Fog,High,19,68,63,18,607,82.36,3.687,19448,13.79,92.05,66,1,1
1/6/2024 6:00,D001,VH001,Volkswagen,ID.4,77,520,2100,150,1,51.46,0.78,742.35,76,106,0,0,0,6,Rain,Medium,14,66,56,18,607,82.36,7.128,19499.5,13.81,92.05,66,1,1
1/6/2024 8:00,D001,VH001,Volkswagen,ID.4,77,520,2100,150,0,11.47,0.75,190,58,80,0,0,0,33,Fog,Medium,18,64,61,18,607,82.36,1.617,19511,13.81,92.05,66,1,1
1/6/2024 10:00,D001,VH001,Volkswagen,ID.4,77,520,2100,150,1,57.5,1.01,734.42,61,109,1,1,1,4,Fog,Medium,17,68,57,18,607,82.36,7.853,19568.5,13.87,92.01,66,1,1
1/6/2024 12:00,D001,VH001,Volkswagen,ID.4,77,520,2100,150,0,37.85,1.7,561.38,31,91,2,3,1,29,Clear,High,21,72,63,18,607,82.36,6.377,19606.3,14,91.93,66,1,1
1/6/2024 14:00,D001,VH001,Volkswagen,ID.4,77,520,2100,150,0,54.97,2.04,618.1,39,71,0,1,1,38,Rain,Low,13,60,49,18,607,82.36,8.015,19661.3,14.06,91.9,66,1,1
1/6/2024 16:00,D001,VH001,Volkswagen,ID.4,77,520,2100,150,1,173.94,2.67,2654.52,68,105,1,0,1,7,Rain,Low,20,91,59,27.2,608,82.36,24.574,19835.2,14.12,91.88,66,1,1
1/6/2024 18:00,D001,VH001,Volkswagen,ID.4,77,520,2100,150,0,35.47,1.14,387.31,42,92,0,0,3,18,Rain,Medium,17,69,62,18,608,82.36,5.172,19870.7,14.14,91.88,66,1,1
1/6/2024 20:00,D001,VH001,Volkswagen,ID.4,77,520,2100,150,0,26.99,1.2,465.36,45,88,0,0,2,36,Cloudy,High,22,59,53,18,608,82.36,4.197,19897.7,14.14,91.87,66,1,1
1/6/2024 22:00,D001,VH001,Volkswagen,ID.4,77,520,2100,150,0,32.13,1.55,539.96,31,85,1,2,1,31,Clear,Medium,27,61,54,18,608,82.36,5.309,19929.8,14.24,91.82,66,1,1
1/7/2024 0:00,D001,VH001,Volkswagen,ID.4,77,520,2100,150,0,51.36,1.93,778.44,35,91,0,0,1,28,Cloudy,Medium,15,80,69,18,608,82.36,7.988,19981.2,14.25,91.81,67,1,1
1/7/2024 2:00,D001,VH001,Volkswagen,ID.4,77,520,2100,150,1,85.7,1.42,1593.6,64,101,1,1,1,5,Clear,Low,12,71,53,18,608,82.36,13.453,20066.9,14.32,91.78,67,1,1
1/7/2024 4:00,D001,VH001,Volkswagen,ID.4,77,520,2100,150,0,37.02,1.18,390,42,76,0,2,2,18,Fog,Medium,16,80,73,18,608,82.36,5.218,20103.9,14.42,91.72,67,1,1
1/7/2024 6:00,D001,VH001,Volkswagen,ID.4,77,520,2100,150,0,39.94,1.49,656.16,45,66,0,1,1,36,Rain,High,24,78,70,18,608,82.36,5.823,20143.8,14.47,91.69,67,1,1
1/7/2024 8:00,D001,VH001,Volkswagen,ID.4,77,520,2100,150,0,12.42,0.87,201.58,44,79,0,1,2,35,Fog,High,15,93,90,18,608,82.36,1.75,20156.3,14.52,91.67,67,1,1
1/7/2024 10:00,D001,VH001,Volkswagen,ID.4,77,520,2100,150,0,30.77,1.29,432.6,36,87,0,0,1,26,Rain,Low,20,74,68,18,608,82.36,4.486,20187,14.53,91.66,67,1,1
1/7/2024 12:00,D001,VH001,Volkswagen,ID.4,77,520,2100,150,0,43.71,1.44,679.45,44,87,0,1,2,27,Cloudy,Medium,13,90,81,18,608,82.36,6.798,20230.7,14.58,91.63,67,1,1
1/7/2024 14:00,D001,VH001,Volkswagen,ID.4,77,520,2100,150,0,27.2,0.91,452.11,46,73,0,4,1,19,Rain,Medium,14,73,67,18,608,82.36,3.966,20257.9,14.75,91.53,67,1,1
1/7/2024 16:00,D001,VH001,Volkswagen,ID.4,77,520,2100,150,0,46.13,1.58,666.93,42,74,0,1,1,29,Rain,High,18,74,65,18,608,82.35,6.726,20304.1,14.81,91.5,67,1,0
1/7/2024 18:00,D001,VH001,Volkswagen,ID.4,77,520,2100,150,0,18.25,1.11,262.96,41,73,1,1,0,40,Rain,Medium,21,70,66,18,608,82.35,2.714,20322.3,14.85,91.47,67,1,1
1/7/2024 20:00,D001,VH001,Volkswagen,ID.4,77,520,2100,150,1,170.05,2.71,2748.12,66,120,0,1,0,8,Fog,Medium,17,66,36,29.4,608,82.35,22.769,20492.4,14.95,91.43,67,1,1
1/7/2024 22:00,D001,VH001,Volkswagen,ID.4,77,520,2100,150,0,24.9,1.07,398.66,39,92,0,0,2,26,Rain,Low,16,78,73,18,608,82.35,3.63,20517.3,14.96,91.43,67,1,1
1/8/2024 0:00,D001,VH001,Volkswagen,ID.4,77,520,2100,150,0,58.19,1.4,794.01,48,82,1,0,1,11,Cloudy,Low,26,60,48,19.5,608,82.35,9.231,20575.5,14.98,91.42,68,1,1
1/8/2024 2:00,D001,VH001,Volkswagen,ID.4,77,520,2100,150,0,58.48,1.34,1113.89,57,62,0,0,0,19,Clear,Medium,19,68,55,19.6,608,82.35,9.474,20633.9,15,91.41,68,1,1
1/8/2024 4:00,D001,VH001,Volkswagen,ID.4,77,520,2100,150,0,42.98,1.18,769.27,52,77,0,0,1,21,Fog,Low,17,60,52,18,608,82.35,6.058,20676.9,15.02,91.41,68,1,1
1/8/2024 6:00,D001,VH001,Volkswagen,ID.4,77,520,2100,150,1,147.75,2.37,2175.7,66,121,0,2,1,8,Cloudy,Low,22,77,48,26.4,608,82.35,21.829,20824.7,15.15,91.34,68,1,1
1/8/2024 8:00,D001,VH001,Volkswagen,ID.4,77,520,2100,150,0,54.58,1.92,608.25,46,75,0,0,0,44,Clear,Medium,17,87,75,18,608,82.35,8.842,20879.2,15.17,91.33,68,1,1
1/8/2024 10:00,D001,VH001,Volkswagen,ID.4,77,520,2100,150,1,54.36,1.07,794.52,58,115,0,0,1,8,Clear,Medium,20,52,41,18,608,82.35,8.366,20933.6,15.19,91.33,68,1,1
1/8/2024 12:00,D001,VH001,Volkswagen,ID.4,77,520,2100,150,0,42.04,1.16,768.37,67,99,0,1,0,32,Rain,Low,15,74,66,18,609,82.35,6.129,20975.7,15.24,91.3,68,1,1
1/8/2024 14:00,D001,VH001,Volkswagen,ID.4,77,520,2100,150,1,118.51,1.71,1832.38,77,103,0,1,0,10,Clear,Low,17,57,33,20,609,82.35,18.239,21094.2,15.32,91.26,68,1,1
1/8/2024 16:00,D001,VH001,Volkswagen,ID.4,77,520,2100,150,1,83.46,1.47,1035.1,63,99,0,0,2,9,Clear,Medium,12,67,50,18.6,609,82.35,12.844,21177.6,15.35,91.25,68,1,1
1/8/2024 18:00,D001,VH001,Volkswagen,ID.4,77,520,2100,150,0,55.26,1.73,895.59,47,88,0,1,0,33,Clear,Medium,23,73,61,18.7,609,82.35,8.952,21232.9,15.41,91.21,68,1,1
1/8/2024 20:00,D001,VH001,Volkswagen,ID.4,77,520,2100,150,1,135.11,1.93,1516.28,73,125,0,0,1,5,Cloudy,Medium,23,56,30,30.1,609,82.35,19.962,21368,15.46,91.2,68,1,1
1/8/2024 22:00,D001,VH001,Volkswagen,ID.4,77,520,2100,150,1,77.21,1.2,1271.99,68,111,0,0,0,4,Clear,Medium,19,69,53,21.2,609,82.34,11.883,21445.2,15.49,91.19,68,1,1
1/9/2024 0:00,D001,VH001,Volkswagen,ID.4,77,520,2100,150,0,46.9,2.24,762.89,26,80,0,1,1,26,Fog,High,19,59,50,18,609,82.34,6.61,21492.1,15.54,91.16,69,1,1
1/9/2024 2:00,D001,VH001,Volkswagen,ID.4,77,520,2100,150,0,26.91,1,525.67,46,72,0,3,3,25,Cloudy,High,15,71,65,18,609,82.34,4.185,21519,15.67,91.08,69,1,1
1/9/2024 4:00,D001,VH001,Volkswagen,ID.4,77,520,2100,150,1,111.69,1.47,1631.59,87,103,1,0,1,11,Fog,Medium,20,73,53,21,609,82.34,15.254,21630.7,15.71,91.07,69,1,1
1/9/2024 6:00,D001,VH001,Volkswagen,ID.4,77,520,2100,150,0,40.5,1.24,416.32,48,82,0,1,1,24,Clear,High,14,57,48,18,609,82.34,6.561,21671.2,15.77,91.04,69,1,1
1/9/2024 8:00,D001,VH001,Volkswagen,ID.4,77,520,2100,150,0,9.15,0.49,107.16,41,89,0,0,0,16,Rain,Medium,12,92,90,18,609,82.34,1.334,21680.3,15.77,91.04,69,1,1
1/9/2024 10:00,D001,VH001,Volkswagen,ID.4,77,520,2100,150,1,116.27,1.84,1647.33,67,99,0,1,1,6,Rain,Low,21,77,56,21.9,609,82.34,16.105,21796.6,15.85,91,69,1,1
1/9/2024 12:00,D001,VH001,Volkswagen,ID.4,77,520,2100,150,0,16.66,0.76,209.38,35,71,0,1,0,17,Cloudy,Medium,17,62,58,18,609,82.34,2.591,21813.3,15.9,90.97,69,1,1
1/9/2024 14:00,D001,VH001,Volkswagen,ID.4,77,520,2100,150,0,30.03,0.92,363.73,51,75,0,0,0,20,Clear,Low,22,67,60,18,609,82.34,4.865,21843.3,15.91,90.97,69,1,1
1/9/2024 16:00,D001,VH001,Volkswagen,ID.4,77,520,2100,150,0,18.45,0.85,305.06,48,83,0,1,0,28,Fog,High,19,83,79,18,609,82.34,2.6,21861.8,15.95,90.94,69,1,1
1/9/2024 18:00,D001,VH001,Volkswagen,ID.4,77,520,2100,150,1,148.48,2.32,2500.84,68,102,0,1,2,8,Clear,Medium,24,79,49,28.5,609,82.34,22.851,22010.2,16.04,90.9,69,1,0
1/9/2024 20:00,D001,VH001,Volkswagen,ID.4,77,520,2100,150,0,43,1.73,597.29,32,88,0,0,0,23,Rain,Low,17,79,70,18,609,82.34,6.269,22053.2,16.06,90.89,69,1,1
1/9/2024 22:00,D001,VH001,Volkswagen,ID.4,77,520,2100,150,0,35,1.11,693.95,39,74,0,2,0,13,Rain,Medium,14,67,60,18,609,82.34,5.103,22088.2,16.15,90.84,69,1,1
1/10/2024 0:00,D001,VH001,Volkswagen,ID.4,77,520,2100,150,0,19.18,0.76,219.04,59,84,0,0,1,26,Clear,High,15,60,55,18,609,82.34,3.107,22107.4,16.16,90.83,70,1,1
1/10/2024 2:00,D001,VH001,Volkswagen,ID.4,77,520,2100,150,0,25.09,1.31,426.49,39,98,0,1,0,40,Clear,Medium,22,73,67,18,610,82.34,4.065,22132.5,16.21,90.81,70,1,1
1/10/2024 4:00,D001,VH001,Volkswagen,ID.4,77,520,2100,150,1,63.23,1.09,1197.09,65,91,0,1,0,7,Clear,Medium,20,88,75,18,610,82.34,9.731,22195.7,16.27,90.77,70,1,1
1/10/2024 6:00,D001,VH001,Volkswagen,ID.4,77,520,2100,150,0,21.9,0.6,381.5,50,83,0,3,1,10,Clear,Medium,16,83,78,18,610,82.34,3.548,22217.6,16.4,90.7,70,1,1
1/10/2024 8:00,D001,VH001,Volkswagen,ID.4,77,520,2100,150,0,56.34,1.81,742.17,40,103,0,0,0,24,Clear,High,13,57,45,18,610,82.34,9.127,22274,16.42,90.69,70,1,1
1/10/2024 10:00,D001,VH001,Volkswagen,ID.4,77,520,2100,150,1,113.96,1.94,1287.95,63,102,1,1,0,8,Clear,Medium,20,84,60,24.8,610,82.34,17.889,22387.9,16.5,90.65,70,1,1
1/10/2024 12:00,D001,VH001,Volkswagen,ID.4,77,520,2100,150,0,51.99,1.51,639.79,49,83,0,1,0,27,Fog,High,21,71,61,18,610,82.34,7.327,22439.9,16.55,90.62,70,1,1
1/10/2024 14:00,D001,VH001,Volkswagen,ID.4,77,520,2100,150,1,131.86,1.6,2310.6,87,114,0,0,0,5,Fog,Medium,16,62,39,22.3,610,82.33,17.655,22571.8,16.6,90.6,70,1,1
1/10/2024 16:00,D001,VH001,Volkswagen,ID.4,77,520,2100,150,0,26.55,0.91,308.15,39,68,0,0,1,14,Clear,Medium,12,73,67,18,610,82.33,4.301,22598.3,16.61,90.6,70,1,1
1/10/2024 18:00,D001,VH001,Volkswagen,ID.4,77,520,2100,150,1,138.94,2.27,2361.21,63,114,0,1,1,4,Cloudy,Medium,16,80,53,22.9,610,82.33,20.528,22737.3,16.7,90.56,70,1,1
1/10/2024 20:00,D001,VH001,Volkswagen,ID.4,77,520,2100,150,1,120.87,1.79,1711.5,73,99,0,0,1,8,Rain,Low,27,76,54,25.2,610,82.33,16.742,22858.1,16.74,90.54,70,1,1
1/10/2024 22:00,D001,VH001,Volkswagen,ID.4,77,520,2100,150,0,33.42,1.16,483.84,38,71,0,1,0,17,Rain,Medium,20,66,59,18,610,82.33,4.873,22891.6,16.79,90.52,70,1,1
1/11/2024 0:00,D001,VH001,Volkswagen,ID.4,77,520,2100,150,0,15.9,0.85,212.68,46,70,0,1,1,30,Clear,Medium,16,48,44,18,610,82.33,2.576,22907.5,16.84,90.49,71,1,0
1/11/2024 2:00,D001,VH001,Volkswagen,ID.4,77,520,2100,150,0,9.11,0.68,108.13,51,79,0,0,0,30,Clear,Medium,12,80,78,18,610,82.33,1.476,22916.6,16.84,90.49,71,1,1
1/11/2024 4:00,D001,VH001,Volkswagen,ID.4,77,520,2100,150,0,15.75,0.62,167.99,47,82,0,0,0,17,Rain,Medium,22,72,69,18,610,82.33,2.296,22932.3,16.85,90.49,71,1,0
1/11/2024 6:00,D001,VH001,Volkswagen,ID.4,77,520,2100,150,1,65.08,1.05,873.98,71,115,1,0,2,8,Rain,Medium,19,74,62,18,610,82.33,9.195,22997.4,16.87,90.48,71,1,1
1/11/2024 8:00,D001,VH001,Volkswagen,ID.4,77,520,2100,150,0,16.23,0.9,246.29,46,96,0,0,0,33,Rain,Medium,17,61,57,18,610,82.33,2.366,23013.6,16.88,90.48,71,1,1
1/11/2024 10:00,D001,VH001,Volkswagen,ID.4,77,520,2100,150,1,148.46,2.11,2498.24,72,118,0,0,1,3,Fog,Medium,21,79,53,23.6,610,82.33,19.878,23162.1,16.93,90.46,71,1,1
1/11/2024 12:00,D001,VH001,Volkswagen,ID.4,77,520,2100,150,1,56.68,0.92,637.75,72,101,0,2,1,8,Clear,Low,15,91,79,18,610,82.33,8.723,23218.8,17.03,90.4,71,1,1
1/11/2024 14:00,D001,VH001,Volkswagen,ID.4,77,520,2100,150,0,57.94,2.26,977.12,36,98,0,2,0,39,Clear,High,17,72,59,21.3,610,82.33,9.386,23276.7,17.13,90.34,71,1,1
1/11/2024 16:00,D001,VH001,Volkswagen,ID.4,77,520,2100,150,0,28.42,1.05,302.49,34,76,0,0,0,13,Clear,High,24,66,60,18,611,82.33,4.604,23305.1,17.14,90.34,71,1,1
1/11/2024 18:00,D001,VH001,Volkswagen,ID.4,77,520,2100,150,0,28.71,1.19,318.36,38,88,0,0,1,26,Clear,Medium,16,63,56,18,611,82.33,4.651,23333.8,17.15,90.34,71,1,1
1/11/2024 20:00,D001,VH001,Volkswagen,ID.4,77,520,2100,150,1,137.14,2.35,2586.79,62,90,0,1,2,8,Cloudy,Medium,25,86,59,24.2,611,82.33,20.262,23471,17.24,90.3,71,1,1
1/11/2024 22:00,D001,VH001,Volkswagen,ID.4,77,520,2100,150,0,34.61,1.29,529.91,49,77,0,0,2,35,Rain,High,11,71,64,18,611,82.33,5.046,23505.6,17.25,90.29,71,1,1
1/12/2024 0:00,D001,VH001,Volkswagen,ID.4,77,520,2100,150,0,37.01,1.2,717.04,37,95,0,0,0,12,Clear,Medium,11,70,62,18,611,82.33,5.996,23542.6,17.26,90.29,72,1,1
1/12/2024 2:00,D001,VH001,Volkswagen,ID.4,77,520,2100,150,0,34.52,1.43,478.84,36,70,0,0,0,28,Clear,Medium,15,73,65,18,611,82.33,5.592,23577.1,17.27,90.28,72,1,1
1/12/2024 4:00,D001,VH001,Volkswagen,ID.4,77,520,2100,150,1,141.09,2.21,2455.42,67,106,0,0,1,6,Cloudy,Medium,19,86,58,26.6,611,82.32,20.845,23718.2,17.32,90.27,72,1,1
1/12/2024 6:00,D001,VH001,Volkswagen,ID.4,77,520,2100,150,0,35.08,1.1,368.19,48,82,0,0,1,22,Clear,Medium,23,71,63,18,611,82.32,5.683,23753.3,17.33,90.26,72,1,1
1/12/2024 8:00,D001,VH001,Volkswagen,ID.4,77,520,2100,150,0,41.78,1.29,802.58,55,84,0,0,1,32,Cloudy,Medium,24,61,52,18,611,82.32,6.498,23795.1,17.35,90.26,72,1,1
1/12/2024 10:00,D001,VH001,Volkswagen,ID.4,77,520,2100,150,0,26.69,1.25,503.54,35,80,0,2,1,29,Rain,Low,15,67,61,18,611,82.32,3.891,23821.8,17.44,90.2,72,1,1
1/12/2024 12:00,D001,VH001,Volkswagen,ID.4,77,520,2100,150,0,41.36,1.59,649.82,32,83,0,1,0,18,Cloudy,Medium,20,54,45,18,611,82.32,6.432,23863.1,17.49,90.17,72,1,1
1/12/2024 14:00,D001,VH001,Volkswagen,ID.4,77,520,2100,150,1,106.97,1.93,1941.66,57,108,0,3,0,3,Clear,Medium,19,59,37,21.8,611,82.32,16.463,23970.1,17.65,90.09,72,1,1
1/12/2024 16:00,D001,VH001,Volkswagen,ID.4,77,520,2100,150,0,35.01,1.17,480.87,52,72,0,0,2,30,Clear,Medium,18,72,64,18,611,82.32,5.672,24005.1,17.66,90.08,72,1,1
1/12/2024 18:00,D001,VH001,Volkswagen,ID.4,77,520,2100,150,0,40.7,1.53,750.89,36,97,0,0,2,24,Clear,Medium,16,69,60,18,611,82.32,6.593,24045.8,17.68,90.08,72,1,1
1/12/2024 20:00,D001,VH001,Volkswagen,ID.4,77,520,2100,150,0,31.84,1.14,445.38,50,98,0,0,0,30,Fog,High,15,66,60,18,611,82.32,4.488,24077.6,17.69,90.07,72,1,1
1/12/2024 22:00,D001,VH001,Volkswagen,ID.4,77,520,2100,150,0,39.05,1.61,643.26,42,95,0,0,0,41,Clear,Low,17,70,61,18,611,82.32,6.326,24116.7,17.7,90.07,72,1,1
1/13/2024 0:00,D001,VH001,Volkswagen,ID.4,77,520,2100,150,0,16.96,0.98,264.72,33,78,0,1,0,28,Rain,High,17,58,54,18,611,82.32,2.473,24133.7,17.75,90.04,73,1,1
1/13/2024 2:00,D001,VH001,Volkswagen,ID.4,77,520,2100,150,0,52.86,1.93,654.58,37,68,0,1,0,30,Clear,Medium,16,80,68,18,611,82.32,8.563,24186.5,17.81,90.01,73,1,1
1/13/2024 4:00,D001,VH001,Volkswagen,ID.4,77,520,2100,150,0,53.54,2.01,1017.29,31,103,0,2,1,17,Clear,Medium,18,75,63,18,611,82.32,8.673,24240.1,17.9,89.95,73,1,1
1/13/2024 6:00,D001,VH001,Volkswagen,ID.4,77,520,2100,150,0,37.56,1.42,400.69,44,82,0,1,1,34,Clear,Low,15,56,48,18,611,82.32,6.085,24277.6,17.96,89.92,73,1,1
1/13/2024 8:00,D001,VH001,Volkswagen,ID.4,77,520,2100,150,0,38.45,1.51,717.98,43,77,1,1,1,37,Clear,High,17,67,58,18,611,82.32,6.353,24316.1,18.01,89.89,73,1,0
1/13/2024 10:00,D001,VH001,Volkswagen,ID.4,77,520,2100,150,0,44.43,1.42,691.51,49,88,0,1,1,31,Cloudy,Medium,20,72,63,18,611,82.32,6.91,24360.5,18.07,89.86,73,1,1
1/13/2024 12:00,D001,VH001,Volkswagen,ID.4,77,520,2100,150,0,52.5,1.62,936.1,46,87,0,0,0,29,Clear,Medium,16,78,66,18,612,82.32,8.505,24413,18.09,89.86,73,1,1
1/13/2024 14:00,D001,VH001,Volkswagen,ID.4,77,520,2100,150,1,150.32,2.04,2008.53,78,101,0,0,1,7,Clear,Medium,18,55,24,28.1,612,82.32,23.134,24563.3,18.14,89.84,73,1,1
1/13/2024 16:00,D001,VH001,Volkswagen,ID.4,77,520,2100,150,0,22.82,0.84,308.6,47,100,0,1,0,21,Fog,Low,18,92,87,18,612,82.32,3.216,24586.1,18.19,89.81,73,1,1
1/13/2024 18:00,D001,VH001,Volkswagen,ID.4,77,520,2100,150,0,9.46,0.62,167.95,50,68,0,1,0,26,Cloudy,High,12,66,64,18,612,82.32,1.471,24595.6,18.23,89.79,73,1,1
1/13/2024 20:00,D001,VH001,Volkswagen,ID.4,77,520,2100,150,0,58.17,1.75,951.52,42,91,0,1,2,22,Rain,Low,24,77,65,18.4,612,82.32,8.481,24653.8,18.29,89.75,73,1,1
1/13/2024 22:00,D001,VH001,Volkswagen,ID.4,77,520,2100,150,1,166.9,2.74,1798.37,64,106,0,1,0,8,Clear,Medium,18,66,32,31.4,612,82.31,25.686,24820.7,18.39,89.71,73,1,0
1/14/2024 0:00,D001,VH001,Volkswagen,ID.4,77,520,2100,150,1,103.66,1.68,1064.06,65,111,0,4,0,5,Clear,Medium,27,72,51,25.4,612,82.31,15.953,24924.3,18.58,89.6,74,1,1
1/14/2024 2:00,D001,VH001,Volkswagen,ID.4,77,520,2100,150,0,11.69,0.62,142.55,49,82,0,2,0,23,Cloudy,Medium,22,66,63,18,612,82.31,1.818,24936,18.67,89.54,74,1,1
1/14/2024 4:00,D001,VH001,Volkswagen,ID.4,77,520,2100,150,1,167.14,2.08,2657.41,85,97,0,1,2,7,Clear,Medium,18,44,10,27.5,612,82.31,25.723,25103.2,18.77,89.5,74,1,1
1/14/2024 6:00,D001,VH001,Volkswagen,ID.4,77,520,2100,150,0,20.61,0.69,265.82,57,72,0,1,0,20,Clear,Low,28,76,71,18,612,82.31,3.339,25123.8,18.81,89.47,74,1,1
1/14/2024 8:00,D001,VH001,Volkswagen,ID.4,77,520,2100,150,1,153.54,2.37,2839.36,68,115,0,1,2,7,Clear,Medium,8,50,19,23.8,612,82.31,23.63,25277.3,18.91,89.43,74,1,1
1/14/2024 10:00,D001,VH001,Volkswagen,ID.4,77,520,2100,150,0,15.95,0.82,167.01,40,71,0,0,2,25,Clear,Medium,26,71,67,18,612,82.31,2.584,25293.3,18.91,89.43,74,1,1
1/14/2024 12:00,D001,VH001,Volkswagen,ID.4,77,520,2100,150,0,58.69,1.84,657.57,46,98,0,0,2,34,Fog,Low,24,70,59,18,612,82.31,8.272,25351.9,18.93,89.42,74,1,0
1/14/2024 14:00,D001,VH001,Volkswagen,ID.4,77,520,2100,150,1,140.1,1.83,2260.01,80,116,1,1,0,5,Clear,Medium,19,78,49,23.2,612,82.31,21.993,25492,19.02,89.38,74,1,1
1/14/2024 16:00,D001,VH001,Volkswagen,ID.4,77,520,2100,150,0,61.65,1.73,1028.34,50,88,1,0,1,30,Cloudy,Medium,14,71,58,18,613,82.31,9.78,25553.7,19.04,89.37,74,1,1
1/14/2024 18:00,D001,VH001,Volkswagen,ID.4,77,520,2100,150,0,16,0.74,226.69,59,86,0,0,0,28,Rain,Medium,20,62,58,18,613,82.31,2.333,25569.7,19.05,89.37,74,1,1
1/14/2024 20:00,D001,VH001,Volkswagen,ID.4,77,520,2100,150,1,51.57,0.74,933.49,77,94,0,0,2,4,Clear,Medium,20,72,61,18,613,82.31,7.937,25621.3,19.07,89.36,74,1,1
1/14/2024 22:00,D001,VH001,Volkswagen,ID.4,77,520,2100,150,0,13.19,0.93,150.58,32,85,0,0,0,31,Rain,Medium,15,49,46,18,613,82.31,1.923,25634.5,19.07,89.36,74,1,1
1/15/2024 0:00,D001,VH001,Volkswagen,ID.4,77,520,2100,150,0,45.5,1.32,499.83,47,79,0,2,2,21,Cloudy,Medium,22,81,71,18,613,82.31,7.076,25680,19.17,89.31,75,1,1
1/15/2024 2:00,D001,VH001,Volkswagen,ID.4,77,520,2100,150,1,80.3,1.08,1102.37,82,112,0,0,1,6,Clear,Medium,17,78,61,18,613,82.31,12.358,25760.3,19.2,89.3,75,1,1
1/15/2024 4:00,D001,VH001,Volkswagen,ID.4,77,520,2100,150,1,54.18,0.86,691.94,75,92,0,2,1,8,Fog,Low,23,68,58,18,613,82.3,7.254,25814.4,19.3,89.24,75,1,1
1/15/2024 6:00,D001,VH001,Volkswagen,ID.4,77,520,2100,150,0,12.68,0.58,139.45,54,83,0,2,1,21,Clear,Medium,14,58,55,18,613,82.3,2.054,25827.1,19.38,89.19,75,1,1
1/15/2024 8:00,D001,VH001,Volkswagen,ID.4,77,520,2100,150,1,57.09,0.92,1073.42,71,104,1,0,1,7,Clear,Medium,11,77,65,18,613,82.3,8.962,25884.2,19.4,89.18,75,1,1
1/15/2024 10:00,D001,VH001,Volkswagen,ID.4,77,520,2100,150,0,56.44,1.72,873.47,47,81,0,0,0,31,Fog,Medium,17,44,33,18,613,82.3,7.955,25940.6,19.42,89.17,75,1,1
1/15/2024 12:00,D001,VH001,Volkswagen,ID.4,77,520,2100,150,0,46.63,1.53,544.78,47,68,0,2,2,32,Clear,Medium,14,69,59,18,613,82.3,7.554,25987.3,19.52,89.12,75,1,1
1/15/2024 14:00,D001,VH001,Volkswagen,ID.4,77,520,2100,150,1,55.5,0.83,558.52,80,103,0,0,1,8,Clear,Low,17,71,59,18,613,82.3,8.541,26042.8,19.54,89.11,75,1,1
1/15/2024 16:00,D001,VH001,Volkswagen,ID.4,77,520,2100,150,1,140.66,2.08,1781.92,73,104,0,0,0,9,Rain,Low,17,50,24,22.7,613,82.3,19.483,26183.4,19.58,89.1,75,1,1
1/15/2024 18:00,D001,VH001,Volkswagen,ID.4,77,520,2100,150,0,47.64,1.27,879.36,55,79,0,1,0,24,Clear,Medium,15,73,62,18,613,82.3,7.718,26231.1,19.64,89.06,75,1,0
1/15/2024 20:00,D001,VH001,Volkswagen,ID.4,77,520,2100,150,0,25.49,1.08,482.13,43,94,0,0,1,29,Rain,Low,17,61,56,18,613,82.3,3.716,26256.6,19.65,89.06,75,1,1
1/15/2024 22:00,D001,VH001,Volkswagen,ID.4,77,520,2100,150,1,147.93,2.39,2086.5,65,89,0,0,0,7,Rain,Low,18,63,36,23.2,613,82.3,20.49,26404.5,19.7,89.04,75,1,1
1/16/2024 0:00,D001,VH001,Volkswagen,ID.4,77,520,2100,150,1,74.79,1,974.04,82,116,0,3,1,5,Clear,Medium,17,85,70,18,613,82.3,11.51,26479.3,19.85,88.96,76,1,1
1/16/2024 2:00,D001,VH001,Volkswagen,ID.4,77,520,2100,150,0,46.75,1.53,626.4,44,91,0,1,1,28,Cloudy,High,23,45,35,18,613,82.3,7.271,26526,19.9,88.93,76,1,1
1/16/2024 4:00,D001,VH001,Volkswagen,ID.4,77,520,2100,150,0,62.41,2.15,1069.08,37,71,0,0,0,28,Clear,High,23,56,42,18,613,82.3,10.11,26588.4,19.93,88.92,76,1,1
1/16/2024 6:00,D001,VH001,Volkswagen,ID.4,77,520,2100,150,1,179.91,2.74,2626.74,69,105,0,1,3,8,Fog,Medium,13,70,38,23.8,614,82.3,24.089,26768.4,20.03,88.88,76,1,1
1/16/2024 8:00,D001,VH001,Volkswagen,ID.4,77,520,2100,150,0,22.9,1.07,243.81,39,70,0,3,0,29,Rain,High,21,67,62,18,614,82.3,3.339,26791.3,20.16,88.8,76,1,0
1/16/2024 10:00,D001,VH001,Volkswagen,ID.4,77,520,2100,150,1,70.32,1.06,1088.02,73,101,0,1,0,6,Clear,Low,19,64,49,19.8,614,82.3,10.822,26861.6,20.22,88.76,76,1,1
1/16/2024 12:00,D001,VH001,Volkswagen,ID.4,77,520,2100,150,1,74.5,1.16,1447.07,69,103,0,0,0,5,Clear,Medium,26,69,54,18.7,614,82.29,11.466,26936.1,20.25,88.75,76,1,1
1/16/2024 14:00,D001,VH001,Volkswagen,ID.4,77,520,2100,150,1,153.97,2.66,2807.58,61,107,0,2,1,8,Rain,Low,20,64,36,27.6,614,82.29,21.326,27090,20.38,88.69,76,1,1
1/16/2024 16:00,D001,VH001,Volkswagen,ID.4,77,520,2100,150,0,33.2,1.47,608.76,36,71,0,2,3,33,Cloudy,Medium,19,92,85,18,614,82.29,5.163,27123.2,20.47,88.63,76,1,1
1/16/2024 18:00,D001,VH001,Volkswagen,ID.4,77,520,2100,150,0,54.1,1.9,804.07,39,76,0,2,0,31,Clear,Low,17,59,47,18,614,82.29,8.764,27177.3,20.57,88.58,76,1,1
1/16/2024 20:00,D001,VH001,Volkswagen,ID.4,77,520,2100,150,0,60.19,2.25,1035.69,38,66,0,1,1,40,Clear,Low,12,68,55,18,614,82.29,9.751,27237.5,20.63,88.54,76,1,1
1/16/2024 22:00,D001,VH001,Volkswagen,ID.4,77,520,2100,150,0,57.62,1.66,932.01,45,76,0,0,1,23,Clear,Low,18,58,45,18,614,82.29,9.334,27295.2,20.65,88.54,76,1,1
1/17/2024 0:00,D001,VH001,Volkswagen,ID.4,77,520,2100,150,0,26.35,1.03,365.18,43,91,0,0,0,25,Fog,Low,15,62,57,18,614,82.29,3.714,27321.5,20.66,88.53,77,1,1
1/17/2024 2:00,D001,VH001,Volkswagen,ID.4,77,520,2100,150,0,29.56,0.92,489.16,49,97,0,1,0,19,Clear,Medium,24,78,71,18,614,82.29,4.789,27351.1,20.71,88.51,77,1,1
1/17/2024 4:00,D001,VH001,Volkswagen,ID.4,77,520,2100,150,0,42.86,1.2,573.62,57,72,0,1,1,27,Clear,Medium,17,66,56,18,614,82.29,6.943,27393.9,20.77,88.47,77,1,1
1/17/2024 6:00,D001,VH001,Volkswagen,ID.4,77,520,2100,150,1,61.55,1.21,775.65,54,111,0,2,0,4,Clear,Medium,31,76,63,22.6,614,82.29,9.473,27455.5,20.87,88.42,77,1,1
1/17/2024 8:00,D001,VH001,Volkswagen,ID.4,77,520,2100,150,1,171.1,2.84,2142.04,62,115,1,1,0,5,Cloudy,Medium,14,51,17,28.3,614,82.29,25.785,27626.6,20.97,88.37,77,1,1
1/17/2024 10:00,D001,VH001,Volkswagen,ID.4,77,520,2100,150,0,62.64,1.93,628.07,46,65,0,2,0,34,Cloudy,Medium,18,68,55,18,614,82.29,9.742,27689.2,21.07,88.31,77,1,1
1/17/2024 12:00,D001,VH001,Volkswagen,ID.4,77,520,2100,150,1,96.41,1.4,1241.58,73,109,1,1,0,5,Fog,Medium,17,79,61,18.3,614,82.29,13.167,27785.6,21.15,88.28,77,1,1
1/17/2024 14:00,D001,VH001,Volkswagen,ID.4,77,520,2100,150,1,77.82,1.12,1000.71,76,111,0,1,1,6,Clear,Medium,16,50,34,18,615,82.29,11.976,27863.4,21.21,88.24,77,1,1
1/17/2024 16:00,D001,VH001,Volkswagen,ID.4,77,520,2100,150,0,11.61,0.61,191.25,55,68,0,1,0,24,Fog,Medium,8,71,68,18,615,82.29,1.636,27875.1,21.26,88.22,77,1,1
1/17/2024 18:00,D001,VH001,Volkswagen,ID.4,77,520,2100,150,1,175.46,2.9,3109.78,63,112,0,2,0,7,Fog,Medium,15,79,48,24.8,615,82.29,23.493,28050.5,21.4,88.15,77,1,1
1/17/2024 20:00,D001,VH001,Volkswagen,ID.4,77,520,2100,150,0,27.8,0.95,291.13,44,100,0,1,1,19,Fog,Medium,11,66,60,18,615,82.28,3.918,28078.3,21.45,88.12,77,1,1
1/17/2024 22:00,D001,VH001,Volkswagen,ID.4,77,520,2100,150,0,20.95,1,395.24,35,88,0,0,1,24,Rain,High,23,60,56,18,615,82.28,3.055,28099.3,21.46,88.12,77,1,1
1/18/2024 0:00,D001,VH001,Volkswagen,ID.4,77,520,2100,150,0,19.81,0.92,372.26,41,74,0,1,2,26,Fog,Medium,18,62,58,18,615,82.28,2.792,28119.1,21.5,88.09,78,1,1
1/18/2024 2:00,D001,VH001,Volkswagen,ID.4,77,520,2100,150,0,13.55,0.63,218.04,49,99,0,1,1,21,Rain,High,19,65,62,18,615,82.28,1.976,28132.6,21.55,88.06,78,1,0
1/18/2024 4:00,D001,VH001,Volkswagen,ID.4,77,520,2100,150,0,44.44,1.68,486.51,44,80,0,0,0,40,Clear,Medium,16,49,39,18,615,82.28,7.199,28177.1,21.56,88.06,78,1,1
1/18/2024 6:00,D001,VH001,Volkswagen,ID.4,77,520,2100,150,0,45.83,1.54,911.23,45,93,0,1,1,31,Fog,Low,13,83,74,18,615,82.28,6.459,28222.9,21.62,88.03,78,1,1
1/18/2024 8:00,D001,VH001,Volkswagen,ID.4,77,520,2100,150,0,37.13,1.53,722.05,35,76,0,1,3,28,Rain,High,16,83,75,18,615,82.28,5.414,28260,21.67,88,78,1,1
1/18/2024 10:00,D001,VH001,Volkswagen,ID.4,77,520,2100,150,0,10.76,0.71,143.72,44,81,0,0,1,28,Rain,Low,18,60,57,18,615,82.28,1.569,28270.8,21.68,87.99,78,1,1
1/18/2024 12:00,D001,VH001,Volkswagen,ID.4,77,520,2100,150,1,99.26,1.43,1896.78,73,103,0,0,1,4,Clear,Low,17,46,26,24.9,615,82.28,15.276,28370,21.71,87.98,78,1,1
1/18/2024 14:00,D001,VH001,Volkswagen,ID.4,77,520,2100,150,0,61.68,1.68,651.99,50,89,0,2,2,27,Clear,High,20,61,48,18.5,615,82.28,9.992,28431.7,21.81,87.93,78,1,1
1/18/2024 16:00,D001,VH001,Volkswagen,ID.4,77,520,2100,150,0,28.79,1.15,366.87,40,89,0,1,1,26,Fog,Medium,17,57,51,18,615,82.28,4.058,28460.5,21.86,87.9,78,1,1
1/18/2024 18:00,D001,VH001,Volkswagen,ID.4,77,520,2100,150,0,51.21,1.75,895.06,45,82,0,1,0,37,Rain,High,28,58,48,18,615,82.28,7.466,28511.7,21.92,87.87,78,1,1
1/18/2024 20:00,D001,VH001,Volkswagen,ID.4,77,520,2100,150,0,62.68,1.7,784.26,50,69,0,2,3,27,Fog,Medium,12,45,33,18,615,82.28,8.834,28574.4,22.02,87.81,78,1,1
1/18/2024 22:00,D001,VH001,Volkswagen,ID.4,77,520,2100,150,1,164.85,2.65,3276.15,65,106,0,0,0,7,Clear,Medium,19,74,41,29.1,615,82.28,25.37,28739.3,22.08,87.79,78,1,1
1/19/2024 0:00,D001,VH001,Volkswagen,ID.4,77,520,2100,150,0,50.7,1.64,794.42,42,92,0,1,0,26,Rain,Medium,16,65,55,18,615,82.28,7.392,28790,22.14,87.76,79,1,1
1/19/2024 2:00,D001,VH001,Volkswagen,ID.4,77,520,2100,150,0,23.08,0.98,250.35,45,80,0,0,0,28,Rain,Medium,15,75,70,18,615,82.28,3.365,28813,22.15,87.75,79,1,1
1/19/2024 4:00,D001,VH001,Volkswagen,ID.4,77,520,2100,150,1,74.04,1.21,1280.09,68,92,1,1,0,7,Rain,Low,13,54,40,18,615,82.28,10.46,28887.1,22.21,87.72,79,1,1
1/19/2024 6:00,D001,VH001,Volkswagen,ID.4,77,520,2100,150,0,45.41,1.5,588.28,44,95,0,0,0,28,Clear,Low,20,74,64,18,615,82.28,7.356,28932.5,22.23,87.72,79,1,1
1/19/2024 8:00,D001,VH001,Volkswagen,ID.4,77,520,2100,150,0,49.86,1.4,627.8,44,62,0,0,1,16,Rain,Low,26,71,61,19,616,82.28,7.27,28982.3,22.24,87.71,79,1,1
1/19/2024 10:00,D001,VH001,Volkswagen,ID.4,77,520,2100,150,1,60.36,1.02,716.76,67,110,0,1,1,7,Cloudy,Medium,14,83,71,18,616,82.28,8.918,29042.7,22.31,87.68,79,1,1
1/19/2024 12:00,D001,VH001,Volkswagen,ID.4,77,520,2100,150,0,46.91,1.6,895.6,47,79,0,0,1,36,Clear,Low,24,59,49,18,616,82.28,7.599,29089.6,22.32,87.67,79,1,1
1/19/2024 14:00,D001,VH001,Volkswagen,ID.4,77,520,2100,150,0,32.55,0.98,401.75,50,88,0,0,1,20,Rain,Medium,20,64,57,18,616,82.28,4.746,29122.2,22.33,87.67,79,1,1
1/19/2024 16:00,D001,VH001,Volkswagen,ID.4,77,520,2100,150,1,160.28,2.1,3091.75,80,99,0,1,0,6,Fog,Low,15,84,56,23.7,616,82.27,21.46,29282.4,22.43,87.62,79,1,1
1/19/2024 18:00,D001,VH001,Volkswagen,ID.4,77,520,2100,150,0,42.58,1.39,835.8,48,85,0,1,1,30,Fog,Medium,18,74,66,18,616,82.27,6.001,29325,22.48,87.59,79,1,1
1/19/2024 20:00,D001,VH001,Volkswagen,ID.4,77,520,2100,150,0,17.56,0.99,282.19,37,108,0,0,0,31,Cloudy,Medium,18,70,66,18,616,82.27,2.731,29342.6,22.49,87.59,79,1,0
1/19/2024 22:00,D001,VH001,Volkswagen,ID.4,77,520,2100,150,0,15.27,0.89,248.67,43,74,0,0,1,32,Clear,Medium,19,68,64,18,616,82.27,2.474,29357.9,22.5,87.59,79,1,1
1/20/2024 0:00,D001,VH001,Volkswagen,ID.4,77,520,2100,150,0,51.24,1.33,985.83,48,78,0,1,0,16,Clear,Medium,26,81,70,18,616,82.27,8.301,29409.1,22.55,87.56,80,1,1
1/20/2024 2:00,D001,VH001,Volkswagen,ID.4,77,520,2100,150,1,55.32,0.89,786.87,70,125,0,1,1,6,Rain,Medium,15,58,48,18,616,82.27,7.662,29464.4,22.61,87.53,80,1,1
1/20/2024 4:00,D001,VH001,Volkswagen,ID.4,77,520,2100,150,1,74.28,1.17,1483.5,72,93,0,0,2,8,Rain,Medium,20,62,48,18,616,82.27,10.289,29538.7,22.64,87.52,80,1,1
1/20/2024 6:00,D001,VH001,Volkswagen,ID.4,77,520,2100,150,1,85.91,1.18,1291.65,82,99,0,2,1,8,Clear,Low,22,55,37,20.3,616,82.27,13.222,29624.6,22.75,87.46,80,1,1
1/20/2024 8:00,D001,VH001,Volkswagen,ID.4,77,520,2100,150,1,76.95,1.53,1336.5,55,105,0,2,1,8,Clear,Low,22,51,35,24,616,82.27,11.843,29701.6,22.86,87.4,80,1,1
1/20/2024 10:00,D001,VH001,Volkswagen,ID.4,77,520,2100,150,0,23.26,0.57,240.4,56,76,0,3,0,9,Clear,Medium,23,84,79,18,616,82.27,3.768,29724.8,22.98,87.32,80,1,1
1/20/2024 12:00,D001,VH001,Volkswagen,ID.4,77,520,2100,150,0,10.03,0.74,154.76,34,82,0,0,1,27,Clear,Low,23,75,72,18,616,82.27,1.625,29734.8,22.99,87.32,80,1,1
1/20/2024 14:00,D001,VH001,Volkswagen,ID.4,77,520,2100,150,1,137.81,1.85,2374.75,81,95,1,3,0,9,Rain,Medium,11,56,30,23.1,616,82.27,19.47,29872.7,23.16,87.23,80,1,1
1/20/2024 16:00,D001,VH001,Volkswagen,ID.4,77,520,2100,150,0,33.8,1.87,573.55,27,78,1,0,0,37,Rain,Medium,22,72,65,18,616,82.27,5.027,29906.5,23.17,87.22,80,1,1
1/20/2024 18:00,D001,VH001,Volkswagen,ID.4,77,520,2100,150,0,43.66,1.42,486.28,39,78,0,1,1,18,Cloudy,Low,8,64,55,18,616,82.27,6.79,29950.1,23.22,87.19,80,1,1
1/20/2024 20:00,D001,VH001,Volkswagen,ID.4,77,520,2100,150,1,174.86,2.34,3023.59,80,110,0,0,0,9,Cloudy,Medium,13,61,27,31,616,82.27,25.835,30125,23.28,87.17,80,1,1
1/20/2024 22:00,D001,VH001,Volkswagen,ID.4,77,520,2100,150,0,11.12,0.78,174.54,45,88,0,1,1,32,Fog,Medium,16,72,69,18,617,82.27,1.567,30136.1,23.33,87.15,80,1,1
1/21/2024 0:00,D001,VH001,Volkswagen,ID.4,77,520,2100,150,0,47.66,1.71,782.24,48,88,0,4,1,43,Clear,Medium,22,84,73,18,617,82.27,7.721,30183.8,23.5,87.04,81,1,1
1/21/2024 2:00,D001,VH001,Volkswagen,ID.4,77,520,2100,150,0,49.85,1.61,598.9,43,95,0,2,0,27,Clear,Medium,19,85,74,18,617,82.27,8.076,30233.6,23.6,86.98,81,1,1
1/21/2024 4:00,D001,VH001,Volkswagen,ID.4,77,520,2100,150,1,50.89,0.72,915.51,82,87,0,3,0,6,Clear,Medium,12,77,66,18,617,82.27,7.832,30284.5,23.74,86.9,81,1,1
1/21/2024 6:00,D001,VH001,Volkswagen,ID.4,77,520,2100,150,0,16.31,0.84,324.17,54,71,0,1,0,32,Rain,Low,15,65,61,18,617,82.26,2.378,30300.8,23.79,86.88,81,1,1
1/21/2024 8:00,D001,VH001,Volkswagen,ID.4,77,520,2100,150,0,11.81,0.89,155.8,37,54,0,0,0,34,Clear,High,12,56,53,18,617,82.26,1.913,30312.6,23.79,86.87,81,1,1
1/21/2024 10:00,D001,VH001,Volkswagen,ID.4,77,520,2100,150,0,44.88,1.5,603.5,47,90,0,0,0,33,Clear,Low,20,55,45,18,617,82.26,7.271,30357.5,23.81,86.87,81,1,1
1/21/2024 12:00,D001,VH001,Volkswagen,ID.4,77,520,2100,150,0,64.57,1.72,1231.46,51,78,0,1,0,27,Rain,Medium,8,79,66,18,617,82.26,9.414,30422.1,23.87,86.84,81,1,0
1/21/2024 14:00,D001,VH001,Volkswagen,ID.4,77,520,2100,150,0,8.03,0.62,81.09,47,73,0,0,2,27,Rain,High,10,79,77,18,617,82.26,1.171,30430.1,23.87,86.84,81,1,1
1/21/2024 16:00,D001,VH001,Volkswagen,ID.4,77,520,2100,150,0,48.86,1.61,653.75,49,80,0,0,0,37,Cloudy,Low,17,77,67,18,617,82.26,7.599,30479,23.89,86.83,81,1,1
1/21/2024 18:00,D001,VH001,Volkswagen,ID.4,77,520,2100,150,1,65.3,1.14,1018.15,66,88,0,0,2,9,Rain,Medium,25,43,31,18,617,82.26,9.045,30544.3,23.91,86.82,81,1,1
1/21/2024 20:00,D001,VH001,Volkswagen,ID.4,77,520,2100,150,1,58.58,1.13,1166.34,59,86,0,0,1,8,Rain,Medium,16,78,67,18,617,82.26,8.114,30602.8,23.93,86.81,81,1,1
1/21/2024 22:00,D001,VH001,Volkswagen,ID.4,77,520,2100,150,0,21.83,1.21,413.99,38,81,0,3,1,38,Rain,Low,21,69,64,18,617,82.26,3.183,30624.7,24.06,86.74,81,1,1
1/22/2024 0:00,D001,VH001,Volkswagen,ID.4,77,520,2100,150,1,170.57,2.52,3361.19,70,98,0,1,2,5,Rain,Low,10,78,47,22.4,617,82.26,23.626,30795.2,24.16,86.69,82,1,1
1/22/2024 2:00,D001,VH001,Volkswagen,ID.4,77,520,2100,150,0,43.67,1.51,636.81,44,83,0,0,0,31,Cloudy,Medium,19,77,68,18,617,82.26,6.792,30838.9,24.17,86.69,82,1,0
1/22/2024 4:00,D001,VH001,Volkswagen,ID.4,77,520,2100,150,1,149.73,1.9,2821.11,84,104,0,0,1,7,Clear,Medium,23,53,23,31.8,617,82.26,23.043,30988.6,24.23,86.67,82,1,1
1/22/2024 6:00,D001,VH001,Volkswagen,ID.4,77,520,2100,150,0,45.17,1.53,462.15,42,76,0,1,1,27,Clear,Medium,17,77,67,18,617,82.26,7.318,31033.8,24.28,86.64,82,1,1
1/22/2024 8:00,D001,VH001,Volkswagen,ID.4,77,520,2100,150,0,64.07,2.69,1266.94,30,83,0,1,0,33,Clear,Medium,9,72,58,18,617,82.26,10.379,31097.9,24.34,86.61,82,1,1
1/22/2024 10:00,D001,VH001,Volkswagen,ID.4,77,520,2100,150,0,30.35,1.1,508.76,54,91,0,0,2,32,Clear,Medium,16,57,50,18,617,82.26,4.917,31128.2,24.36,86.6,82,1,1
1/22/2024 12:00,D001,VH001,Volkswagen,ID.4,77,520,2100,150,1,85.61,1.44,988.54,63,95,1,0,2,5,Clear,Medium,21,62,44,19.6,617,82.26,13.439,31213.8,24.39,86.59,82,1,1
1/22/2024 14:00,D001,VH001,Volkswagen,ID.4,77,520,2100,150,0,56.15,2.39,897.6,28,75,0,0,1,23,Rain,Low,23,65,54,18,618,82.26,8.187,31270,24.41,86.58,82,1,1
1/22/2024 16:00,D001,VH001,Volkswagen,ID.4,77,520,2100,150,0,47.2,1.48,491.04,45,95,0,1,0,26,Clear,Medium,20,55,45,18,618,82.26,7.646,31317.2,24.46,86.55,82,1,1
1/22/2024 18:00,D001,VH001,Volkswagen,ID.4,77,520,2100,150,0,49.79,1.37,637.84,61,83,0,0,0,33,Rain,Medium,13,79,69,18,618,82.26,7.259,31367,24.48,86.55,82,1,1
1/22/2024 20:00,D001,VH001,Volkswagen,ID.4,77,520,2100,150,0,43.77,1.57,806.58,38,77,0,1,1,25,Clear,High,22,64,54,18.3,618,82.25,7.091,31410.7,24.53,86.52,82,1,1
1/22/2024 22:00,D001,VH001,Volkswagen,ID.4,77,520,2100,150,1,126.84,2.01,2482.24,66,90,0,0,0,5,Rain,Medium,17,84,61,22.8,618,82.25,17.569,31537.6,24.58,86.5,82,1,1
1/23/2024 0:00,D001,VH001,Volkswagen,ID.4,77,520,2100,150,1,79.76,1.13,893.29,74,117,1,0,0,3,Clear,Medium,17,81,64,19,618,82.25,12.521,31617.3,24.61,86.49,83,1,1
1/23/2024 2:00,D001,VH001,Volkswagen,ID.4,77,520,2100,150,0,62.69,2.63,755.52,32,73,0,0,0,40,Clear,High,24,58,44,18,618,82.25,10.156,31680,24.63,86.49,83,1,1
1/23/2024 4:00,D001,VH001,Volkswagen,ID.4,77,520,2100,150,1,59.78,1.11,735.2,60,104,0,1,0,7,Clear,Medium,18,68,56,18.8,618,82.25,9.2,31739.8,24.69,86.45,83,1,1
1/23/2024 6:00,D001,VH001,Volkswagen,ID.4,77,520,2100,150,0,18.42,1.04,222.43,45,72,0,1,0,38,Rain,Medium,19,70,66,18,618,82.25,2.686,31758.2,24.74,86.43,83,1,1
1/23/2024 8:00,D001,VH001,Volkswagen,ID.4,77,520,2100,150,0,23.81,1.15,376.88,45,77,0,1,1,37,Cloudy,Low,23,47,42,18,618,82.25,3.703,31782,24.78,86.4,83,1,1
1/23/2024 10:00,D001,VH001,Volkswagen,ID.4,77,520,2100,150,1,174.53,2.68,1781.76,68,97,0,1,0,7,Cloudy,Medium,15,57,23,26.9,618,82.25,25.786,31956.6,24.89,86.35,83,1,1
1/23/2024 12:00,D001,VH001,Volkswagen,ID.4,77,520,2100,150,0,50.14,1.27,921.01,51,87,0,0,1,17,Rain,Medium,24,62,52,18,618,82.25,7.31,32006.7,24.9,86.35,83,1,1
1/23/2024 14:00,D001,VH001,Volkswagen,ID.4,77,520,2100,150,0,23.26,0.82,444.16,49,75,0,1,0,21,Clear,Medium,22,56,51,18,618,82.25,3.768,32030,24.95,86.32,83,1,1
1/23/2024 16:00,D001,VH001,Volkswagen,ID.4,77,520,2100,150,0,10.67,0.78,193.88,38,78,0,0,2,30,Clear,Medium,16,75,72,18,618,82.25,1.729,32040.6,24.95,86.32,83,1,0
1/23/2024 18:00,D001,VH001,Volkswagen,ID.4,77,520,2100,150,1,101.79,1.69,1627.83,67,102,1,4,1,10,Rain,Medium,18,85,66,18,618,82.25,14.381,32142.4,25.15,86.21,83,1,1
1/23/2024 20:00,D001,VH001,Volkswagen,ID.4,77,520,2100,150,0,24.42,1.07,434.29,47,86,0,0,1,33,Rain,High,15,77,72,18,618,82.25,3.56,32166.9,25.16,86.2,83,1,1
1/23/2024 22:00,D001,VH001,Volkswagen,ID.4,77,520,2100,150,0,39.86,1.19,695.65,67,72,0,1,0,36,Rain,Medium,16,67,59,18,618,82.25,5.812,32206.7,25.21,86.17,83,1,1
1/24/2024 0:00,D001,VH001,Volkswagen,ID.4,77,520,2100,150,0,21,1.07,221.26,43,83,0,0,0,35,Cloudy,Medium,8,68,63,18,618,82.25,3.266,32227.7,25.22,86.17,84,1,1
1/24/2024 2:00,D001,VH001,Volkswagen,ID.4,77,520,2100,150,1,133.16,2.14,1980.33,67,107,0,0,0,9,Rain,Medium,10,70,46,22.9,618,82.25,18.444,32360.9,25.27,86.15,84,1,1
1/24/2024 4:00,D001,VH001,Volkswagen,ID.4,77,520,2100,150,0,61.58,2.48,960.09,33,86,0,1,1,37,Rain,Low,22,68,56,18.5,619,82.25,8.978,32422.5,25.33,86.12,84,1,1
1/24/2024 6:00,D001,VH001,Volkswagen,ID.4,77,520,2100,150,0,31.74,1.08,439.48,47,96,0,1,2,24,Cloudy,High,20,81,74,18,619,82.25,4.936,32454.2,25.38,86.09,84,1,1
1/24/2024 8:00,D001,VH001,Volkswagen,ID.4,77,520,2100,150,1,146.65,1.89,1681.35,82,114,1,0,0,6,Clear,Medium,24,81,51,30,619,82.24,23.021,32600.8,25.43,86.08,84,1,1
1/24/2024 10:00,D001,VH001,Volkswagen,ID.4,77,520,2100,150,0,42.42,1.51,762.17,44,93,0,3,1,33,Cloudy,High,20,69,60,18,619,82.24,6.597,32643.3,25.57,86,84,1,1
1/24/2024 12:00,D001,VH001,Volkswagen,ID.4,77,520,2100,150,1,163.64,2.55,1789.57,66,110,0,0,0,4,Rain,Medium,22,49,19,31.2,619,82.24,22.666,32806.9,25.62,85.98,84,1,1
1/24/2024 14:00,D001,VH001,Volkswagen,ID.4,77,520,2100,150,1,134.51,1.75,1481.59,83,107,1,1,0,8,Rain,Medium,26,87,62,25.2,619,82.24,19.004,32941.4,25.71,85.93,84,1,1
1/24/2024 16:00,D001,VH001,Volkswagen,ID.4,77,520,2100,150,0,8.2,0.65,133.27,50,70,0,1,2,29,Clear,Medium,19,64,62,18,619,82.24,1.328,32949.6,25.75,85.91,84,1,1
1/24/2024 18:00,D001,VH001,Volkswagen,ID.4,77,520,2100,150,0,62.45,2.18,1027.17,39,90,0,1,0,35,Fog,Medium,21,64,52,18.6,619,82.24,8.802,33012.1,25.81,85.88,84,1,1
1/24/2024 20:00,D001,VH001,Volkswagen,ID.4,77,520,2100,150,1,51.46,0.74,996.69,75,112,0,1,0,3,Clear,Medium,11,49,38,18,619,82.24,7.92,33063.5,25.87,85.84,84,1,1
1/24/2024 22:00,D001,VH001,Volkswagen,ID.4,77,520,2100,150,0,9.13,0.63,180.16,42,72,0,0,1,25,Rain,High,21,73,71,18,619,82.24,1.331,33072.7,25.88,85.84,84,1,1
1/25/2024 0:00,D001,VH001,Volkswagen,ID.4,77,520,2100,150,1,119.96,2.1,1908.84,61,110,0,1,2,8,Clear,Medium,22,47,23,25.7,619,82.24,18.462,33192.6,25.96,85.8,85,1,1
1/25/2024 2:00,D001,VH001,Volkswagen,ID.4,77,520,2100,150,1,85.87,1.21,1054.77,76,113,0,1,1,5,Clear,Medium,24,92,74,20.1,619,82.24,13.215,33278.5,26.03,85.77,85,1,1
1/25/2024 4:00,D001,VH001,Volkswagen,ID.4,77,520,2100,150,1,141.96,2.01,2364.47,77,114,0,0,0,10,Cloudy,Low,18,46,18,22.8,619,82.24,20.974,33420.4,26.08,85.75,85,1,1
1/25/2024 6:00,D001,VH001,Volkswagen,ID.4,77,520,2100,150,1,96.82,1.82,1834.17,57,106,0,1,1,7,Cloudy,Low,21,66,47,22.5,619,82.24,14.305,33517.3,26.15,85.72,85,1,1
1/25/2024 8:00,D001,VH001,Volkswagen,ID.4,77,520,2100,150,1,154.66,2.27,2968.47,73,107,0,1,0,9,Clear,Medium,21,74,43,28.2,620,82.23,23.802,33671.9,26.25,85.67,85,1,1
1/25/2024 10:00,D001,VH001,Volkswagen,ID.4,77,520,2100,150,1,130.1,1.92,2368.06,73,110,0,0,0,8,Fog,Low,16,70,47,21.1,620,82.23,17.419,33802,26.29,85.66,85,1,1
1/25/2024 12:00,D001,VH001,Volkswagen,ID.4,77,520,2100,150,0,53.89,1.31,1008.64,58,74,0,1,0,23,Clear,High,13,88,76,18,620,82.23,8.73,33855.9,26.35,85.62,85,1,1
1/25/2024 14:00,D001,VH001,Volkswagen,ID.4,77,520,2100,150,0,45.39,1.25,814.72,48,72,0,0,0,18,Fog,Medium,17,48,39,18,620,82.23,6.397,33901.3,26.37,85.62,85,1,1
1/25/2024 16:00,D001,VH001,Volkswagen,ID.4,77,520,2100,150,0,28.86,1.08,438.49,47,86,0,0,1,28,Rain,Medium,15,67,61,18,620,82.23,4.208,33930.2,26.38,85.62,85,1,1
1/25/2024 18:00,D001,VH001,Volkswagen,ID.4,77,520,2100,150,0,24.46,0.97,484.64,63,80,0,0,0,35,Clear,Medium,14,73,67,18,620,82.23,3.963,33954.6,26.38,85.61,85,1,1
1/25/2024 20:00,D001,VH001,Volkswagen,ID.4,77,520,2100,150,1,110.73,1.45,2086,82,129,0,1,0,6,Cloudy,Medium,22,59,37,22.6,620,82.23,16.36,34065.4,26.46,85.57,85,1,1
1/25/2024 22:00,D001,VH001,Volkswagen,ID.4,77,520,2100,150,0,24.99,1.09,303.9,53,81,0,0,1,37,Rain,Medium,22,71,66,18,620,82.23,3.644,34090.3,26.47,85.57,85,1,1
1/26/2024 0:00,D001,VH001,Volkswagen,ID.4,77,520,2100,150,1,160.13,2.64,2192.83,63,115,0,0,0,6,Rain,Medium,16,62,33,20.6,620,82.23,22.18,34250.5,26.53,85.55,86,1,1
1/26/2024 2:00,D001,VH001,Volkswagen,ID.4,77,520,2100,150,0,62.23,2.05,841.78,41,84,0,2,0,32,Rain,Medium,17,63,51,18,620,82.23,9.073,34312.7,26.63,85.49,86,1,1
1/26/2024 4:00,D001,VH001,Volkswagen,ID.4,77,520,2100,150,0,59.83,1.75,847.53,48,94,0,0,0,30,Rain,Low,25,70,58,20.7,620,82.23,8.723,34372.5,26.65,85.49,86,1,1
1/26/2024 6:00,D001,VH001,Volkswagen,ID.4,77,520,2100,150,0,15.68,0.87,178.3,45,89,0,1,2,31,Fog,Medium,18,45,42,18,620,82.23,2.21,34388.2,26.7,85.46,86,1,1
1/26/2024 8:00,D001,VH001,Volkswagen,ID.4,77,520,2100,150,0,27.36,0.99,534.03,54,65,1,1,2,29,Cloudy,Low,22,67,61,18,620,82.23,4.34,34415.6,26.75,85.43,86,1,1
1/26/2024 10:00,D001,VH001,Volkswagen,ID.4,77,520,2100,150,0,25.53,1.36,366.84,36,69,0,1,0,39,Cloudy,High,23,76,70,18,620,82.23,3.97,34441.1,26.79,85.4,86,1,1
1/26/2024 12:00,D001,VH001,Volkswagen,ID.4,77,520,2100,150,0,34.86,1.26,695.02,49,70,0,1,1,33,Clear,High,13,71,63,18,620,82.23,5.647,34476,26.85,85.38,86,1,1
1/26/2024 14:00,D001,VH001,Volkswagen,ID.4,77,520,2100,150,0,23.84,0.9,251.72,51,82,0,2,0,26,Clear,Medium,15,75,69,18,620,82.23,3.862,34499.8,26.94,85.32,86,1,1
1/26/2024 16:00,D001,VH001,Volkswagen,ID.4,77,520,2100,150,1,105.02,1.8,1992.56,61,130,0,0,0,5,Rain,Medium,23,70,51,22.7,620,82.23,14.546,34604.8,26.97,85.31,86,1,1
1/26/2024 18:00,D001,VH001,Volkswagen,ID.4,77,520,2100,150,1,74.25,1.24,1331.65,66,110,1,0,2,7,Rain,Medium,21,54,40,18,620,82.23,10.49,34679.1,27,85.3,86,1,1
1/26/2024 20:00,D001,VH001,Volkswagen,ID.4,77,520,2100,150,1,127.71,1.8,2381.97,78,112,0,1,0,10,Rain,Medium,25,58,35,26.9,621,82.22,17.689,34806.8,27.08,85.26,86,1,1
1/26/2024 22:00,D001,VH001,Volkswagen,ID.4,77,520,2100,150,0,33.39,1.28,591.95,52,81,0,0,0,38,Rain,Low,23,63,56,18,621,82.22,4.868,34840.2,27.09,85.26,86,1,1
1/27/2024 0:00,D001,VH001,Volkswagen,ID.4,77,520,2100,150,0,8.04,0.62,132.11,58,77,0,2,1,29,Clear,Medium,26,65,63,18,621,82.22,1.302,34848.2,27.18,85.21,87,1,1
1/27/2024 2:00,D001,VH001,Volkswagen,ID.4,77,520,2100,150,0,27.26,1.05,386.04,37,79,0,0,0,19,Clear,Low,17,71,65,18,621,82.22,4.416,34875.5,27.19,85.2,87,1,1
1/27/2024 4:00,D001,VH001,Volkswagen,ID.4,77,520,2100,150,1,96.45,1.54,1890.31,68,98,0,1,0,7,Clear,Low,13,72,52,18,621,82.22,14.844,34971.9,27.26,85.17,87,1,1
1/27/2024 6:00,D001,VH001,Volkswagen,ID.4,77,520,2100,150,0,30.57,1.23,442.21,43,84,0,0,0,31,Clear,Medium,15,56,49,18,621,82.22,4.952,35002.5,27.27,85.16,87,1,0
1/27/2024 8:00,D001,VH001,Volkswagen,ID.4,77,520,2100,150,1,153.58,1.94,2908.98,82,111,0,0,0,4,Rain,Medium,24,46,18,29.4,621,82.22,21.272,35156.1,27.33,85.14,87,1,1
1/27/2024 10:00,D001,VH001,Volkswagen,ID.4,77,520,2100,150,1,124.24,1.94,1279.08,68,113,0,0,1,7,Rain,Medium,19,88,65,23.5,621,82.22,17.208,35280.3,27.37,85.13,87,1,1
1/27/2024 12:00,D001,VH001,Volkswagen,ID.4,77,520,2100,150,0,42.47,1.34,657.78,46,83,0,3,0,25,Fog,High,21,42,34,18,621,82.22,5.986,35322.8,27.5,85.05,87,1,1
1/27/2024 14:00,D001,VH001,Volkswagen,ID.4,77,520,2100,150,0,23.32,0.93,424.46,45,92,0,2,1,25,Cloudy,Low,23,75,70,18,621,82.22,3.627,35346.1,27.59,85,87,1,1
1/27/2024 16:00,D001,VH001,Volkswagen,ID.4,77,520,2100,150,0,49.32,1.67,829.18,46,86,0,2,0,36,Clear,High,17,90,79,18,621,82.22,7.99,35395.4,27.69,84.94,87,1,1
1/27/2024 18:00,D001,VH001,Volkswagen,ID.4,77,520,2100,150,0,36.82,1.2,435.54,48,71,0,1,1,26,Clear,High,21,67,59,18,621,82.22,5.965,35432.2,27.74,84.91,87,1,1
1/27/2024 20:00,D001,VH001,Volkswagen,ID.4,77,520,2100,150,1,51.25,0.72,733.15,78,128,0,2,0,4,Rain,Medium,13,53,43,18,621,82.22,7.099,35483.5,27.84,84.85,87,1,1
1/27/2024 22:00,D001,VH001,Volkswagen,ID.4,77,520,2100,150,1,91.65,1.5,991.93,67,96,0,0,0,8,Rain,Low,14,54,37,18,621,82.22,12.694,35575.1,27.87,84.84,87,1,1
1/28/2024 0:00,D001,VH001,Volkswagen,ID.4,77,520,2100,150,0,32.93,0.98,425.25,52,110,0,1,1,21,Rain,High,14,53,46,18,621,82.22,4.801,35608.1,27.92,84.81,88,1,0
1/28/2024 2:00,D001,VH001,Volkswagen,ID.4,77,520,2100,150,0,26.44,1.18,525.28,39,73,0,0,1,30,Clear,Medium,23,49,43,18,621,82.22,4.283,35634.5,27.93,84.81,88,1,1
1/28/2024 4:00,D001,VH001,Volkswagen,ID.4,77,520,2100,150,1,132.05,2.18,2516.86,65,116,0,0,0,9,Clear,Medium,22,90,63,27,621,82.22,20.322,35766.6,27.98,84.8,88,1,1
1/28/2024 6:00,D001,VH001,Volkswagen,ID.4,77,520,2100,150,1,60.13,0.87,650.29,84,95,0,0,1,9,Fog,Medium,16,72,61,18,621,82.22,8.051,35826.7,28,84.79,88,1,1
1/28/2024 8:00,D001,VH001,Volkswagen,ID.4,77,520,2100,150,1,165.58,2.45,2049.08,69,107,0,0,2,3,Clear,Low,17,74,40,28.8,622,82.21,25.483,35992.3,28.06,84.77,88,1,1
1/28/2024 10:00,D001,VH001,Volkswagen,ID.4,77,520,2100,150,0,58.53,1.87,1053.91,54,77,1,0,1,47,Clear,High,30,91,78,18.4,622,82.21,9.671,36050.8,28.08,84.76,88,1,1
1/28/2024 12:00,D001,VH001,Volkswagen,ID.4,77,520,2100,150,0,12.77,0.78,232.55,51,95,0,1,1,32,Rain,Medium,19,79,76,18,622,82.21,1.862,36063.6,28.12,84.73,88,1,1
1/28/2024 14:00,D001,VH001,Volkswagen,ID.4,77,520,2100,150,1,129.9,1.8,1895.74,77,101,0,1,1,7,Clear,Low,18,87,61,26.7,622,82.21,19.992,36193.5,28.21,84.69,88,1,1
1/28/2024 16:00,D001,VH001,Volkswagen,ID.4,77,520,2100,150,0,58.29,1.77,777.39,49,95,0,0,1,35,Clear,Low,13,65,52,18,622,82.21,9.443,36251.8,28.23,84.69,88,1,1
1/28/2024 18:00,D001,VH001,Volkswagen,ID.4,77,520,2100,150,0,31.51,1.27,325.02,42,70,0,1,0,31,Rain,Medium,12,49,43,18,622,82.21,4.594,36283.3,28.28,84.66,88,1,1
1/28/2024 20:00,D001,VH001,Volkswagen,ID.4,77,520,2100,150,1,129.04,1.83,1294.88,76,90,0,0,0,8,Clear,Medium,20,73,47,24.3,622,82.21,19.859,36412.3,28.32,84.64,88,1,1
1/28/2024 22:00,D001,VH001,Volkswagen,ID.4,77,520,2100,150,0,14,0.72,164.3,56,93,0,2,1,28,Fog,Low,15,54,51,18,622,82.21,1.973,36426.3,28.41,84.59,88,1,1
1/29/2024 0:00,D001,VH001,Volkswagen,ID.4,77,520,2100,150,1,79.47,1.22,808.45,73,95,0,2,1,8,Cloudy,Medium,18,47,31,18,622,82.21,11.741,36505.8,28.52,84.53,89,1,1
1/29/2024 2:00,D001,VH001,Volkswagen,ID.4,77,520,2100,150,0,34.4,0.81,519.22,61,81,0,0,1,15,Clear,Medium,11,72,64,18,622,82.21,5.573,36540.2,28.53,84.53,89,1,1
1/29/2024 4:00,D001,VH001,Volkswagen,ID.4,77,520,2100,150,1,93.27,1.18,1631.37,85,106,0,1,0,5,Cloudy,Medium,17,59,41,20.1,622,82.21,13.78,36633.5,28.6,84.49,89,1,1
1/29/2024 6:00,D001,VH001,Volkswagen,ID.4,77,520,2100,150,0,35.63,1.53,443.66,34,65,0,1,0,29,Cloudy,High,23,76,68,18,622,82.21,5.541,36669.1,28.65,84.46,89,1,1
1/29/2024 8:00,D001,VH001,Volkswagen,ID.4,77,520,2100,150,0,52.79,1.67,783.38,51,97,0,0,0,38,Clear,Medium,17,42,30,18,622,82.21,8.552,36721.9,28.67,84.46,89,1,1
1/29/2024 10:00,D001,VH001,Volkswagen,ID.4,77,520,2100,150,0,44.94,1.7,507.43,36,82,0,0,0,27,Clear,Low,14,75,65,18,622,82.21,7.28,36766.8,28.69,84.45,89,1,1
1/29/2024 12:00,D001,VH001,Volkswagen,ID.4,77,520,2100,150,0,20.48,1.13,335.63,43,99,0,0,0,39,Clear,High,28,71,66,18,622,82.21,3.318,36787.3,28.7,84.45,89,1,1
1/29/2024 14:00,D001,VH001,Volkswagen,ID.4,77,520,2100,150,0,37.2,1.88,401.77,26,88,0,0,1,27,Clear,Low,10,83,75,18,622,82.21,6.026,36824.5,28.71,84.44,89,1,1
1/29/2024 16:00,D001,VH001,Volkswagen,ID.4,77,520,2100,150,0,28.32,1.1,358.47,47,93,0,0,1,30,Fog,Medium,27,81,75,18,622,82.21,3.991,36852.8,28.72,84.44,89,1,1
1/29/2024 18:00,D001,VH001,Volkswagen,ID.4,77,520,2100,150,0,23.37,0.99,451.8,49,87,0,1,1,31,Clear,High,15,61,56,18,622,82.21,3.786,36876.2,28.77,84.41,89,1,1
1/29/2024 20:00,D001,VH001,Volkswagen,ID.4,77,520,2100,150,1,160.72,2.55,2246.68,66,96,0,2,1,7,Clear,Medium,12,70,37,22.5,623,82.2,24.735,37036.9,28.9,84.34,89,1,1
1/29/2024 22:00,D001,VH001,Volkswagen,ID.4,77,520,2100,150,0,61.98,1.84,747.53,48,90,0,2,1,33,Rain,Medium,20,65,53,18.1,623,82.2,9.037,37098.9,29.01,84.29,89,1,1
1/30/2024 0:00,D001,VH001,Volkswagen,ID.4,77,520,2100,150,1,155.31,2.37,2556.53,67,107,0,4,0,3,Cloudy,Medium,17,84,54,27.7,623,82.2,22.946,37254.2,29.22,84.17,90,1,1
1/30/2024 2:00,D001,VH001,Volkswagen,ID.4,77,520,2100,150,1,84.35,1.15,1125.1,83,110,2,0,0,8,Clear,Low,19,64,46,18,623,82.2,13.501,37338.5,29.25,84.16,90,1,0
1/30/2024 4:00,D001,VH001,Volkswagen,ID.4,77,520,2100,150,0,59.02,1.89,1042.19,49,79,0,0,1,41,Rain,Medium,24,54,42,18,623,82.2,8.605,37397.6,29.27,84.15,90,1,1
1/30/2024 6:00,D001,VH001,Volkswagen,ID.4,77,520,2100,150,0,50.27,1.64,747.85,50,63,0,0,0,38,Clear,Low,19,76,65,18,623,82.2,8.144,37447.8,29.29,84.14,90,1,1
1/30/2024 8:00,D001,VH001,Volkswagen,ID.4,77,520,2100,150,0,26.71,1.01,431.89,45,99,0,1,1,25,Clear,Medium,14,69,63,18,623,82.2,4.327,37474.5,29.34,84.12,90,1,1
1/30/2024 10:00,D001,VH001,Volkswagen,ID.4,77,520,2100,150,1,52.72,0.96,609.75,61,109,0,0,0,6,Cloudy,Low,23,76,65,18,623,82.2,7.789,37527.3,29.36,84.11,90,1,1
1/30/2024 12:00,D001,VH001,Volkswagen,ID.4,77,520,2100,150,0,36.97,1.17,382.03,57,88,0,0,0,31,Rain,Medium,14,63,56,18,623,82.2,5.39,37564.2,29.37,84.1,90,1,1
1/30/2024 14:00,D001,VH001,Volkswagen,ID.4,77,520,2100,150,1,152.9,2.03,2959.1,80,109,0,0,1,7,Clear,Low,20,79,48,28.3,623,82.2,23.531,37717.1,29.42,84.09,90,1,1
1/30/2024 16:00,D001,VH001,Volkswagen,ID.4,77,520,2100,150,1,165.06,2.88,2423.41,59,94,0,0,0,5,Rain,Low,19,82,52,26,623,82.2,22.862,37882.2,29.48,84.07,90,1,1
1/30/2024 18:00,D001,VH001,Volkswagen,ID.4,77,520,2100,150,1,54.93,0.68,579.34,81,95,0,0,0,0,Rain,Medium,23,70,60,18,623,82.2,7.608,37937.1,29.5,84.06,90,1,1
1/30/2024 20:00,D001,VH001,Volkswagen,ID.4,77,520,2100,150,0,16.4,0.54,228.98,54,99,0,1,2,14,Rain,Medium,12,71,67,18,623,82.2,2.391,37953.5,29.54,84.03,90,1,1
1/30/2024 22:00,D001,VH001,Volkswagen,ID.4,77,520,2100,150,1,123.24,1.73,2446.97,77,91,0,0,1,8,Fog,Low,20,89,67,23.8,623,82.2,16.501,38076.8,29.59,84.02,90,1,0
1/31/2024 0:00,D001,VH001,Volkswagen,ID.4,77,520,2100,150,0,48.77,1.75,816.71,37,68,0,1,1,26,Clear,Medium,16,65,54,18,623,82.2,7.901,38125.5,29.64,83.99,91,1,1
1/31/2024 2:00,D001,VH001,Volkswagen,ID.4,77,520,2100,150,0,37.66,1.14,591.95,51,87,0,1,0,24,Clear,High,22,73,65,19.1,624,82.19,6.101,38163.2,29.7,83.96,91,1,1
1/31/2024 4:00,D001,VH001,Volkswagen,ID.4,77,520,2100,150,1,150.65,2.1,2399.31,76,101,0,1,0,7,Fog,Medium,16,81,54,25.1,624,82.19,20.171,38313.8,29.79,83.91,91,1,1
1/31/2024 6:00,D001,VH001,Volkswagen,ID.4,77,520,2100,150,1,88.92,1.64,951.04,57,112,0,0,2,5,Cloudy,Medium,10,47,29,18,624,82.19,13.137,38402.8,29.82,83.9,91,1,1
1/31/2024 8:00,D001,VH001,Volkswagen,ID.4,77,520,2100,150,0,47.84,1.49,693.88,53,102,0,0,0,35,Rain,Medium,22,79,69,18.1,624,82.19,6.975,38450.6,29.84,83.9,91,1,1
1/31/2024 10:00,D001,VH001,Volkswagen,ID.4,77,520,2100,150,0,12.61,0.77,126.23,53,74,0,1,0,32,Clear,Medium,20,72,69,18,624,82.19,2.043,38463.2,29.88,83.87,91,1,1
1/31/2024 12:00,D001,VH001,Volkswagen,ID.4,77,520,2100,150,0,53.84,2.08,887.91,34,76,0,0,1,30,Rain,Medium,16,67,56,18,624,82.19,7.85,38517.1,29.9,83.87,91,1,1
1/31/2024 14:00,D001,VH001,Volkswagen,ID.4,77,520,2100,150,1,71.09,1.3,892.51,62,97,0,0,1,9,Clear,Medium,28,48,33,23.6,624,82.19,10.941,38588.1,29.93,83.86,91,1,1
1/31/2024 16:00,D001,VH001,Volkswagen,ID.4,77,520,2100,150,1,84.66,1.58,871.62,58,106,0,0,1,7,Rain,Medium,21,82,66,18,624,82.19,11.726,38672.8,29.96,83.85,91,1,1
1/31/2024 18:00,D001,VH001,Volkswagen,ID.4,77,520,2100,150,0,48.72,1.47,951.21,50,80,0,2,2,30,Fog,High,18,55,46,18,624,82.19,6.867,38721.5,30.05,83.79,91,1,1
1/31/2024 20:00,D001,VH001,Volkswagen,ID.4,77,520,2100,150,1,72.08,1.24,878.69,63,103,1,1,2,6,Clear,Medium,28,73,58,20.4,624,82.19,11.315,38793.6,30.12,83.76,91,1,1
1/31/2024 22:00,D001,VH001,Volkswagen,ID.4,77,520,2100,150,0,39.74,1.87,627.24,34,65,0,0,0,42,Cloudy,Low,23,75,66,18,624,82.19,6.18,38833.3,30.13,83.75,91,1,1
2/1/2024 0:00,D001,VH001,Volkswagen,ID.4,77,520,2100,150,0,61.85,1.94,924.58,41,65,0,0,2,26,Cloudy,Medium,16,68,55,18,624,82.19,9.619,38895.2,30.15,83.74,92,1,1
2/1/2024 2:00,D001,VH001,Volkswagen,ID.4,77,520,2100,150,0,60.86,1.7,953.49,48,83,0,0,0,26,Rain,Medium,22,66,54,18,624,82.19,8.873,38956.1,30.18,83.74,92,1,1
2/1/2024 4:00,D001,VH001,Volkswagen,ID.4,77,520,2100,150,0,29.85,1.27,361.27,54,89,0,3,1,43,Clear,Low,26,71,64,18.4,624,82.19,4.836,38985.9,30.31,83.66,92,1,1
2/1/2024 6:00,D001,VH001,Volkswagen,ID.4,77,520,2100,150,1,89.37,1.61,1341.21,60,101,1,1,0,7,Cloudy,Low,14,53,35,18,624,82.19,13.468,39075.3,30.38,83.62,92,1,1
2/1/2024 8:00,D001,VH001,Volkswagen,ID.4,77,520,2100,150,1,86.84,1.27,1389.02,73,101,0,1,0,5,Cloudy,Medium,23,82,65,19.3,624,82.19,12.83,39162.1,30.45,83.59,92,1,1
2/1/2024 10:00,D001,VH001,Volkswagen,ID.4,77,520,2100,150,1,86.7,1.1,1020.18,85,107,1,1,0,5,Clear,Low,15,72,54,18.7,624,82.19,13.61,39248.8,30.52,83.55,92,1,1
2/1/2024 12:00,D001,VH001,Volkswagen,ID.4,77,520,2100,150,0,15.83,0.8,271.56,53,77,0,1,2,30,Cloudy,Medium,18,59,55,18,624,82.18,2.462,39264.6,30.56,83.53,92,1,1
2/1/2024 14:00,D001,VH001,Volkswagen,ID.4,77,520,2100,150,0,40.83,1.47,410.19,46,85,0,1,0,35,Clear,Medium,19,65,56,18,624,82.18,6.614,39305.5,30.62,83.5,92,1,0
2/1/2024 16:00,D001,VH001,Volkswagen,ID.4,77,520,2100,150,1,109.78,1.32,1991.06,90,95,0,0,0,6,Cloudy,Medium,19,49,27,19.9,625,82.18,16.219,39415.3,30.66,83.48,92,1,1
2/1/2024 18:00,D001,VH001,Volkswagen,ID.4,77,520,2100,150,1,171.29,2.3,3154.72,78,87,0,0,1,6,Cloudy,Medium,21,62,29,29,625,82.18,25.307,39586.5,30.72,83.46,92,1,1
2/1/2024 20:00,D001,VH001,Volkswagen,ID.4,77,520,2100,150,0,15.37,0.61,306.38,47,90,0,1,1,17,Clear,Medium,26,80,76,18,625,82.18,2.49,39601.9,30.76,83.44,92,1,1
2/1/2024 22:00,D001,VH001,Volkswagen,ID.4,77,520,2100,150,0,56.51,2.25,733.04,30,65,0,0,0,22,Clear,Medium,21,50,38,18,625,82.18,9.155,39658.4,30.78,83.43,92,1,0
2/2/2024 0:00,D001,VH001,Volkswagen,ID.4,77,520,2100,150,1,173.15,2.86,2345.81,64,101,0,0,1,9,Cloudy,Medium,24,55,21,33.7,625,82.18,25.582,39831.6,30.84,83.41,93,1,1
2/2/2024 2:00,D001,VH001,Volkswagen,ID.4,77,520,2100,150,0,16.76,0.77,321.18,42,74,0,0,0,22,Rain,Medium,23,70,66,18,625,82.18,2.444,39848.3,30.85,83.41,93,1,1
2/2/2024 4:00,D001,VH001,Volkswagen,ID.4,77,520,2100,150,0,61.84,1.52,1218.93,55,68,0,0,1,24,Clear,Medium,22,57,43,18,625,82.18,10.018,39910.2,30.87,83.4,93,1,1
2/2/2024 6:00,D001,VH001,Volkswagen,ID.4,77,520,2100,150,0,24.84,0.96,330.46,46,82,0,1,0,25,Clear,Low,15,72,66,18,625,82.18,4.024,39935,30.92,83.37,93,1,1
2/2/2024 8:00,D001,VH001,Volkswagen,ID.4,77,520,2100,150,0,15.54,0.74,233.76,61,89,0,0,1,29,Cloudy,Medium,25,80,76,18,625,82.18,2.417,39950.6,30.92,83.37,93,1,1
2/2/2024 10:00,D001,VH001,Volkswagen,ID.4,77,520,2100,150,0,37.2,1.4,696.13,53,72,0,2,0,42,Clear,Medium,17,59,51,18,625,82.18,6.026,39987.8,31.02,83.31,93,1,1
2/2/2024 12:00,D001,VH001,Volkswagen,ID.4,77,520,2100,150,1,122.29,1.4,1625.5,93,102,0,0,0,5,Clear,Medium,16,72,47,21.7,625,82.18,18.82,40110,31.06,83.3,93,1,1
2/2/2024 14:00,D001,VH001,Volkswagen,ID.4,77,520,2100,150,0,32.06,1.63,368.28,35,92,0,0,1,43,Clear,Medium,14,81,74,18,625,82.18,5.194,40142.1,31.07,83.3,93,1,1
2/2/2024 16:00,D001,VH001,Volkswagen,ID.4,77,520,2100,150,1,166.76,2.73,2420.07,63,116,1,0,0,5,Clear,Medium,20,69,35,28.4,625,82.18,26.178,40308.9,31.13,83.28,93,1,1
2/2/2024 18:00,D001,VH001,Volkswagen,ID.4,77,520,2100,150,1,141.49,2.09,2347.75,70,86,0,0,0,4,Clear,Medium,12,51,22,20.8,626,82.17,21.775,40450.4,31.18,83.26,93,1,1
2/2/2024 20:00,D001,VH001,Volkswagen,ID.4,77,520,2100,150,0,54.2,1.76,908.67,51,74,0,0,0,42,Cloudy,Low,17,64,53,18,626,82.17,8.429,40504.6,31.2,83.25,93,1,1
2/2/2024 22:00,D001,VH001,Volkswagen,ID.4,77,520,2100,150,0,30.44,0.94,475.72,37,93,0,0,0,7,Fog,High,16,59,53,18,626,82.17,4.29,40535,31.21,83.25,93,1,1
2/3/2024 0:00,D001,VH001,Volkswagen,ID.4,77,520,2100,150,0,20.77,0.72,251.75,56,79,0,1,2,21,Fog,Low,15,63,59,18,626,82.17,2.927,40555.8,31.26,83.22,94,1,0
2/3/2024 2:00,D001,VH001,Volkswagen,ID.4,77,520,2100,150,1,152.24,2.22,1810.66,74,109,0,1,0,10,Cloudy,Low,18,71,41,25.8,626,82.17,22.493,40708,31.35,83.18,94,1,1
2/3/2024 4:00,D001,VH001,Volkswagen,ID.4,77,520,2100,150,0,51.81,1.69,939.61,46,79,0,1,3,34,Clear,Low,17,81,70,18,626,82.17,8.393,40759.8,31.41,83.15,94,1,1
2/3/2024 6:00,D001,VH001,Volkswagen,ID.4,77,520,2100,150,0,57.57,1.67,1114.39,47,76,0,0,0,27,Cloudy,Low,19,59,47,18,626,82.17,8.953,40817.4,31.43,83.14,94,1,1
2/3/2024 8:00,D001,VH001,Volkswagen,ID.4,77,520,2100,150,0,62.88,1.51,1151.28,50,87,0,1,0,15,Fog,Medium,23,91,79,18,626,82.17,8.862,40880.3,31.49,83.11,94,1,1
2/3/2024 10:00,D001,VH001,Volkswagen,ID.4,77,520,2100,150,0,43.57,0.94,478.04,63,70,0,1,1,15,Rain,Medium,18,61,52,18,626,82.17,6.353,40923.8,31.54,83.08,94,1,1
2/3/2024 12:00,D001,VH001,Volkswagen,ID.4,77,520,2100,150,0,48.29,1.46,602.43,43,64,0,0,0,20,Cloudy,Medium,22,64,54,18,626,82.17,7.51,40972.1,31.56,83.07,94,1,1
2/3/2024 14:00,D001,VH001,Volkswagen,ID.4,77,520,2100,150,1,69.23,1.01,1210.98,76,86,0,0,0,6,Rain,Low,22,53,40,18,626,82.17,9.589,41041.4,31.59,83.06,94,1,1
2/3/2024 16:00,D001,VH001,Volkswagen,ID.4,77,520,2100,150,1,137.24,2.09,2452.89,69,109,0,0,3,6,Rain,Medium,25,76,51,22.4,626,82.17,19.009,41178.6,31.63,83.05,94,1,1
2/3/2024 18:00,D001,VH001,Volkswagen,ID.4,77,520,2100,150,0,61.95,2.29,718.39,37,83,0,0,0,37,Rain,Medium,21,73,61,18,626,82.17,9.032,41240.5,31.65,83.04,94,1,1
2/3/2024 20:00,D001,VH001,Volkswagen,ID.4,77,520,2100,150,1,61.51,0.77,890.75,85,109,0,1,0,3,Fog,Low,22,48,37,18,626,82.17,8.236,41302.1,31.72,83.01,94,1,1
2/3/2024 22:00,D001,VH001,Volkswagen,ID.4,77,520,2100,150,0,15.73,1.02,246.72,30,85,0,1,0,30,Rain,Medium,14,76,73,18,626,82.17,2.293,41317.8,31.76,82.98,94,1,1
2/4/2024 0:00,D001,VH001,Volkswagen,ID.4,77,520,2100,150,0,34.85,1.27,451.36,41,79,0,1,2,25,Rain,Low,8,87,80,18,626,82.17,5.081,41352.6,31.81,82.95,95,1,1
2/4/2024 2:00,D001,VH001,Volkswagen,ID.4,77,520,2100,150,0,60.76,3.14,979.66,23,101,0,1,0,30,Rain,Medium,23,74,62,19.6,626,82.17,8.859,41413.4,31.88,82.92,95,1,1
2/4/2024 4:00,D001,VH001,Volkswagen,ID.4,77,520,2100,150,0,25.88,0.88,384.75,58,68,1,4,2,26,Rain,High,23,60,55,18,626,82.17,3.849,41439.3,32.04,82.81,95,1,1
2/4/2024 6:00,D001,VH001,Volkswagen,ID.4,77,520,2100,150,1,76.67,1.21,1242.89,72,118,1,1,1,9,Rain,Medium,16,85,70,18,626,82.16,10.832,41515.9,32.11,82.78,95,1,1
2/4/2024 8:00,D001,VH001,Volkswagen,ID.4,77,520,2100,150,0,9.92,0.7,184.19,42,63,0,1,1,28,Cloudy,High,22,62,59,18,626,82.16,1.543,41525.9,32.15,82.75,95,1,1
2/4/2024 10:00,D001,VH001,Volkswagen,ID.4,77,520,2100,150,0,58.23,1.5,1003.63,48,93,0,2,1,17,Clear,Medium,23,71,58,18.5,626,82.16,9.433,41584.1,32.25,82.7,95,1,1
2/4/2024 12:00,D001,VH001,Volkswagen,ID.4,77,520,2100,150,0,40.56,1.53,615.8,40,75,0,0,2,31,Fog,Medium,20,84,76,18,627,82.16,5.717,41624.7,32.27,82.69,95,1,1
2/4/2024 14:00,D001,VH001,Volkswagen,ID.4,77,520,2100,150,0,22.09,0.94,302.02,42,95,1,0,1,25,Clear,Low,16,85,80,18,627,82.16,3.65,41646.7,32.28,82.69,95,1,1
2/4/2024 16:00,D001,VH001,Volkswagen,ID.4,77,520,2100,150,0,21.11,0.88,250.37,40,90,0,1,1,21,Rain,Low,26,78,74,18,627,82.16,3.078,41667.9,32.32,82.66,95,1,1
2/4/2024 18:00,D001,VH001,Volkswagen,ID.4,77,520,2100,150,1,50.52,0.83,863.26,69,85,0,0,1,6,Rain,Medium,26,78,68,18,627,82.16,6.998,41718.4,32.34,82.66,95,1,1
2/4/2024 20:00,D001,VH001,Volkswagen,ID.4,77,520,2100,150,0,25.08,1.05,383.45,49,80,0,1,1,32,Fog,Medium,18,81,76,18,627,82.16,3.535,41743.5,32.39,82.63,95,1,1
2/4/2024 22:00,D001,VH001,Volkswagen,ID.4,77,520,2100,150,1,85.07,1.15,1644.78,84,95,0,2,0,8,Rain,Medium,22,47,31,18,627,82.16,11.783,41828.5,32.5,82.57,95,1,1
2/5/2024 0:00,D001,VH001,Volkswagen,ID.4,77,520,2100,150,1,67.67,1.04,905.68,75,87,0,2,1,8,Rain,Medium,18,81,68,18,627,82.16,9.373,41896.2,32.6,82.51,96,1,1
2/5/2024 2:00,D001,VH001,Volkswagen,ID.4,77,520,2100,150,0,21.26,1.11,220.11,32,70,0,0,1,27,Rain,Low,18,77,72,18,627,82.16,3.1,41917.5,32.61,82.51,96,1,1
2/5/2024 4:00,D001,VH001,Volkswagen,ID.4,77,520,2100,150,0,42.4,0.93,835.34,57,82,1,1,0,11,Clear,Medium,22,74,64,18,627,82.16,7.006,41959.9,32.67,82.48,96,1,1
2/5/2024 6:00,D001,VH001,Volkswagen,ID.4,77,520,2100,150,1,169.48,2.24,3080.39,80,99,0,1,3,7,Clear,Low,17,55,21,23.2,627,82.16,26.083,42129.3,32.77,82.43,96,1,1
2/5/2024 8:00,D001,VH001,Volkswagen,ID.4,77,520,2100,150,0,33.31,1.04,621.03,51,73,0,0,1,23,Clear,Medium,17,46,38,18,627,82.16,5.396,42162.6,32.78,82.43,96,1,1
2/5/2024 10:00,D001,VH001,Volkswagen,ID.4,77,520,2100,150,0,28.78,1.27,571.61,43,76,0,0,2,36,Clear,Medium,20,51,44,18,627,82.16,4.662,42191.4,32.79,82.42,96,1,1
2/5/2024 12:00,D001,VH001,Volkswagen,ID.4,77,520,2100,150,0,62.14,1.91,1158.41,43,90,0,1,1,28,Cloudy,Medium,18,69,56,18,627,82.16,9.664,42253.6,32.85,82.39,96,1,1
2/5/2024 14:00,D001,VH001,Volkswagen,ID.4,77,520,2100,150,0,19.08,1.13,318.79,31,85,0,0,1,31,Clear,High,22,76,71,18,627,82.16,3.091,42272.6,32.86,82.39,96,1,1
2/5/2024 16:00,D001,VH001,Volkswagen,ID.4,77,520,2100,150,0,45.78,1.29,569.69,47,87,0,1,1,19,Rain,Medium,25,74,65,18,627,82.16,6.675,42318.4,32.91,82.36,96,1,1
2/5/2024 18:00,D001,VH001,Volkswagen,ID.4,77,520,2100,150,1,80.89,1.14,859.21,79,115,0,1,0,7,Clear,Medium,19,62,45,22,627,82.16,12.449,42399.3,32.98,82.32,96,1,1
2/5/2024 20:00,D001,VH001,Volkswagen,ID.4,77,520,2100,150,1,97.4,1.32,1905.15,79,101,1,0,0,5,Rain,Low,22,64,46,20,627,82.16,13.761,42496.7,33.01,82.31,96,1,1
2/5/2024 22:00,D001,VH001,Volkswagen,ID.4,77,520,2100,150,0,29.27,0.94,540.06,56,86,0,0,1,25,Clear,Low,21,67,60,18,627,82.16,4.742,42526,33.02,82.31,96,1,0
2/6/2024 0:00,D001,VH001,Volkswagen,ID.4,77,520,2100,150,1,103.92,1.66,1055.34,71,96,0,0,0,12,Rain,Medium,15,65,46,19.9,627,82.15,14.394,42629.9,33.06,82.3,97,1,0
2/6/2024 2:00,D001,VH001,Volkswagen,ID.4,77,520,2100,150,0,38.85,1.45,545.1,31,74,0,1,1,12,Clear,Medium,16,55,46,18,627,82.15,6.294,42668.8,33.11,82.27,97,1,1
2/6/2024 4:00,D001,VH001,Volkswagen,ID.4,77,520,2100,150,1,145.96,3.03,2844.41,51,94,0,0,0,10,Fog,Medium,21,68,42,26.4,628,82.15,19.543,42814.7,33.17,82.25,97,1,1
2/6/2024 6:00,D001,VH001,Volkswagen,ID.4,77,520,2100,150,1,155.19,2.66,2075.9,61,129,0,0,0,7,Fog,Low,14,77,50,26.6,628,82.15,20.779,42969.9,33.22,82.23,97,1,1
2/6/2024 8:00,D001,VH001,Volkswagen,ID.4,77,520,2100,150,1,83.61,1.29,996.38,70,105,1,1,0,6,Clear,Low,24,76,58,24.4,628,82.15,13.125,43053.5,33.29,82.2,97,1,1
2/6/2024 10:00,D001,VH001,Volkswagen,ID.4,77,520,2100,150,1,75.29,1.16,793.14,71,112,0,1,1,6,Rain,Low,20,67,53,18,628,82.15,10.428,43128.8,33.36,82.16,97,1,1
2/6/2024 12:00,D001,VH001,Volkswagen,ID.4,77,520,2100,150,0,63.88,1.94,1008.61,49,72,0,0,0,38,Rain,Medium,20,52,39,18.2,628,82.15,9.314,43192.7,33.38,82.15,97,1,1
2/6/2024 14:00,D001,VH001,Volkswagen,ID.4,77,520,2100,150,0,20.65,0.92,273.54,34,84,0,0,1,19,Clear,Medium,19,48,43,18,628,82.15,3.345,43213.3,33.39,82.15,97,1,1
2/6/2024 16:00,D001,VH001,Volkswagen,ID.4,77,520,2100,150,1,57.21,0.79,735.69,81,105,1,1,1,5,Fog,Low,13,86,75,18,628,82.15,7.813,43270.5,33.45,82.12,97,1,1
2/6/2024 18:00,D001,VH001,Volkswagen,ID.4,77,520,2100,150,0,50.35,1.24,648.71,49,75,1,3,1,13,Clear,Medium,19,74,63,18,628,82.15,8.32,43320.9,33.58,82.04,97,1,1
2/6/2024 20:00,D001,VH001,Volkswagen,ID.4,77,520,2100,150,0,37.9,1.3,588.52,43,90,0,1,1,25,Clear,Medium,18,51,43,18,628,82.15,6.14,43358.8,33.64,82.01,97,1,1
2/6/2024 22:00,D001,VH001,Volkswagen,ID.4,77,520,2100,150,0,39.77,1.65,432.28,38,90,0,2,0,36,Rain,Low,22,48,40,18,628,82.15,5.798,43398.6,33.73,81.95,97,1,1
2/7/2024 0:00,D001,VH001,Volkswagen,ID.4,77,520,2100,150,1,112.5,1.91,1471.67,65,113,1,0,1,11,Fog,Medium,12,89,69,19.2,628,82.15,15.364,43511.1,33.77,81.94,98,1,1
2/7/2024 2:00,D001,VH001,Volkswagen,ID.4,77,520,2100,150,0,44.72,1.6,718.79,39,89,0,0,0,27,Rain,Medium,19,61,52,18,628,82.15,6.52,43555.8,33.79,81.94,98,1,1
2/7/2024 4:00,D001,VH001,Volkswagen,ID.4,77,520,2100,150,0,59.34,2.39,653.29,32,82,0,2,1,32,Clear,Low,15,74,61,18,628,82.15,9.613,43615.1,33.89,81.88,98,1,0
2/7/2024 6:00,D001,VH001,Volkswagen,ID.4,77,520,2100,150,1,63.54,1.13,877.96,66,94,0,0,0,10,Clear,Medium,22,70,57,18.6,628,82.15,9.779,43678.7,33.91,81.87,98,1,1
2/7/2024 8:00,D001,VH001,Volkswagen,ID.4,77,520,2100,150,1,141.43,2.04,1788.18,75,100,0,0,2,9,Clear,Low,24,73,44,29.5,628,82.14,21.766,43820.1,33.96,81.85,98,1,1
2/7/2024 10:00,D001,VH001,Volkswagen,ID.4,77,520,2100,150,0,45.45,1.67,711.35,39,76,0,1,0,30,Cloudy,High,15,71,61,18,628,82.14,7.068,43865.5,34.01,81.82,98,1,1
1/1/2024 0:00,D002,VH002,Volkswagen,ID.4 Pro,82,550,2200,150,0,33.72,1.47,636.43,36,77,0,2,0,32,Rain,Low,13,61,55,18,608,89.34,4.916,27294.7,18.26,89.05,42,1,1
1/1/2024 2:00,D002,VH002,Volkswagen,ID.4 Pro,82,550,2200,150,0,36.54,1.13,602.89,46,79,0,0,1,20,Rain,Medium,13,90,83,18,608,89.34,5.328,27331.3,18.27,89.04,42,1,1
1/1/2024 4:00,D002,VH002,Volkswagen,ID.4 Pro,82,550,2200,150,1,151.88,2.38,2760.65,67,104,0,0,1,7,Clear,Medium,19,74,45,27.3,608,89.34,23.374,27483.1,18.33,89.02,42,1,0
1/1/2024 6:00,D002,VH002,Volkswagen,ID.4 Pro,82,550,2200,150,0,15.26,1.08,176.93,40,90,0,0,2,42,Cloudy,Medium,17,89,86,18,608,89.34,2.373,27498.4,18.33,89.02,42,1,1
1/1/2024 8:00,D002,VH002,Volkswagen,ID.4 Pro,82,550,2200,150,1,69.57,1.14,1317.53,66,105,0,1,0,5,Rain,Medium,18,78,66,18,608,89.34,9.636,27568,18.4,88.99,42,1,1
1/1/2024 10:00,D002,VH002,Volkswagen,ID.4 Pro,82,550,2200,150,0,33.26,0.85,408.29,61,90,0,0,0,18,Rain,High,24,69,63,20.1,608,89.34,4.849,27601.2,18.41,88.98,42,1,1
1/1/2024 12:00,D002,VH002,Volkswagen,ID.4 Pro,82,550,2200,150,0,24.03,0.96,367.25,54,96,0,0,1,31,Cloudy,Medium,17,52,47,18,608,89.34,3.737,27625.3,18.42,88.98,42,1,1
1/1/2024 14:00,D002,VH002,Volkswagen,ID.4 Pro,82,550,2200,150,0,20.4,0.85,382.79,58,81,0,0,1,30,Clear,Medium,16,83,78,18,608,89.34,3.305,27645.7,18.42,88.98,42,1,1
1/1/2024 16:00,D002,VH002,Volkswagen,ID.4 Pro,82,550,2200,150,1,174.17,2.73,2940.41,68,89,0,0,2,10,Clear,Low,23,43,10,33.4,608,89.33,26.805,27819.8,18.49,88.96,42,1,1
1/1/2024 18:00,D002,VH002,Volkswagen,ID.4 Pro,82,550,2200,150,0,61.67,1.35,1017.33,59,85,0,1,4,18,Rain,Medium,23,87,76,18,608,89.33,8.991,27881.5,18.55,88.93,42,1,1
1/1/2024 20:00,D002,VH002,Volkswagen,ID.4 Pro,82,550,2200,150,0,31.69,1.24,609.69,35,85,0,0,2,20,Rain,Medium,10,81,75,18,608,89.33,4.62,27913.2,18.56,88.92,42,1,1
1/1/2024 22:00,D002,VH002,Volkswagen,ID.4 Pro,82,550,2200,150,0,39.95,1.52,471.48,38,79,0,1,0,28,Clear,Medium,14,92,84,18,608,89.33,6.472,27953.1,18.61,88.89,43,1,1
1/2/2024 0:00,D002,VH002,Volkswagen,ID.4 Pro,82,550,2200,150,1,138.67,1.75,1396.42,83,115,0,0,1,5,Clear,Medium,22,60,33,26.8,608,89.33,21.341,28091.8,18.66,88.88,43,1,1
1/2/2024 2:00,D002,VH002,Volkswagen,ID.4 Pro,82,550,2200,150,0,51.29,1.67,1007.58,44,67,0,0,0,30,Clear,Medium,11,74,63,18,608,89.33,8.309,28143.1,18.68,88.87,43,1,1
1/2/2024 4:00,D002,VH002,Volkswagen,ID.4 Pro,82,550,2200,150,0,9.77,0.62,185.55,47,86,0,3,0,25,Clear,Medium,16,53,51,18,608,89.33,1.583,28152.9,18.8,88.79,43,1,1
1/2/2024 6:00,D002,VH002,Volkswagen,ID.4 Pro,82,550,2200,150,1,105.86,1.66,1913.46,71,93,0,1,1,10,Rain,Low,24,49,31,23.7,608,89.33,14.663,28258.7,18.88,88.76,43,1,1
1/2/2024 8:00,D002,VH002,Volkswagen,ID.4 Pro,82,550,2200,150,0,58.49,1.91,1168.14,42,83,0,1,0,31,Fog,Low,18,66,55,18,608,89.33,8.244,28317.2,18.94,88.72,43,1,1
1/2/2024 10:00,D002,VH002,Volkswagen,ID.4 Pro,82,550,2200,150,1,169.66,2.58,3304.77,68,107,0,1,1,5,Rain,Low,12,62,33,24.1,608,89.33,23.5,28486.9,19.04,88.68,43,1,1
1/2/2024 12:00,D002,VH002,Volkswagen,ID.4 Pro,82,550,2200,150,0,28.87,1.14,351.7,57,64,0,0,0,38,Fog,Low,20,65,60,18,609,89.33,4.069,28515.7,19.05,88.67,43,1,1
1/2/2024 14:00,D002,VH002,Volkswagen,ID.4 Pro,82,550,2200,150,1,79.57,1.41,906.43,60,111,0,2,1,5,Cloudy,Medium,13,46,31,18,609,89.33,11.756,28595.3,19.16,88.61,43,1,1
1/2/2024 16:00,D002,VH002,Volkswagen,ID.4 Pro,82,550,2200,150,0,25.86,1,347.72,52,78,0,2,0,30,Clear,Low,15,66,60,18,609,89.33,4.189,28621.2,19.25,88.56,43,1,1
1/2/2024 18:00,D002,VH002,Volkswagen,ID.4 Pro,82,550,2200,150,1,155.41,2.49,3078.31,65,108,0,1,0,6,Cloudy,Medium,22,76,47,28.6,609,89.33,22.961,28776.6,19.34,88.52,43,1,1
1/2/2024 20:00,D002,VH002,Volkswagen,ID.4 Pro,82,550,2200,150,0,40.46,1.56,464.53,43,80,0,1,1,37,Clear,Medium,17,71,63,18,609,89.33,6.555,28817,19.39,88.49,43,1,1
1/2/2024 22:00,D002,VH002,Volkswagen,ID.4 Pro,82,550,2200,150,0,30.25,0.97,514.29,58,75,0,1,1,27,Rain,Low,19,59,53,18,609,89.33,4.41,28847.3,19.45,88.46,44,1,1
1/3/2024 0:00,D002,VH002,Volkswagen,ID.4 Pro,82,550,2200,150,1,76.66,1.38,1035.76,63,106,0,1,1,10,Clear,Medium,16,69,54,18,609,89.33,11.798,28924,19.51,88.43,44,1,1
1/3/2024 2:00,D002,VH002,Volkswagen,ID.4 Pro,82,550,2200,150,0,22.55,0.94,379.39,56,90,0,1,3,32,Clear,Low,11,66,61,18,609,89.32,3.653,28946.5,19.56,88.4,44,1,1
1/3/2024 4:00,D002,VH002,Volkswagen,ID.4 Pro,82,550,2200,150,1,51.9,0.85,881.12,66,93,0,0,1,4,Rain,Medium,20,55,46,18,609,89.32,7.189,28998.4,19.58,88.39,44,1,1
1/3/2024 6:00,D002,VH002,Volkswagen,ID.4 Pro,82,550,2200,150,1,161.02,2.47,2957.25,69,99,0,2,0,8,Clear,Medium,22,66,35,33.7,609,89.32,24.781,29159.4,19.71,88.32,44,1,1
1/3/2024 8:00,D002,VH002,Volkswagen,ID.4 Pro,82,550,2200,150,0,20.62,0.98,380.56,50,76,0,1,2,34,Clear,Medium,10,85,80,18,609,89.32,3.34,29180,19.76,88.29,44,1,1
1/3/2024 10:00,D002,VH002,Volkswagen,ID.4 Pro,82,550,2200,150,1,54.77,0.85,558.98,71,122,0,1,1,5,Clear,Medium,18,54,43,18,609,89.32,8.429,29234.8,19.82,88.26,44,1,1
1/3/2024 12:00,D002,VH002,Volkswagen,ID.4 Pro,82,550,2200,150,0,38.32,1.22,496.03,43,73,0,0,1,20,Rain,Low,19,51,44,18,609,89.32,5.587,29273.1,19.83,88.26,44,1,1
1/3/2024 14:00,D002,VH002,Volkswagen,ID.4 Pro,82,550,2200,150,0,64.39,1.86,1055.66,49,71,0,0,2,33,Clear,High,20,77,64,19,609,89.32,10.431,29337.5,19.86,88.25,44,1,1
1/3/2024 16:00,D002,VH002,Volkswagen,ID.4 Pro,82,550,2200,150,1,138.09,1.91,2394.16,77,120,0,0,0,7,Clear,Medium,17,79,53,19.5,609,89.32,21.252,29475.6,19.91,88.23,44,1,1
1/3/2024 18:00,D002,VH002,Volkswagen,ID.4 Pro,82,550,2200,150,1,149.81,2.35,2667.76,66,103,0,0,3,5,Clear,Medium,22,76,47,27.9,609,89.32,23.056,29625.4,19.96,88.22,44,1,1
1/3/2024 20:00,D002,VH002,Volkswagen,ID.4 Pro,82,550,2200,150,1,170.84,2.41,2420.3,73,115,0,2,0,4,Rain,Medium,14,61,32,25.1,610,89.32,23.663,29796.3,20.1,88.15,44,1,1
1/3/2024 22:00,D002,VH002,Volkswagen,ID.4 Pro,82,550,2200,150,0,64.14,2.43,768.79,33,83,0,0,0,29,Cloudy,High,24,86,73,21.1,610,89.32,9.975,29860.4,20.12,88.14,45,1,1
1/4/2024 0:00,D002,VH002,Volkswagen,ID.4 Pro,82,550,2200,150,0,26.06,1,511.24,52,77,0,0,0,30,Clear,Low,20,63,57,18,610,89.32,4.222,29886.5,20.13,88.13,45,1,1
1/4/2024 2:00,D002,VH002,Volkswagen,ID.4 Pro,82,550,2200,150,1,57.71,0.96,795.3,73,111,1,0,0,10,Rain,Low,19,79,69,18,610,89.32,8.153,29944.2,20.15,88.13,45,1,1
1/4/2024 4:00,D002,VH002,Volkswagen,ID.4 Pro,82,550,2200,150,1,141.42,1.91,2327.79,78,109,0,0,3,6,Rain,Low,18,70,46,25.7,610,89.31,19.588,30085.6,20.2,88.11,45,1,1
1/4/2024 6:00,D002,VH002,Volkswagen,ID.4 Pro,82,550,2200,150,1,72.16,1.24,1315.5,67,106,0,2,1,10,Clear,Low,11,65,51,18,610,89.31,11.105,30157.8,20.3,88.05,45,1,1
1/4/2024 8:00,D002,VH002,Volkswagen,ID.4 Pro,82,550,2200,150,0,55.75,2.14,743.56,41,92,0,1,1,47,Clear,Low,13,84,72,18,610,89.31,9.032,30213.5,20.36,88.02,45,1,1
1/4/2024 10:00,D002,VH002,Volkswagen,ID.4 Pro,82,550,2200,150,0,59.49,2.12,1056.44,38,87,0,2,1,33,Clear,High,20,66,54,18.5,610,89.31,9.637,30273,20.46,87.96,45,1,1
1/4/2024 12:00,D002,VH002,Volkswagen,ID.4 Pro,82,550,2200,150,1,80.38,1.71,1388.45,50,110,0,1,0,6,Clear,Low,15,53,37,21,610,89.31,12.37,30353.4,20.53,87.93,45,1,1
1/4/2024 14:00,D002,VH002,Volkswagen,ID.4 Pro,82,550,2200,150,1,170.64,3.06,3338.13,58,106,0,0,0,7,Clear,Low,13,61,28,25,610,89.31,26.261,30524,20.59,87.91,45,1,1
1/4/2024 16:00,D002,VH002,Volkswagen,ID.4 Pro,82,550,2200,150,0,57.33,2.08,796.6,36,84,0,1,0,29,Rain,High,19,69,58,18,610,89.31,8.359,30581.3,20.65,87.88,45,1,1
1/4/2024 18:00,D002,VH002,Volkswagen,ID.4 Pro,82,550,2200,150,1,153.23,2.22,1684.62,70,98,1,1,0,2,Fog,Low,21,59,33,27.8,610,89.31,20.927,30734.6,20.75,87.83,45,1,1
1/4/2024 20:00,D002,VH002,Volkswagen,ID.4 Pro,82,550,2200,150,1,90.06,1.49,1651.55,70,104,0,0,2,12,Clear,Medium,20,78,61,20.3,610,89.31,13.86,30824.6,20.78,87.82,45,1,1
1/4/2024 22:00,D002,VH002,Volkswagen,ID.4 Pro,82,550,2200,150,1,113.33,1.75,2047.48,71,126,0,0,0,9,Rain,Low,11,71,51,18,611,89.31,15.697,30938,20.82,87.81,46,1,1
1/5/2024 0:00,D002,VH002,Volkswagen,ID.4 Pro,82,550,2200,150,0,27.7,1.11,329.73,48,53,0,1,0,32,Rain,Low,21,69,64,18,611,89.31,4.039,30965.7,20.87,87.78,46,1,1
1/5/2024 2:00,D002,VH002,Volkswagen,ID.4 Pro,82,550,2200,150,0,59.99,1.7,880.19,44,79,0,0,1,20,Clear,Medium,19,72,60,18,611,89.31,9.718,31025.7,20.89,87.77,46,1,1
1/5/2024 4:00,D002,VH002,Volkswagen,ID.4 Pro,82,550,2200,150,1,91.52,2.57,1288.46,37,103,0,0,1,6,Rain,Medium,16,89,73,18,611,89.31,12.676,31117.2,20.92,87.76,46,1,1
1/5/2024 6:00,D002,VH002,Volkswagen,ID.4 Pro,82,550,2200,150,0,19.08,0.91,334.51,43,87,0,0,1,28,Clear,Medium,24,80,76,18,611,89.31,3.091,31136.3,20.93,87.76,46,1,0
1/5/2024 8:00,D002,VH002,Volkswagen,ID.4 Pro,82,550,2200,150,0,27.87,1.1,411.98,41,82,0,0,0,25,Clear,High,28,87,81,18,611,89.31,4.515,31164.1,20.94,87.76,46,1,1
1/5/2024 10:00,D002,VH002,Volkswagen,ID.4 Pro,82,550,2200,150,0,17.06,0.76,257.14,52,68,0,3,1,26,Clear,Low,14,61,57,18,611,89.3,2.764,31181.2,21.06,87.68,46,1,1
1/5/2024 12:00,D002,VH002,Volkswagen,ID.4 Pro,82,550,2200,150,0,59.72,1.86,754.92,46,94,0,0,1,34,Fog,High,22,70,59,18.1,611,89.3,8.417,31240.9,21.08,87.67,46,1,1
1/5/2024 14:00,D002,VH002,Volkswagen,ID.4 Pro,82,550,2200,150,1,174.47,2.59,3223.8,70,110,0,1,4,6,Clear,Medium,20,60,27,28.3,611,89.3,26.851,31415.4,21.18,87.63,46,1,1
1/5/2024 16:00,D002,VH002,Volkswagen,ID.4 Pro,82,550,2200,150,1,72.03,1.44,931.14,56,98,0,1,1,9,Clear,Low,18,48,34,18,611,89.3,11.085,31487.4,21.25,87.59,46,1,1
1/5/2024 18:00,D002,VH002,Volkswagen,ID.4 Pro,82,550,2200,150,1,85.26,1.16,1092.23,79,98,0,0,0,5,Clear,Medium,25,71,54,22,611,89.3,13.122,31572.7,21.28,87.58,46,1,1
1/5/2024 20:00,D002,VH002,Volkswagen,ID.4 Pro,82,550,2200,150,0,21.37,1.11,266.41,34,79,0,0,1,29,Rain,High,22,62,58,18,611,89.3,3.116,31594,21.29,87.58,46,1,1
1/5/2024 22:00,D002,VH002,Volkswagen,ID.4 Pro,82,550,2200,150,1,106.15,2,1162.3,57,120,0,0,0,8,Clear,Medium,17,78,58,19.3,611,89.3,16.336,31700.2,21.32,87.57,47,1,1
1/6/2024 0:00,D002,VH002,Volkswagen,ID.4 Pro,82,550,2200,150,0,47.19,1.24,932.81,57,65,0,1,1,25,Clear,High,13,72,62,18,611,89.3,7.645,31747.4,21.38,87.54,47,1,1
1/6/2024 2:00,D002,VH002,Volkswagen,ID.4 Pro,82,550,2200,150,1,127.57,1.67,1407.34,82,107,1,2,1,7,Rain,Low,15,56,34,24.5,611,89.3,18.023,31875,21.5,87.47,47,1,1
1/6/2024 4:00,D002,VH002,Volkswagen,ID.4 Pro,82,550,2200,150,1,50.96,0.8,735.85,68,119,0,0,0,3,Fog,Medium,21,48,39,18,611,89.3,6.823,31925.9,21.52,87.47,47,1,1
1/6/2024 6:00,D002,VH002,Volkswagen,ID.4 Pro,82,550,2200,150,0,43.16,1.3,693.24,56,92,0,0,0,32,Rain,Medium,18,77,69,18,611,89.3,6.293,31969.1,21.54,87.46,47,1,1
1/6/2024 8:00,D002,VH002,Volkswagen,ID.4 Pro,82,550,2200,150,0,49.14,1.45,797.97,49,92,0,1,2,27,Rain,Low,12,70,61,18,611,89.3,7.165,32018.2,21.6,87.43,47,1,1
1/6/2024 10:00,D002,VH002,Volkswagen,ID.4 Pro,82,550,2200,150,1,55.22,1.09,581.9,60,106,0,2,2,10,Clear,Low,25,90,79,19,611,89.3,8.498,32073.4,21.69,87.37,47,1,1
1/6/2024 12:00,D002,VH002,Volkswagen,ID.4 Pro,82,550,2200,150,0,50.49,1.44,852.89,51,78,1,1,1,27,Rain,High,21,81,71,18,611,89.3,7.509,32123.9,21.75,87.34,47,1,1
1/6/2024 14:00,D002,VH002,Volkswagen,ID.4 Pro,82,550,2200,150,0,30.52,1.6,398.42,34,92,0,1,0,42,Clear,Medium,24,61,54,18,612,89.3,4.944,32154.4,21.8,87.31,47,1,1
1/6/2024 16:00,D002,VH002,Volkswagen,ID.4 Pro,82,550,2200,150,0,51.85,1.7,944.47,44,94,0,3,1,31,Rain,Medium,26,78,68,18.6,612,89.3,7.56,32206.3,21.94,87.23,47,1,1
1/6/2024 18:00,D002,VH002,Volkswagen,ID.4 Pro,82,550,2200,150,0,28.16,1.02,288.62,48,77,0,0,0,26,Fog,High,22,67,62,18,612,89.3,3.969,32234.5,21.95,87.23,47,1,0
1/6/2024 20:00,D002,VH002,Volkswagen,ID.4 Pro,82,550,2200,150,0,10.9,0.6,115.49,43,96,0,2,0,21,Rain,Low,15,74,72,18,612,89.3,1.589,32245.4,22.03,87.18,47,1,1
1/6/2024 22:00,D002,VH002,Volkswagen,ID.4 Pro,82,550,2200,150,0,19.92,0.77,315.08,41,87,0,0,0,17,Fog,Low,19,55,51,18,612,89.3,2.808,32265.3,22.04,87.17,48,1,1
1/7/2024 0:00,D002,VH002,Volkswagen,ID.4 Pro,82,550,2200,150,0,62.24,2.46,742.47,30,87,0,2,0,23,Rain,Low,13,67,55,18,612,89.29,9.075,32327.5,22.14,87.12,48,1,1
1/7/2024 2:00,D002,VH002,Volkswagen,ID.4 Pro,82,550,2200,150,0,14.61,0.93,242.86,37,68,0,1,0,32,Clear,Low,30,72,69,18,612,89.29,2.367,32342.1,22.19,87.09,48,1,1
1/7/2024 4:00,D002,VH002,Volkswagen,ID.4 Pro,82,550,2200,150,0,30.3,1.16,383.6,47,81,0,3,1,31,Rain,High,19,70,64,18,612,89.29,4.418,32372.4,22.32,87.01,48,1,1
1/7/2024 6:00,D002,VH002,Volkswagen,ID.4 Pro,82,550,2200,150,0,39.12,1.05,595.11,52,82,0,1,0,18,Clear,High,17,84,76,18,612,89.29,6.337,32411.5,22.37,86.98,48,1,1
1/7/2024 8:00,D002,VH002,Volkswagen,ID.4 Pro,82,550,2200,150,0,51.49,1.66,1016.98,33,79,0,1,0,6,Cloudy,Low,19,44,34,18,612,89.29,8.008,32463,22.43,86.95,48,1,1
1/7/2024 10:00,D002,VH002,Volkswagen,ID.4 Pro,82,550,2200,150,0,62.13,1.59,1183.2,66,82,0,1,0,39,Clear,High,30,64,51,22.4,612,89.29,10.065,32525.2,22.49,86.92,48,1,1
1/7/2024 12:00,D002,VH002,Volkswagen,ID.4 Pro,82,550,2200,150,0,37.72,1.27,498.87,54,83,0,1,1,34,Rain,Medium,22,54,47,18,612,89.29,5.5,32562.9,22.55,86.89,48,1,1
1/7/2024 14:00,D002,VH002,Volkswagen,ID.4 Pro,82,550,2200,150,0,11.26,0.81,216.31,54,63,0,0,0,36,Rain,Low,26,63,60,18,612,89.29,1.642,32574.1,22.55,86.89,48,1,1
1/7/2024 16:00,D002,VH002,Volkswagen,ID.4 Pro,82,550,2200,150,1,120.83,1.64,1971.96,77,101,0,0,0,4,Clear,Medium,21,48,25,24.6,612,89.29,18.596,32695,22.59,86.87,48,1,1
1/7/2024 18:00,D002,VH002,Volkswagen,ID.4 Pro,82,550,2200,150,0,13.6,0.83,183.86,44,72,0,1,1,31,Cloudy,Low,17,69,66,18,612,89.29,2.115,32708.6,22.64,86.85,48,1,1
1/7/2024 20:00,D002,VH002,Volkswagen,ID.4 Pro,82,550,2200,150,1,93.94,1.3,1158.26,77,100,0,0,0,5,Rain,Low,17,62,46,22.4,612,89.29,13.012,32802.5,22.67,86.84,48,1,1
1/7/2024 22:00,D002,VH002,Volkswagen,ID.4 Pro,82,550,2200,150,0,55.32,1.85,869.46,37,77,0,1,2,21,Clear,Medium,20,53,42,18,612,89.29,8.962,32857.8,22.73,86.8,49,1,1
1/8/2024 0:00,D002,VH002,Volkswagen,ID.4 Pro,82,550,2200,150,1,173.18,2.57,3070.73,70,96,1,1,0,6,Clear,Low,14,71,37,28.9,612,89.29,27.185,33031,22.83,86.76,49,1,1
1/8/2024 2:00,D002,VH002,Volkswagen,ID.4 Pro,82,550,2200,150,0,41.57,1.3,696.96,51,72,0,1,1,29,Rain,Low,17,73,65,18,612,89.29,6.061,33072.6,22.88,86.73,49,1,1
1/8/2024 4:00,D002,VH002,Volkswagen,ID.4 Pro,82,550,2200,150,0,9.47,0.62,108.11,52,82,0,1,1,26,Rain,Medium,17,88,86,18,612,89.29,1.381,33082.1,22.93,86.7,49,1,1
1/8/2024 6:00,D002,VH002,Volkswagen,ID.4 Pro,82,550,2200,150,0,27.15,1.17,337.84,54,83,0,0,1,40,Fog,Low,18,59,54,18,612,89.29,3.827,33109.2,22.94,86.7,49,1,1
1/8/2024 8:00,D002,VH002,Volkswagen,ID.4 Pro,82,550,2200,150,0,26.72,0.77,276.93,59,85,0,2,0,19,Clear,Medium,19,71,65,18,612,89.29,4.329,33135.9,23.03,86.65,49,1,1
1/8/2024 10:00,D002,VH002,Volkswagen,ID.4 Pro,82,550,2200,150,1,58.35,0.82,880.06,77,110,0,3,0,4,Rain,Medium,20,68,58,18,612,89.29,8.082,33194.3,23.17,86.56,49,1,1
1/8/2024 12:00,D002,VH002,Volkswagen,ID.4 Pro,82,550,2200,150,1,85.53,1.19,1232.12,77,119,1,0,2,5,Fog,Low,21,74,59,18.7,612,89.29,11.681,33279.8,23.2,86.55,49,1,1
1/8/2024 14:00,D002,VH002,Volkswagen,ID.4 Pro,82,550,2200,150,1,154.13,2.25,2788.12,71,109,0,0,0,5,Fog,Medium,15,76,50,25.3,613,89.28,20.637,33433.9,23.25,86.53,49,1,1
1/8/2024 16:00,D002,VH002,Volkswagen,ID.4 Pro,82,550,2200,150,1,73.05,1.04,867.82,76,110,0,1,2,5,Clear,Medium,21,67,53,21.7,613,89.28,11.242,33507,23.32,86.5,49,1,1
1/8/2024 18:00,D002,VH002,Volkswagen,ID.4 Pro,82,550,2200,150,1,145.67,2.09,2414.54,75,111,1,0,0,9,Clear,Medium,19,57,29,26.4,613,89.28,22.867,33652.7,23.37,86.48,49,1,1
1/8/2024 20:00,D002,VH002,Volkswagen,ID.4 Pro,82,550,2200,150,0,29.92,1,564.16,35,99,0,2,0,9,Clear,Medium,22,77,71,18,613,89.28,4.847,33682.6,23.46,86.43,49,1,1
1/8/2024 22:00,D002,VH002,Volkswagen,ID.4 Pro,82,550,2200,150,0,43.23,1.52,733.11,54,96,1,0,0,43,Clear,Low,17,68,59,18,613,89.28,7.143,33725.8,23.47,86.42,50,1,1
1/9/2024 0:00,D002,VH002,Volkswagen,ID.4 Pro,82,550,2200,150,1,123.76,2.3,1464.98,59,117,0,1,0,12,Clear,Medium,18,57,33,25.2,613,89.28,19.047,33849.6,23.56,86.38,50,1,1
1/9/2024 2:00,D002,VH002,Volkswagen,ID.4 Pro,82,550,2200,150,1,160.9,2.2,2079.98,78,112,0,0,0,8,Fog,Medium,19,45,18,23.9,613,89.28,21.543,34010.5,23.61,86.37,50,1,1
1/9/2024 4:00,D002,VH002,Volkswagen,ID.4 Pro,82,550,2200,150,0,30.75,1.21,518.44,53,74,0,0,0,38,Rain,Low,25,74,68,18,613,89.28,4.483,34041.2,23.62,86.36,50,1,1
1/9/2024 6:00,D002,VH002,Volkswagen,ID.4 Pro,82,550,2200,150,1,80.26,1.41,1455.44,63,113,0,1,0,8,Clear,Low,23,51,35,19,613,89.28,12.352,34121.5,23.69,86.33,50,1,1
1/9/2024 8:00,D002,VH002,Volkswagen,ID.4 Pro,82,550,2200,150,0,23.83,0.81,457.9,54,64,0,1,0,22,Cloudy,High,17,54,49,18,613,89.28,3.706,34145.3,23.74,86.3,50,1,1
1/9/2024 10:00,D002,VH002,Volkswagen,ID.4 Pro,82,550,2200,150,0,62.17,2.06,929.06,39,71,1,3,2,28,Rain,Medium,17,43,31,18,613,89.28,9.246,34207.5,23.88,86.22,50,1,1
1/9/2024 12:00,D002,VH002,Volkswagen,ID.4 Pro,82,550,2200,150,1,177.94,2.43,2813.4,77,113,0,1,0,7,Clear,Low,22,59,25,32.4,613,89.28,27.385,34385.4,23.98,86.17,50,1,1
1/9/2024 14:00,D002,VH002,Volkswagen,ID.4 Pro,82,550,2200,150,1,142.35,2.02,2054.84,74,101,0,0,0,6,Fog,Low,23,81,57,25.3,613,89.28,19.06,34527.8,24.03,86.15,50,1,1
1/9/2024 16:00,D002,VH002,Volkswagen,ID.4 Pro,82,550,2200,150,0,30.08,1.34,493,33,70,0,0,2,26,Rain,Medium,17,62,56,18,613,89.27,4.386,34557.8,24.04,86.15,50,1,1
1/9/2024 18:00,D002,VH002,Volkswagen,ID.4 Pro,82,550,2200,150,0,19.89,0.88,386.98,35,74,0,1,2,19,Clear,Medium,12,74,70,18,613,89.27,3.222,34577.7,24.09,86.12,50,1,1
1/9/2024 20:00,D002,VH002,Volkswagen,ID.4 Pro,82,550,2200,150,0,24.57,0.87,436.04,51,72,0,0,0,23,Cloudy,Medium,19,78,73,18,614,89.27,3.821,34602.3,24.1,86.12,50,1,1
1/9/2024 22:00,D002,VH002,Volkswagen,ID.4 Pro,82,550,2200,150,1,105.46,1.67,1455.03,70,115,0,1,0,10,Rain,Medium,23,76,58,24.3,614,89.27,14.607,34707.8,24.18,86.08,51,1,1
1/10/2024 0:00,D002,VH002,Volkswagen,ID.4 Pro,82,550,2200,150,1,70.8,1.1,1365.74,73,102,0,4,0,8,Cloudy,Medium,15,88,75,19.9,614,89.27,10.46,34778.6,24.36,85.97,51,1,1
1/10/2024 2:00,D002,VH002,Volkswagen,ID.4 Pro,82,550,2200,150,0,39.34,1.34,471.52,46,77,0,2,1,29,Cloudy,Medium,18,57,49,18,614,89.27,6.118,34817.9,24.45,85.92,51,1,1
1/10/2024 4:00,D002,VH002,Volkswagen,ID.4 Pro,82,550,2200,150,0,20.9,0.82,407.02,40,97,0,0,1,18,Cloudy,Medium,22,86,82,18,614,89.27,3.25,34838.8,24.46,85.92,51,1,1
1/10/2024 6:00,D002,VH002,Volkswagen,ID.4 Pro,82,550,2200,150,0,20.38,1.15,256.81,36,82,1,2,1,35,Clear,Medium,22,75,70,18,614,89.27,3.368,34859.2,24.55,85.86,51,1,1
1/10/2024 8:00,D002,VH002,Volkswagen,ID.4 Pro,82,550,2200,150,1,72.71,1.25,1147.39,63,105,1,0,0,6,Rain,Medium,22,70,57,19.7,614,89.27,10.272,34931.9,24.57,85.85,51,1,1
1/10/2024 10:00,D002,VH002,Volkswagen,ID.4 Pro,82,550,2200,150,0,27.03,0.87,484.07,45,72,0,1,0,16,Clear,Low,26,75,69,18,614,89.27,4.379,34958.9,24.62,85.83,51,1,1
1/10/2024 12:00,D002,VH002,Volkswagen,ID.4 Pro,82,550,2200,150,1,179.89,2.49,3245.73,77,121,0,1,0,9,Fog,Medium,16,45,15,27.4,614,89.27,24.086,35138.8,24.73,85.78,51,1,1
1/10/2024 14:00,D002,VH002,Volkswagen,ID.4 Pro,82,550,2200,150,1,173.81,2.34,3418.64,77,121,0,0,0,5,Clear,Medium,23,77,44,34.8,614,89.27,26.749,35312.6,24.79,85.76,51,1,1
1/10/2024 16:00,D002,VH002,Volkswagen,ID.4 Pro,82,550,2200,150,0,59.61,1.46,865.96,53,78,0,3,0,20,Rain,Medium,18,70,59,18,614,89.27,8.691,35372.2,24.93,85.68,51,1,1
1/10/2024 18:00,D002,VH002,Volkswagen,ID.4 Pro,82,550,2200,150,1,155.28,2.52,2525.84,62,114,0,1,2,1,Rain,Medium,24,57,30,27.3,614,89.27,21.508,35527.5,25.02,85.63,51,1,1
1/10/2024 20:00,D002,VH002,Volkswagen,ID.4 Pro,82,550,2200,150,0,19.99,0.81,271.47,47,87,0,1,0,23,Clear,Low,18,65,61,18,614,89.27,3.238,35547.5,25.07,85.61,51,1,1
1/10/2024 22:00,D002,VH002,Volkswagen,ID.4 Pro,82,550,2200,150,1,86.97,1.34,1652.68,72,113,0,0,0,8,Clear,Medium,19,71,54,18.1,614,89.27,13.385,35634.5,25.1,85.6,52,1,1
1/11/2024 0:00,D002,VH002,Volkswagen,ID.4 Pro,82,550,2200,150,0,39.62,1.55,659.03,36,76,0,3,1,27,Rain,High,16,53,45,18,614,89.26,5.777,35674.1,25.23,85.52,52,1,1
1/11/2024 2:00,D002,VH002,Volkswagen,ID.4 Pro,82,550,2200,150,1,120.98,2.05,2241.72,63,112,0,1,1,8,Clear,Medium,22,54,31,24.5,614,89.26,18.619,35795.1,25.32,85.48,52,1,1
1/11/2024 4:00,D002,VH002,Volkswagen,ID.4 Pro,82,550,2200,150,0,16.45,0.82,320.94,45,92,0,3,0,27,Rain,Medium,23,63,60,18,614,89.26,2.398,35811.5,25.44,85.4,52,1,1
1/11/2024 6:00,D002,VH002,Volkswagen,ID.4 Pro,82,550,2200,150,0,55.93,1.72,574.97,44,81,0,0,1,27,Clear,Low,16,72,60,18,615,89.26,9.061,35867.5,25.46,85.39,52,1,1
1/11/2024 8:00,D002,VH002,Volkswagen,ID.4 Pro,82,550,2200,150,1,115.73,1.83,1912.29,67,107,0,1,0,6,Rain,Low,23,91,71,24.3,615,89.26,16.03,35983.2,25.54,85.35,52,1,1
1/11/2024 10:00,D002,VH002,Volkswagen,ID.4 Pro,82,550,2200,150,0,15.57,0.89,306.19,40,78,0,1,0,30,Clear,Medium,20,57,53,18,615,89.26,2.522,35998.8,25.59,85.33,52,1,1
1/11/2024 12:00,D002,VH002,Volkswagen,ID.4 Pro,82,550,2200,150,0,34.04,1.19,409.14,53,77,0,2,0,33,Fog,High,14,64,58,18,615,89.26,4.798,36032.8,25.68,85.27,52,1,1
1/11/2024 14:00,D002,VH002,Volkswagen,ID.4 Pro,82,550,2200,150,1,168.43,2.87,2168.01,62,94,0,1,1,9,Cloudy,Medium,15,93,62,28.5,615,89.26,24.885,36201.2,25.78,85.23,52,1,1
1/11/2024 16:00,D002,VH002,Volkswagen,ID.4 Pro,82,550,2200,150,1,178.92,2.79,2128.81,67,116,0,2,0,7,Clear,Medium,22,66,32,30.7,615,89.26,27.536,36380.1,25.92,85.16,52,1,1
1/11/2024 18:00,D002,VH002,Volkswagen,ID.4 Pro,82,550,2200,150,1,106.04,1.63,1274.32,68,110,0,2,1,4,Clear,Medium,17,82,62,19.8,615,89.26,16.32,36486.2,26.04,85.09,52,1,1
1/11/2024 20:00,D002,VH002,Volkswagen,ID.4 Pro,82,550,2200,150,1,96.25,1.53,1302.67,68,113,0,0,1,7,Fog,Medium,13,70,54,18,615,89.26,12.887,36582.4,26.07,85.08,52,1,1
1/11/2024 22:00,D002,VH002,Volkswagen,ID.4 Pro,82,550,2200,150,0,62.14,1.77,1208.77,46,61,0,0,0,25,Clear,Medium,18,59,46,18,615,89.26,10.067,36644.6,26.09,85.07,53,1,1
1/12/2024 0:00,D002,VH002,Volkswagen,ID.4 Pro,82,550,2200,150,0,36.08,1.12,619.65,48,68,0,0,1,22,Clear,Medium,23,60,52,18,615,89.26,5.845,36680.7,26.11,85.07,53,1,1
1/12/2024 2:00,D002,VH002,Volkswagen,ID.4 Pro,82,550,2200,150,0,31.18,1.16,604.84,45,76,0,0,1,28,Clear,Low,18,48,41,18,615,89.26,5.051,36711.8,26.12,85.07,53,1,1
1/12/2024 4:00,D002,VH002,Volkswagen,ID.4 Pro,82,550,2200,150,1,82.69,1.28,1137.68,70,111,0,1,2,6,Rain,Medium,9,90,76,18,615,89.25,11.453,36794.5,26.19,85.03,53,1,1
1/12/2024 6:00,D002,VH002,Volkswagen,ID.4 Pro,82,550,2200,150,0,22.88,0.67,420.72,62,95,0,1,0,18,Clear,Medium,15,64,59,18,615,89.25,3.707,36817.4,26.23,85,53,1,1
1/12/2024 8:00,D002,VH002,Volkswagen,ID.4 Pro,82,550,2200,150,0,18.15,0.74,330.22,46,75,0,0,0,21,Rain,Medium,22,74,70,18,615,89.25,2.646,36835.6,26.24,85,53,1,1
1/12/2024 10:00,D002,VH002,Volkswagen,ID.4 Pro,82,550,2200,150,1,88.91,1.27,969.44,78,93,0,0,0,8,Cloudy,Low,15,78,61,18,615,89.25,13.136,36924.5,26.27,84.99,53,1,1
1/12/2024 12:00,D002,VH002,Volkswagen,ID.4 Pro,82,550,2200,150,1,67.5,1.07,976.14,75,94,0,0,2,10,Rain,Medium,19,70,58,18,615,89.25,9.349,36992,26.3,84.98,53,1,1
1/12/2024 14:00,D002,VH002,Volkswagen,ID.4 Pro,82,550,2200,150,1,67,1.09,1122.32,71,117,2,0,1,9,Clear,Low,20,72,58,19.6,615,89.25,10.724,37059,26.32,84.97,53,1,1
1/12/2024 16:00,D002,VH002,Volkswagen,ID.4 Pro,82,550,2200,150,0,39.61,1.48,582.28,35,80,0,1,1,21,Rain,High,21,80,72,18,616,89.25,5.775,37098.6,26.37,84.94,53,1,1
1/12/2024 18:00,D002,VH002,Volkswagen,ID.4 Pro,82,550,2200,150,0,56.15,2.05,871.8,37,57,0,0,1,32,Rain,High,14,84,74,18,616,89.25,8.187,37154.7,26.39,84.94,53,1,1
1/12/2024 20:00,D002,VH002,Volkswagen,ID.4 Pro,82,550,2200,150,0,19.06,0.77,259.96,54,78,0,1,1,25,Cloudy,High,17,69,65,18,616,89.25,2.964,37173.8,26.44,84.91,53,1,1
1/12/2024 22:00,D002,VH002,Volkswagen,ID.4 Pro,82,550,2200,150,0,47.54,1.59,651.66,45,82,0,0,1,32,Rain,High,15,44,35,18,616,89.25,6.931,37221.3,26.46,84.9,54,1,1
1/13/2024 0:00,D002,VH002,Volkswagen,ID.4 Pro,82,550,2200,150,0,17.97,0.7,193.44,51,61,0,1,0,21,Fog,Low,19,79,75,18,616,89.25,2.533,37239.3,26.5,84.88,54,1,1
1/13/2024 2:00,D002,VH002,Volkswagen,ID.4 Pro,82,550,2200,150,1,76.08,1.24,1356.55,67,120,0,1,2,6,Rain,Medium,23,75,62,19.3,616,89.25,10.538,37315.4,26.57,84.84,54,1,1
1/13/2024 4:00,D002,VH002,Volkswagen,ID.4 Pro,82,550,2200,150,0,15.11,0.85,268.2,38,82,0,0,0,27,Fog,Medium,25,69,66,18,616,89.25,2.13,37330.5,26.57,84.84,54,1,1
1/13/2024 6:00,D002,VH002,Volkswagen,ID.4 Pro,82,550,2200,150,1,93.37,1.49,1341.88,67,114,0,0,0,6,Cloudy,Medium,18,72,55,22.5,616,89.25,13.795,37423.9,26.61,84.83,54,1,1
1/13/2024 8:00,D002,VH002,Volkswagen,ID.4 Pro,82,550,2200,150,1,77.53,1.1,1125.33,76,109,0,0,4,5,Rain,Medium,15,64,50,18,616,89.25,10.739,37501.4,26.63,84.82,54,1,1
1/13/2024 10:00,D002,VH002,Volkswagen,ID.4 Pro,82,550,2200,150,0,12.24,0.8,205.86,32,79,0,0,0,25,Cloudy,Medium,11,47,44,18,616,89.25,1.904,37513.6,26.64,84.82,54,1,1
1/13/2024 12:00,D002,VH002,Volkswagen,ID.4 Pro,82,550,2200,150,0,43.18,1.44,578.48,55,97,1,0,0,39,Fog,Medium,20,53,45,18,616,89.25,6.208,37556.8,26.65,84.81,54,1,1
1/13/2024 14:00,D002,VH002,Volkswagen,ID.4 Pro,82,550,2200,150,1,140.61,1.93,1433.68,77,122,1,3,1,6,Clear,Low,15,76,49,26.3,616,89.25,22.073,37697.4,26.82,84.72,54,1,1
1/13/2024 16:00,D002,VH002,Volkswagen,ID.4 Pro,82,550,2200,150,0,56.17,1.39,751.72,54,72,0,3,0,21,Clear,High,14,90,78,18,616,89.25,9.1,37753.6,26.96,84.64,54,1,1
1/13/2024 18:00,D002,VH002,Volkswagen,ID.4 Pro,82,550,2200,150,0,10.48,0.74,179.03,41,78,0,0,0,29,Rain,Medium,17,51,49,18,616,89.25,1.528,37764.1,26.97,84.64,54,1,1
1/13/2024 20:00,D002,VH002,Volkswagen,ID.4 Pro,82,550,2200,150,1,83.72,1.57,1630.79,57,100,0,1,1,6,Clear,Medium,17,84,68,18.1,616,89.25,12.885,37847.8,27.04,84.6,54,1,1
1/13/2024 22:00,D002,VH002,Volkswagen,ID.4 Pro,82,550,2200,150,0,23.31,0.93,439.23,38,74,0,0,3,19,Rain,Medium,19,66,61,18,616,89.25,3.399,37871.1,27.04,84.6,55,1,0
1/14/2024 0:00,D002,VH002,Volkswagen,ID.4 Pro,82,550,2200,150,1,160.15,2.47,2986.82,68,126,0,2,1,7,Clear,Medium,13,69,38,23.1,616,89.24,24.647,38031.2,27.18,84.53,55,1,1
1/14/2024 2:00,D002,VH002,Volkswagen,ID.4 Pro,82,550,2200,150,0,12.37,0.91,216.3,38,67,0,1,0,35,Fog,Medium,24,79,76,18,616,89.24,1.743,38043.6,27.22,84.51,55,1,0
1/14/2024 4:00,D002,VH002,Volkswagen,ID.4 Pro,82,550,2200,150,0,30.07,1.26,532.71,51,81,0,1,0,40,Rain,Medium,19,73,67,18,616,89.24,4.384,38073.7,27.27,84.48,55,1,1
1/14/2024 6:00,D002,VH002,Volkswagen,ID.4 Pro,82,550,2200,150,1,110.31,1.66,1985.76,70,92,0,1,1,5,Clear,Low,17,48,27,21.2,616,89.24,16.977,38184,27.35,84.44,55,1,1
1/14/2024 8:00,D002,VH002,Volkswagen,ID.4 Pro,82,550,2200,150,0,52.64,1.36,800.64,54,79,0,1,1,23,Rain,Medium,17,58,48,18,616,89.24,7.675,38236.6,27.41,84.41,55,1,1
1/14/2024 10:00,D002,VH002,Volkswagen,ID.4 Pro,82,550,2200,150,1,115.01,1.79,1332.47,70,105,0,0,2,9,Cloudy,Medium,25,62,41,22,617,89.24,16.992,38351.6,27.45,84.39,55,1,1
1/14/2024 12:00,D002,VH002,Volkswagen,ID.4 Pro,82,550,2200,150,1,53.31,0.87,1050.36,71,110,0,0,0,7,Clear,Low,19,69,58,18,617,89.24,8.204,38405,27.47,84.39,55,1,1
1/14/2024 14:00,D002,VH002,Volkswagen,ID.4 Pro,82,550,2200,150,0,33.59,1.13,552.57,47,91,0,1,0,25,Rain,Low,18,61,55,18,617,89.24,4.897,38438.5,27.52,84.36,55,1,1
1/14/2024 16:00,D002,VH002,Volkswagen,ID.4 Pro,82,550,2200,150,1,151.54,2.36,2924.37,65,96,1,0,1,2,Clear,Low,19,78,48,28.1,617,89.24,23.788,38590.1,27.58,84.34,55,1,1
1/14/2024 18:00,D002,VH002,Volkswagen,ID.4 Pro,82,550,2200,150,0,11.73,0.78,232.54,37,61,0,2,2,28,Rain,High,16,72,69,18,617,89.24,1.71,38601.8,27.66,84.29,55,1,1
1/14/2024 20:00,D002,VH002,Volkswagen,ID.4 Pro,82,550,2200,150,0,52.87,1.52,938.01,45,82,0,0,0,21,Rain,High,26,73,63,18,617,89.24,7.708,38654.7,27.68,84.28,55,1,1
1/14/2024 22:00,D002,VH002,Volkswagen,ID.4 Pro,82,550,2200,150,0,44.52,1.44,852.1,37,62,0,1,1,14,Clear,High,19,68,59,18,617,89.24,7.212,38699.2,27.73,84.25,56,1,1
1/15/2024 0:00,D002,VH002,Volkswagen,ID.4 Pro,82,550,2200,150,0,14.15,0.92,154.03,31,75,0,0,0,28,Fog,High,15,69,66,18,617,89.24,1.994,38713.4,27.74,84.25,56,1,1
1/15/2024 2:00,D002,VH002,Volkswagen,ID.4 Pro,82,550,2200,150,0,38.05,1.31,721.59,50,80,0,1,1,33,Fog,Medium,19,66,59,18,617,89.24,5.363,38751.4,27.79,84.22,56,1,1
1/15/2024 4:00,D002,VH002,Volkswagen,ID.4 Pro,82,550,2200,150,0,36.7,1.6,662.25,38,98,0,1,0,38,Clear,Medium,22,78,70,18,617,89.24,5.945,38788.1,27.84,84.19,56,1,1
1/15/2024 6:00,D002,VH002,Volkswagen,ID.4 Pro,82,550,2200,150,0,44.72,1.58,582.85,45,80,0,0,0,35,Fog,Medium,11,88,80,18,617,89.24,6.303,38832.8,27.86,84.19,56,1,1
1/15/2024 8:00,D002,VH002,Volkswagen,ID.4 Pro,82,550,2200,150,0,33.92,1.22,631.09,39,95,0,0,1,21,Rain,Medium,20,63,56,18,617,89.24,4.946,38866.7,27.87,84.18,56,1,1
1/15/2024 10:00,D002,VH002,Volkswagen,ID.4 Pro,82,550,2200,150,0,38.55,1.32,521.1,45,70,0,1,0,28,Rain,High,18,56,49,18,617,89.24,5.621,38905.3,27.93,84.15,56,1,1
1/15/2024 12:00,D002,VH002,Volkswagen,ID.4 Pro,82,550,2200,150,0,52.79,1.98,978.18,37,78,0,2,1,33,Fog,High,21,61,51,18,617,89.24,7.44,38958.1,28.02,84.1,56,1,1
1/15/2024 14:00,D002,VH002,Volkswagen,ID.4 Pro,82,550,2200,150,1,122,1.79,1269.62,73,101,0,0,0,7,Clear,Low,24,62,39,24.8,617,89.23,18.776,39080.1,28.07,84.08,56,1,1
1/15/2024 16:00,D002,VH002,Volkswagen,ID.4 Pro,82,550,2200,150,0,18.16,0.67,296.72,47,70,0,1,1,17,Cloudy,High,13,74,70,18,617,89.23,2.824,39098.2,28.11,84.05,56,1,1
1/15/2024 18:00,D002,VH002,Volkswagen,ID.4 Pro,82,550,2200,150,1,174.36,3.2,2972.68,56,101,0,2,1,5,Rain,Low,13,63,33,26.1,617,89.23,24.151,39272.6,28.25,83.98,56,1,1
1/15/2024 20:00,D002,VH002,Volkswagen,ID.4 Pro,82,550,2200,150,1,131.44,2.41,2484.33,57,92,0,0,0,6,Clear,Medium,19,70,45,22,617,89.23,20.229,39404,28.3,83.97,56,1,1
1/15/2024 22:00,D002,VH002,Volkswagen,ID.4 Pro,82,550,2200,150,0,50.77,1.28,529.8,47,80,0,1,1,12,Clear,Medium,19,77,66,18,617,89.23,8.225,39454.8,28.36,83.94,57,1,1
1/16/2024 0:00,D002,VH002,Volkswagen,ID.4 Pro,82,550,2200,150,0,32.4,1.16,456.48,47,68,0,1,3,28,Rain,Medium,16,77,71,18,617,89.23,4.724,39487.2,28.41,83.91,57,1,1
1/16/2024 2:00,D002,VH002,Volkswagen,ID.4 Pro,82,550,2200,150,1,146.36,2.03,2826.11,76,106,0,2,0,6,Clear,Medium,21,78,50,26.9,618,89.23,22.525,39633.6,28.54,83.84,57,1,1
1/16/2024 4:00,D002,VH002,Volkswagen,ID.4 Pro,82,550,2200,150,0,25.7,0.94,320.56,49,90,0,1,0,25,Rain,Low,15,71,66,18,618,89.23,3.747,39659.3,28.59,83.81,57,1,1
1/16/2024 6:00,D002,VH002,Volkswagen,ID.4 Pro,82,550,2200,150,0,50.24,1.58,559.43,44,60,1,2,1,26,Cloudy,Medium,19,70,60,18,618,89.23,7.97,39709.5,28.69,83.76,57,1,0
1/16/2024 8:00,D002,VH002,Volkswagen,ID.4 Pro,82,550,2200,150,0,20.84,0.79,271.53,41,83,0,0,0,17,Clear,Medium,14,61,56,18,618,89.23,3.376,39730.4,28.69,83.75,57,1,1
1/16/2024 10:00,D002,VH002,Volkswagen,ID.4 Pro,82,550,2200,150,0,17.84,1.02,341.21,29,100,0,0,1,24,Clear,High,20,85,81,18,618,89.23,2.89,39748.2,28.7,83.75,57,1,1
1/16/2024 12:00,D002,VH002,Volkswagen,ID.4 Pro,82,550,2200,150,1,93.32,1.22,1307.03,87,103,0,1,2,9,Clear,Medium,23,48,30,24.4,618,89.23,14.362,39841.5,28.77,83.72,57,1,1
1/16/2024 14:00,D002,VH002,Volkswagen,ID.4 Pro,82,550,2200,150,0,46.11,1.17,813.98,56,86,0,0,0,21,Clear,Medium,22,76,66,18,618,89.23,7.47,39887.6,28.79,83.71,57,1,1
1/16/2024 16:00,D002,VH002,Volkswagen,ID.4 Pro,82,550,2200,150,0,62.24,1.92,790.07,42,60,0,2,0,26,Rain,Medium,28,52,40,18,618,89.23,9.075,39949.9,28.89,83.65,57,1,0
1/16/2024 18:00,D002,VH002,Volkswagen,ID.4 Pro,82,550,2200,150,0,51.04,1.24,641.55,62,81,0,0,0,25,Clear,Low,23,63,52,18,618,89.23,8.268,40000.9,28.91,83.65,57,1,1
1/16/2024 20:00,D002,VH002,Volkswagen,ID.4 Pro,82,550,2200,150,0,26.17,1.18,454.12,33,104,0,1,0,23,Rain,High,24,50,45,18,618,89.23,3.816,40027.1,28.96,83.62,57,1,1
1/16/2024 22:00,D002,VH002,Volkswagen,ID.4 Pro,82,550,2200,150,0,19.18,0.64,321.37,38,84,0,0,1,8,Rain,Medium,13,71,67,18,618,89.23,2.796,40046.3,28.96,83.62,58,1,1
1/17/2024 0:00,D002,VH002,Volkswagen,ID.4 Pro,82,550,2200,150,1,160.47,3.09,1932.04,54,117,0,0,2,7,Clear,Medium,12,81,50,22.4,618,89.22,24.696,40206.7,29.02,83.6,58,1,1
1/17/2024 2:00,D002,VH002,Volkswagen,ID.4 Pro,82,550,2200,150,0,55.47,1.39,1101.41,57,85,0,2,3,25,Clear,High,22,76,65,20.3,618,89.22,8.986,40262.2,29.12,83.54,58,1,1
1/17/2024 4:00,D002,VH002,Volkswagen,ID.4 Pro,82,550,2200,150,1,71.62,1.14,1415.06,70,117,0,1,1,7,Clear,Medium,16,54,40,18,618,89.22,11.022,40333.8,29.19,83.51,58,1,1
1/17/2024 6:00,D002,VH002,Volkswagen,ID.4 Pro,82,550,2200,150,0,56.81,1.49,830.23,49,78,0,2,1,20,Clear,High,20,78,66,18,618,89.22,9.203,40390.6,29.29,83.45,58,1,1
1/17/2024 8:00,D002,VH002,Volkswagen,ID.4 Pro,82,550,2200,150,0,58.94,2.21,991.71,39,76,0,2,1,42,Rain,Medium,20,83,72,18,618,89.22,8.593,40449.6,29.39,83.39,58,1,0
1/17/2024 10:00,D002,VH002,Volkswagen,ID.4 Pro,82,550,2200,150,0,36.26,1.14,685.91,46,78,0,1,0,21,Fog,Low,19,65,58,18,618,89.22,5.11,40485.8,29.44,83.36,58,1,1
1/17/2024 12:00,D002,VH002,Volkswagen,ID.4 Pro,82,550,2200,150,0,44.83,1.2,686.92,56,83,0,1,0,24,Clear,Low,22,81,72,18,618,89.22,7.262,40530.7,29.49,83.33,58,1,0
1/17/2024 14:00,D002,VH002,Volkswagen,ID.4 Pro,82,550,2200,150,0,12.01,0.69,236.93,37,69,0,3,1,22,Clear,Medium,19,76,73,18,618,89.22,1.946,40542.7,29.62,83.26,58,1,1
1/17/2024 16:00,D002,VH002,Volkswagen,ID.4 Pro,82,550,2200,150,1,175.89,2.59,2114.08,71,116,0,1,1,7,Clear,Medium,15,72,38,29.4,619,89.22,27.069,40718.6,29.72,83.21,58,1,1
1/17/2024 18:00,D002,VH002,Volkswagen,ID.4 Pro,82,550,2200,150,0,11.86,0.51,119.92,43,71,0,1,1,14,Rain,Medium,21,62,59,18,619,89.22,1.729,40730.4,29.76,83.18,58,1,1
1/17/2024 20:00,D002,VH002,Volkswagen,ID.4 Pro,82,550,2200,150,0,38.7,1.71,569.73,39,88,1,2,1,43,Rain,Low,16,79,71,18,619,89.22,5.755,40769.1,29.86,83.13,58,1,1
1/17/2024 22:00,D002,VH002,Volkswagen,ID.4 Pro,82,550,2200,150,1,157.84,2.15,2712.03,77,109,0,1,1,6,Rain,Medium,24,63,36,28.2,619,89.22,21.862,40927,29.95,83.09,59,1,1
1/18/2024 0:00,D002,VH002,Volkswagen,ID.4 Pro,82,550,2200,150,0,57.66,2.08,581.2,38,67,1,0,0,34,Rain,Medium,22,63,52,20.9,619,89.22,8.575,40984.6,29.97,83.08,59,1,1
1/18/2024 2:00,D002,VH002,Volkswagen,ID.4 Pro,82,550,2200,150,0,38.9,1.22,636.46,53,68,0,1,0,29,Clear,High,23,81,73,18,619,89.22,6.302,41023.5,30.03,83.05,59,1,1
1/18/2024 4:00,D002,VH002,Volkswagen,ID.4 Pro,82,550,2200,150,1,132.95,1.99,2241.22,69,93,0,0,2,4,Rain,Medium,18,47,24,26.3,619,89.22,18.415,41156.5,30.07,83.03,59,1,1
1/18/2024 6:00,D002,VH002,Volkswagen,ID.4 Pro,82,550,2200,150,0,62.28,1.92,1123.3,41,91,0,0,0,24,Rain,High,15,71,59,18,619,89.22,9.08,41218.7,30.1,83.03,59,1,1
1/18/2024 8:00,D002,VH002,Volkswagen,ID.4 Pro,82,550,2200,150,0,24.55,0.97,425.55,50,74,0,0,0,29,Clear,Medium,24,54,49,18,619,89.21,3.977,41243.3,30.1,83.02,59,1,1
1/18/2024 10:00,D002,VH002,Volkswagen,ID.4 Pro,82,550,2200,150,0,36.16,1.25,659.54,48,78,0,0,0,30,Clear,Medium,16,86,78,18,619,89.21,5.858,41279.5,30.12,83.02,59,1,1
1/18/2024 12:00,D002,VH002,Volkswagen,ID.4 Pro,82,550,2200,150,0,56.12,1.48,698.05,49,84,0,1,0,20,Clear,Medium,18,93,81,18,619,89.21,9.091,41335.6,30.18,82.99,59,1,1
1/18/2024 14:00,D002,VH002,Volkswagen,ID.4 Pro,82,550,2200,150,0,32.55,1.54,326.82,33,87,0,1,0,33,Rain,Medium,30,71,65,18,619,89.21,4.746,41368.1,30.23,82.96,59,1,1
1/18/2024 16:00,D002,VH002,Volkswagen,ID.4 Pro,82,550,2200,150,1,128.48,2.28,2216.29,59,117,0,1,1,6,Clear,Medium,15,62,37,20.6,619,89.21,19.773,41496.6,30.31,82.92,59,1,1
1/18/2024 18:00,D002,VH002,Volkswagen,ID.4 Pro,82,550,2200,150,0,42.92,1.49,482.87,42,86,0,0,1,28,Rain,Low,23,68,60,18,619,89.21,6.258,41539.5,30.33,82.91,59,1,1
1/18/2024 20:00,D002,VH002,Volkswagen,ID.4 Pro,82,550,2200,150,0,52.44,2.38,913.78,27,65,0,0,0,26,Clear,Medium,22,82,71,18,619,89.21,8.495,41592,30.35,82.91,59,1,1
1/18/2024 22:00,D002,VH002,Volkswagen,ID.4 Pro,82,550,2200,150,1,108.44,1.97,1861.14,59,114,0,2,0,8,Clear,Low,20,45,24,20.9,619,89.21,16.689,41700.4,30.46,82.84,60,1,1
1/19/2024 0:00,D002,VH002,Volkswagen,ID.4 Pro,82,550,2200,150,1,85.61,1.27,945.57,74,115,0,1,1,7,Clear,Medium,25,68,51,21.5,619,89.21,13.175,41786,30.53,82.81,60,1,1
1/19/2024 2:00,D002,VH002,Volkswagen,ID.4 Pro,82,550,2200,150,0,55.79,1.39,795.87,65,88,0,1,0,32,Rain,Low,14,62,52,18,619,89.21,8.134,41841.8,30.59,82.78,60,1,1
1/19/2024 4:00,D002,VH002,Volkswagen,ID.4 Pro,82,550,2200,150,1,106.19,2.43,1653.04,46,119,0,1,1,7,Clear,Medium,15,52,32,19.8,620,89.21,16.343,41948,30.67,82.74,60,1,1
1/19/2024 6:00,D002,VH002,Volkswagen,ID.4 Pro,82,550,2200,150,0,14.57,0.61,165.67,45,80,0,0,0,17,Clear,Medium,21,77,74,18,620,89.21,2.36,41962.6,30.68,82.74,60,1,1
1/19/2024 8:00,D002,VH002,Volkswagen,ID.4 Pro,82,550,2200,150,0,11.57,1.06,192.91,25,75,0,1,1,36,Clear,Low,12,74,71,18,620,89.21,1.874,41974.1,30.72,82.71,60,1,1
1/19/2024 10:00,D002,VH002,Volkswagen,ID.4 Pro,82,550,2200,150,0,31.91,0.97,594.09,50,89,0,1,0,20,Clear,High,16,70,63,18,620,89.21,5.169,42006,30.77,82.68,60,1,1
1/19/2024 12:00,D002,VH002,Volkswagen,ID.4 Pro,82,550,2200,150,0,16.17,0.64,271.28,47,98,0,1,0,18,Clear,Medium,17,85,81,18,620,89.21,2.62,42022.2,30.82,82.65,60,1,1
1/19/2024 14:00,D002,VH002,Volkswagen,ID.4 Pro,82,550,2200,150,1,99.9,1.77,1570.49,60,121,0,0,0,6,Clear,Medium,16,71,52,18,620,89.21,15.375,42122.1,30.85,82.64,60,1,1
1/19/2024 16:00,D002,VH002,Volkswagen,ID.4 Pro,82,550,2200,150,1,62.47,1.28,894.51,53,98,0,1,0,6,Clear,Low,18,74,62,18,620,89.21,9.614,42184.6,30.91,82.61,60,1,1
1/19/2024 18:00,D002,VH002,Volkswagen,ID.4 Pro,82,550,2200,150,0,56.39,1.39,967.94,55,78,0,4,0,22,Rain,High,13,52,41,18,620,89.21,8.222,42241,31.09,82.5,60,1,0
1/19/2024 20:00,D002,VH002,Volkswagen,ID.4 Pro,82,550,2200,150,1,163.19,2.42,2730.35,71,101,1,1,0,7,Clear,Low,17,67,35,24.2,620,89.2,25.617,42404.2,31.19,82.46,60,1,1
1/19/2024 22:00,D002,VH002,Volkswagen,ID.4 Pro,82,550,2200,150,0,39.43,1.18,587.44,54,77,0,0,0,27,Fog,Medium,18,80,73,18,620,89.2,5.557,42443.6,31.2,82.45,61,1,1
1/20/2024 0:00,D002,VH002,Volkswagen,ID.4 Pro,82,550,2200,150,0,50.12,1.44,910.64,50,82,0,1,1,26,Rain,Medium,14,58,49,18,620,89.2,7.307,42493.7,31.26,82.42,61,1,1
1/20/2024 2:00,D002,VH002,Volkswagen,ID.4 Pro,82,550,2200,150,0,49.42,1.48,684.25,48,66,0,0,1,27,Rain,Medium,18,56,47,18,620,89.2,7.205,42543.1,31.28,82.42,61,1,1
1/20/2024 4:00,D002,VH002,Volkswagen,ID.4 Pro,82,550,2200,150,0,62.51,2.24,875.57,37,70,0,0,0,33,Rain,Medium,25,67,55,18.3,620,89.2,9.114,42605.6,31.3,82.41,61,1,1
1/20/2024 6:00,D002,VH002,Volkswagen,ID.4 Pro,82,550,2200,150,1,156.31,2.19,2155.3,73,103,0,0,0,3,Rain,Medium,23,56,29,31.1,620,89.2,21.65,42762,31.36,82.39,61,1,1
1/20/2024 8:00,D002,VH002,Volkswagen,ID.4 Pro,82,550,2200,150,0,32.51,1.29,469.38,46,89,0,2,0,35,Clear,High,18,63,56,18,620,89.2,5.267,42794.5,31.45,82.34,61,1,1
1/20/2024 10:00,D002,VH002,Volkswagen,ID.4 Pro,82,550,2200,150,0,11.09,0.85,161.58,44,79,0,3,0,36,Clear,High,13,86,83,18,620,89.2,1.797,42805.6,31.57,82.26,61,1,1
1/20/2024 12:00,D002,VH002,Volkswagen,ID.4 Pro,82,550,2200,150,0,36.52,1.28,538.37,50,100,0,0,0,33,Clear,High,18,81,73,18,620,89.2,5.916,42842.1,31.58,82.26,61,1,1
1/20/2024 14:00,D002,VH002,Volkswagen,ID.4 Pro,82,550,2200,150,0,61.19,2.19,1172.7,41,67,0,0,0,42,Rain,Low,16,69,58,18,620,89.2,8.922,42903.3,31.6,82.25,61,1,1
1/20/2024 16:00,D002,VH002,Volkswagen,ID.4 Pro,82,550,2200,150,0,18.04,0.92,344.3,43,67,0,0,1,30,Clear,High,14,70,66,18,620,89.2,2.922,42921.3,31.61,82.25,61,1,1
1/20/2024 18:00,D002,VH002,Volkswagen,ID.4 Pro,82,550,2200,150,0,64.83,2.64,924.05,31,83,0,0,0,33,Fog,Low,15,68,56,18,620,89.2,9.137,42986.1,31.63,82.24,61,1,1
1/20/2024 20:00,D002,VH002,Volkswagen,ID.4 Pro,82,550,2200,150,0,40.2,1.05,594.09,51,91,0,0,0,16,Fog,Medium,18,58,51,18,620,89.2,5.666,43026.3,31.65,82.23,61,1,1
1/20/2024 22:00,D002,VH002,Volkswagen,ID.4 Pro,82,550,2200,150,0,65,1.76,657.08,46,85,0,0,0,21,Clear,Medium,16,90,77,18,620,89.2,10.53,43091.3,31.67,82.23,62,1,1
1/21/2024 0:00,D002,VH002,Volkswagen,ID.4 Pro,82,550,2200,150,0,18.54,0.7,359.01,43,75,0,3,0,16,Clear,Medium,20,73,69,18,621,89.2,3.003,43109.9,31.8,82.15,62,1,1
1/21/2024 2:00,D002,VH002,Volkswagen,ID.4 Pro,82,550,2200,150,1,96.75,1.49,1171.22,68,106,0,4,1,4,Cloudy,Medium,20,49,31,22.5,621,89.2,14.294,43206.6,31.99,82.04,62,1,1
1/21/2024 4:00,D002,VH002,Volkswagen,ID.4 Pro,82,550,2200,150,1,110.92,1.42,1604.86,82,109,1,2,0,4,Fog,Medium,14,53,34,18,621,89.2,15.148,43317.5,32.11,81.97,62,1,1
1/21/2024 6:00,D002,VH002,Volkswagen,ID.4 Pro,82,550,2200,150,1,108.34,1.64,1835.27,72,127,1,0,1,8,Cloudy,Low,15,79,59,20,621,89.2,16.327,43425.9,32.15,81.96,62,1,1
1/21/2024 8:00,D002,VH002,Volkswagen,ID.4 Pro,82,550,2200,150,0,25.26,0.97,372.41,37,79,0,0,0,17,Rain,High,20,77,72,18,621,89.19,3.683,43451.1,32.16,81.96,62,1,1
1/21/2024 10:00,D002,VH002,Volkswagen,ID.4 Pro,82,550,2200,150,0,52.83,1.66,1043.46,43,78,0,1,0,26,Fog,High,20,50,40,18,621,89.19,7.446,43504,32.22,81.93,62,1,1
1/21/2024 12:00,D002,VH002,Volkswagen,ID.4 Pro,82,550,2200,150,1,140.93,2.16,2541.21,69,102,0,0,2,7,Fog,Medium,15,74,50,22,621,89.19,18.87,43644.9,32.26,81.91,62,1,1
1/21/2024 14:00,D002,VH002,Volkswagen,ID.4 Pro,82,550,2200,150,0,37.93,1.24,666.77,49,85,0,1,0,28,Clear,Medium,14,64,56,18,621,89.19,6.145,43682.8,32.32,81.88,62,1,1
1/21/2024 16:00,D002,VH002,Volkswagen,ID.4 Pro,82,550,2200,150,0,15.19,0.95,281.72,50,76,0,2,1,39,Clear,Medium,24,93,89,18,621,89.19,2.461,43698,32.4,81.83,62,1,1
1/21/2024 18:00,D002,VH002,Volkswagen,ID.4 Pro,82,550,2200,150,1,68.76,1.23,850.57,61,96,0,2,1,6,Cloudy,Medium,17,69,56,19.4,621,89.19,10.159,43766.8,32.51,81.77,62,1,1
1/21/2024 20:00,D002,VH002,Volkswagen,ID.4 Pro,82,550,2200,150,1,82.2,1.59,1303.3,55,112,0,1,1,6,Clear,Medium,33,65,49,24.6,621,89.19,12.651,43849,32.58,81.73,62,1,1
1/21/2024 22:00,D002,VH002,Volkswagen,ID.4 Pro,82,550,2200,150,0,56.34,1.52,930.64,52,68,0,0,0,26,Clear,Low,24,70,58,18.7,621,89.19,9.127,43905.3,32.6,81.73,63,1,1
1/22/2024 0:00,D002,VH002,Volkswagen,ID.4 Pro,82,550,2200,150,0,41.88,2.18,734.27,26,95,0,1,0,34,Clear,Low,24,58,49,18,621,89.19,6.785,43947.2,32.65,81.7,63,1,1
1/22/2024 2:00,D002,VH002,Volkswagen,ID.4 Pro,82,550,2200,150,1,78.59,1.42,1087.78,59,104,0,0,1,5,Cloudy,Low,15,56,41,18,621,89.19,11.611,44025.8,32.68,81.69,63,1,1
1/22/2024 4:00,D002,VH002,Volkswagen,ID.4 Pro,82,550,2200,150,1,120.29,1.89,2260.02,66,116,0,0,1,4,Clear,Low,22,66,43,24.6,621,89.19,18.513,44146.1,32.72,81.67,63,1,1
1/22/2024 6:00,D002,VH002,Volkswagen,ID.4 Pro,82,550,2200,150,0,24.87,1.21,387.59,35,107,0,0,0,30,Rain,Medium,20,45,40,18,621,89.19,3.626,44171,32.73,81.67,63,1,1
1/22/2024 8:00,D002,VH002,Volkswagen,ID.4 Pro,82,550,2200,150,1,115.33,2.19,1980.62,54,117,0,0,2,3,Clear,Low,19,73,51,20.7,621,89.19,17.749,44286.3,32.77,81.66,63,1,1
1/22/2024 10:00,D002,VH002,Volkswagen,ID.4 Pro,82,550,2200,150,0,14.31,0.84,261.28,47,71,0,1,1,32,Rain,High,21,67,64,18,621,89.19,2.086,44300.6,32.81,81.63,63,1,1
1/22/2024 12:00,D002,VH002,Volkswagen,ID.4 Pro,82,550,2200,150,1,119.98,2.01,1976.66,64,110,0,2,0,8,Cloudy,Low,18,68,46,27.4,622,89.19,17.726,44420.6,32.94,81.57,63,1,0
1/22/2024 14:00,D002,VH002,Volkswagen,ID.4 Pro,82,550,2200,150,0,63,2.09,987.79,38,89,0,3,1,26,Fog,Low,18,69,58,18,622,89.19,8.879,44483.6,33.08,81.48,63,1,1
1/22/2024 16:00,D002,VH002,Volkswagen,ID.4 Pro,82,550,2200,150,0,30.52,1.05,433.31,47,92,0,3,0,24,Rain,Low,21,68,62,18,622,89.19,4.45,44514.1,33.21,81.4,63,1,1
1/22/2024 18:00,D002,VH002,Volkswagen,ID.4 Pro,82,550,2200,150,1,146.43,2.23,2136.52,70,106,0,0,0,8,Cloudy,Medium,22,70,43,27.6,622,89.18,21.634,44660.5,33.26,81.39,63,1,1
1/22/2024 20:00,D002,VH002,Volkswagen,ID.4 Pro,82,550,2200,150,0,27.29,1.12,525.46,45,92,0,3,1,31,Clear,Medium,22,60,54,18,622,89.18,4.421,44687.8,33.39,81.31,63,1,1
1/22/2024 22:00,D002,VH002,Volkswagen,ID.4 Pro,82,550,2200,150,1,119.47,1.93,1341.49,64,108,1,1,0,4,Cloudy,Medium,16,84,62,19.7,622,89.18,18.004,44807.3,33.47,81.27,64,1,1
1/23/2024 0:00,D002,VH002,Volkswagen,ID.4 Pro,82,550,2200,150,1,77.29,1.3,1532.52,68,124,0,0,1,10,Cloudy,Medium,21,56,42,19,622,89.18,11.419,44884.6,33.5,81.26,64,1,1
1/23/2024 2:00,D002,VH002,Volkswagen,ID.4 Pro,82,550,2200,150,0,64.07,1.82,1114.47,48,85,0,1,0,29,Rain,Low,20,67,55,18,622,89.18,9.341,44948.6,33.56,81.23,64,1,1
1/23/2024 4:00,D002,VH002,Volkswagen,ID.4 Pro,82,550,2200,150,0,32.76,0.95,382.43,49,94,0,0,0,17,Clear,High,13,82,75,18,622,89.18,5.307,44981.4,33.57,81.22,64,1,1
1/23/2024 6:00,D002,VH002,Volkswagen,ID.4 Pro,82,550,2200,150,1,171.8,2.69,2955.2,66,107,1,1,0,5,Cloudy,Medium,18,63,31,30.1,622,89.18,25.89,45153.2,33.67,81.18,64,1,1
1/23/2024 8:00,D002,VH002,Volkswagen,ID.4 Pro,82,550,2200,150,0,27.48,0.79,444.41,58,79,0,0,0,19,Cloudy,Medium,19,47,41,18,622,89.18,4.274,45180.7,33.68,81.17,64,1,1
1/23/2024 10:00,D002,VH002,Volkswagen,ID.4 Pro,82,550,2200,150,0,48.69,1.12,680.77,47,74,0,1,1,5,Rain,Medium,26,90,81,18,622,89.18,7.099,45229.4,33.74,81.14,64,1,1
1/23/2024 12:00,D002,VH002,Volkswagen,ID.4 Pro,82,550,2200,150,1,147.4,2.18,2264.75,74,110,0,1,0,11,Clear,Low,18,53,25,27.1,622,89.18,22.685,45376.8,33.83,81.1,64,1,1
1/23/2024 14:00,D002,VH002,Volkswagen,ID.4 Pro,82,550,2200,150,0,17.74,0.73,184.8,45,89,0,0,2,20,Clear,Medium,14,66,62,18,622,89.18,2.874,45394.5,33.84,81.1,64,1,1
1/23/2024 16:00,D002,VH002,Volkswagen,ID.4 Pro,82,550,2200,150,1,144.25,2.27,1579.38,68,94,0,1,2,9,Rain,Medium,14,68,43,20.2,622,89.18,19.98,45538.8,33.93,81.06,64,1,0
1/23/2024 18:00,D002,VH002,Volkswagen,ID.4 Pro,82,550,2200,150,1,157.69,2.39,2973.79,69,97,0,0,2,6,Clear,Medium,14,71,41,24,623,89.17,24.268,45696.5,33.98,81.04,64,1,1
1/23/2024 20:00,D002,VH002,Volkswagen,ID.4 Pro,82,550,2200,150,0,34.26,1.1,422.51,39,74,0,2,1,13,Clear,Low,13,63,56,18,623,89.17,5.55,45730.7,34.07,80.98,64,1,1
1/23/2024 22:00,D002,VH002,Volkswagen,ID.4 Pro,82,550,2200,150,0,19.11,0.92,202.71,46,75,0,0,0,30,Cloudy,High,25,55,51,18,623,89.17,2.972,45749.8,34.08,80.98,65,1,1
1/24/2024 0:00,D002,VH002,Volkswagen,ID.4 Pro,82,550,2200,150,0,25.99,1.6,404.22,26,104,1,5,0,36,Clear,High,10,63,57,18,623,89.17,4.295,45775.8,34.29,80.85,65,1,1
1/24/2024 2:00,D002,VH002,Volkswagen,ID.4 Pro,82,550,2200,150,0,15.58,0.95,273.39,39,90,0,0,1,33,Clear,Medium,20,60,56,18,623,89.17,2.524,45791.4,34.3,80.85,65,1,1
1/24/2024 4:00,D002,VH002,Volkswagen,ID.4 Pro,82,550,2200,150,1,61.71,1.07,1183.71,65,129,0,0,0,7,Clear,Medium,21,59,47,18,623,89.17,9.497,45853.1,34.32,80.84,65,1,1
1/24/2024 6:00,D002,VH002,Volkswagen,ID.4 Pro,82,550,2200,150,0,52.89,1.89,538.11,39,81,0,0,1,32,Rain,Low,21,64,54,18,623,89.17,7.711,45906,34.34,80.84,65,1,1
1/24/2024 8:00,D002,VH002,Volkswagen,ID.4 Pro,82,550,2200,150,0,41.45,1.03,441.63,44,81,0,1,1,5,Cloudy,Low,13,65,57,18,623,89.17,6.446,45947.4,34.39,80.81,65,1,1
1/24/2024 10:00,D002,VH002,Volkswagen,ID.4 Pro,82,550,2200,150,0,17.94,0.6,307.54,59,81,0,2,2,18,Fog,High,20,62,58,18,623,89.17,2.528,45965.4,34.48,80.76,65,1,1
1/24/2024 12:00,D002,VH002,Volkswagen,ID.4 Pro,82,550,2200,150,1,123.88,1.68,2199.33,80,99,0,0,1,8,Rain,Low,21,78,57,22.1,623,89.17,17.159,46089.3,34.52,80.74,65,1,1
1/24/2024 14:00,D002,VH002,Volkswagen,ID.4 Pro,82,550,2200,150,0,24.47,1.16,426.65,31,78,0,0,0,22,Fog,Medium,17,69,64,18,623,89.17,3.449,46113.7,34.53,80.74,65,1,1
1/24/2024 16:00,D002,VH002,Volkswagen,ID.4 Pro,82,550,2200,150,0,59.94,1.87,1175.25,49,89,0,2,1,39,Cloudy,Medium,24,50,38,18,623,89.17,9.322,46173.7,34.63,80.68,65,1,0
1/24/2024 18:00,D002,VH002,Volkswagen,ID.4 Pro,82,550,2200,150,0,40.01,1.17,650.61,48,96,0,0,1,20,Clear,High,15,53,45,18,623,89.17,6.482,46213.7,34.64,80.68,65,1,0
1/24/2024 20:00,D002,VH002,Volkswagen,ID.4 Pro,82,550,2200,150,0,10.38,0.67,114.71,39,81,0,1,0,24,Cloudy,High,19,50,48,18,623,89.17,1.614,46224.1,34.69,80.65,65,1,1
1/24/2024 22:00,D002,VH002,Volkswagen,ID.4 Pro,82,550,2200,150,0,39.34,1.48,686.86,41,63,1,3,1,31,Clear,Low,19,80,72,18,623,89.17,6.501,46263.4,34.82,80.57,66,1,1
1/25/2024 0:00,D002,VH002,Volkswagen,ID.4 Pro,82,550,2200,150,0,33.4,0.91,546.04,64,111,0,1,1,23,Clear,Medium,16,62,55,18,623,89.17,5.411,46296.8,34.87,80.54,66,1,1
1/25/2024 2:00,D002,VH002,Volkswagen,ID.4 Pro,82,550,2200,150,1,178.01,2.64,1925.51,71,96,0,0,0,8,Rain,Medium,20,81,50,28.3,623,89.17,24.656,46474.8,34.93,80.52,66,1,1
1/25/2024 4:00,D002,VH002,Volkswagen,ID.4 Pro,82,550,2200,150,0,11.76,0.58,198.78,34,97,0,1,1,14,Cloudy,Medium,18,85,82,18,623,89.17,1.829,46486.6,34.98,80.49,66,1,1
1/25/2024 6:00,D002,VH002,Volkswagen,ID.4 Pro,82,550,2200,150,0,16.13,0.69,254.37,60,93,0,0,0,25,Clear,Medium,18,75,71,18,623,89.17,2.613,46502.7,34.98,80.49,66,1,0
1/25/2024 8:00,D002,VH002,Volkswagen,ID.4 Pro,82,550,2200,150,1,117.42,2.12,1241.34,59,117,0,1,1,8,Fog,Low,17,66,46,21.4,623,89.17,15.722,46620.1,35.07,80.45,66,1,1
1/25/2024 10:00,D002,VH002,Volkswagen,ID.4 Pro,82,550,2200,150,0,52.67,1.21,868.62,54,67,0,0,0,14,Clear,Low,22,58,47,18.2,623,89.17,8.533,46672.8,35.08,80.45,66,1,1
1/25/2024 12:00,D002,VH002,Volkswagen,ID.4 Pro,82,550,2200,150,0,57.44,1.77,593.57,41,92,0,2,0,22,Rain,High,16,82,71,18,623,89.17,8.375,46730.2,35.18,80.39,66,1,1
1/25/2024 14:00,D002,VH002,Volkswagen,ID.4 Pro,82,550,2200,150,0,13.74,0.49,191.94,54,88,0,1,0,14,Cloudy,Low,20,72,69,18,623,89.17,2.137,46744,35.23,80.36,66,1,1
1/25/2024 16:00,D002,VH002,Volkswagen,ID.4 Pro,82,550,2200,150,0,47.05,1.19,917.25,53,72,0,0,2,18,Rain,Medium,17,71,62,18,624,89.16,6.86,46791,35.25,80.36,66,1,1
1/25/2024 18:00,D002,VH002,Volkswagen,ID.4 Pro,82,550,2200,150,1,72.56,1.16,1163.98,71,105,0,3,1,8,Rain,Medium,16,80,67,18,624,89.16,10.05,46863.6,35.39,80.27,66,1,1
1/25/2024 20:00,D002,VH002,Volkswagen,ID.4 Pro,82,550,2200,150,0,40.46,1.24,613.37,49,78,0,1,1,25,Rain,Low,15,72,64,18,624,89.16,5.899,46904,35.45,80.24,66,1,1
1/25/2024 22:00,D002,VH002,Volkswagen,ID.4 Pro,82,550,2200,150,0,53.41,1.22,568.68,54,83,0,0,1,14,Clear,Medium,16,55,44,18,624,89.16,8.652,46957.5,35.46,80.24,67,1,1
1/26/2024 0:00,D002,VH002,Volkswagen,ID.4 Pro,82,550,2200,150,1,172,1.99,3331.57,88,98,0,1,0,2,Fog,Medium,26,78,49,28.8,624,89.16,23.03,47129.5,35.56,80.19,67,1,1
1/26/2024 2:00,D002,VH002,Volkswagen,ID.4 Pro,82,550,2200,150,0,24.79,1.19,269.27,38,77,0,1,1,32,Clear,Low,10,81,76,18,624,89.16,4.016,47154.2,35.61,80.16,67,1,1
1/26/2024 4:00,D002,VH002,Volkswagen,ID.4 Pro,82,550,2200,150,0,19.38,1.08,211.83,28,86,0,3,0,23,Clear,Low,20,81,77,18,624,89.16,3.14,47173.6,35.74,80.09,67,1,1
1/26/2024 6:00,D002,VH002,Volkswagen,ID.4 Pro,82,550,2200,150,0,63.51,1.91,795.71,42,78,0,0,1,24,Rain,Medium,22,89,77,18.2,624,89.16,9.26,47237.1,35.76,80.08,67,1,1
1/26/2024 8:00,D002,VH002,Volkswagen,ID.4 Pro,82,550,2200,150,0,42.55,1.54,623.11,48,75,0,1,0,39,Rain,Medium,20,73,65,18,624,89.16,6.204,47279.7,35.82,80.05,67,1,1
1/26/2024 10:00,D002,VH002,Volkswagen,ID.4 Pro,82,550,2200,150,1,142.94,2.14,2185.38,68,109,0,3,2,2,Rain,Low,12,85,60,21.5,624,89.16,19.799,47422.6,35.99,79.96,67,1,1
1/26/2024 12:00,D002,VH002,Volkswagen,ID.4 Pro,82,550,2200,150,0,31.24,1.23,390.68,45,71,0,1,0,32,Clear,Low,19,74,67,18,624,89.16,5.061,47453.9,36.04,79.93,67,1,1
1/26/2024 14:00,D002,VH002,Volkswagen,ID.4 Pro,82,550,2200,150,1,158.44,2.41,3140.53,67,107,0,1,0,3,Cloudy,Low,14,73,44,26.1,624,89.16,23.409,47612.3,36.13,79.88,67,1,1
1/26/2024 16:00,D002,VH002,Volkswagen,ID.4 Pro,82,550,2200,150,1,56.35,1.01,817.87,63,94,0,1,3,7,Rain,Low,15,80,70,18,624,89.16,7.805,47668.7,36.19,79.85,67,1,1
1/26/2024 18:00,D002,VH002,Volkswagen,ID.4 Pro,82,550,2200,150,0,43.59,1.45,648.9,46,66,0,1,0,30,Cloudy,Medium,22,75,66,18,624,89.16,6.779,47712.2,36.25,79.82,67,1,1
1/26/2024 20:00,D002,VH002,Volkswagen,ID.4 Pro,82,550,2200,150,1,136.54,2.28,1462.45,63,106,0,0,1,7,Clear,Low,22,77,51,26.1,624,89.16,21.014,47848.8,36.3,79.8,67,1,1
1/26/2024 22:00,D002,VH002,Volkswagen,ID.4 Pro,82,550,2200,150,1,173.73,2.95,2855.57,62,112,0,0,0,9,Clear,Medium,22,50,17,29.4,625,89.15,26.737,48022.5,36.36,79.78,68,1,1
1/27/2024 0:00,D002,VH002,Volkswagen,ID.4 Pro,82,550,2200,150,1,103.86,1.52,1617.24,73,101,0,0,3,6,Cloudy,Low,19,54,35,24,625,89.15,15.345,48126.4,36.39,79.77,68,1,1
1/27/2024 2:00,D002,VH002,Volkswagen,ID.4 Pro,82,550,2200,150,0,64.14,2.09,667.84,48,75,0,2,3,45,Clear,Medium,20,76,63,18,625,89.15,10.391,48190.5,36.5,79.71,68,1,1
1/27/2024 4:00,D002,VH002,Volkswagen,ID.4 Pro,82,550,2200,150,0,52.16,1.95,903.42,40,58,0,0,1,39,Clear,Medium,21,78,67,18,625,89.15,8.45,48242.7,36.51,79.71,68,1,1
1/27/2024 6:00,D002,VH002,Volkswagen,ID.4 Pro,82,550,2200,150,0,10.87,0.97,183.5,27,85,0,2,0,34,Cloudy,Medium,20,69,66,18,625,89.15,1.691,48253.5,36.6,79.66,68,1,1
1/27/2024 8:00,D002,VH002,Volkswagen,ID.4 Pro,82,550,2200,150,0,13.21,0.76,210.16,39,92,0,1,0,25,Fog,High,22,66,63,18,625,89.15,1.862,48266.8,36.64,79.63,68,1,1
1/27/2024 10:00,D002,VH002,Volkswagen,ID.4 Pro,82,550,2200,150,0,52.97,1.69,964.2,45,66,0,1,0,31,Clear,High,19,53,42,18,625,89.15,8.581,48319.7,36.7,79.6,68,1,1
1/27/2024 12:00,D002,VH002,Volkswagen,ID.4 Pro,82,550,2200,150,1,150.23,2.24,2012.45,73,115,0,0,0,11,Clear,Low,22,54,25,27.1,625,89.15,23.12,48470,36.75,79.58,68,1,1
1/27/2024 14:00,D002,VH002,Volkswagen,ID.4 Pro,82,550,2200,150,0,20.93,1.2,226.78,28,67,0,0,0,27,Rain,High,19,84,80,18,625,89.15,3.052,48490.9,36.76,79.58,68,1,1
1/27/2024 16:00,D002,VH002,Volkswagen,ID.4 Pro,82,550,2200,150,0,41.06,1.52,742.63,36,75,0,2,0,23,Rain,Medium,21,57,49,18,625,89.15,5.987,48531.9,36.85,79.52,68,1,0
1/27/2024 18:00,D002,VH002,Volkswagen,ID.4 Pro,82,550,2200,150,0,57.51,1.61,1017.42,55,79,0,3,1,34,Rain,Low,19,69,58,18,625,89.15,8.385,48589.5,36.99,79.44,68,1,0
1/27/2024 20:00,D002,VH002,Volkswagen,ID.4 Pro,82,550,2200,150,1,167.26,2.81,2241.06,62,123,0,2,1,7,Rain,Low,19,67,38,30.3,625,89.15,23.167,48756.7,37.13,79.37,68,1,1
1/27/2024 22:00,D002,VH002,Volkswagen,ID.4 Pro,82,550,2200,150,1,114.94,1.97,1920.45,61,98,0,0,1,5,Clear,Low,21,60,38,24.5,625,89.15,17.689,48871.7,37.17,79.36,69,1,1
1/28/2024 0:00,D002,VH002,Volkswagen,ID.4 Pro,82,550,2200,150,0,23.23,0.89,261.5,49,84,0,0,0,25,Clear,Medium,22,54,49,18,625,89.15,3.763,48894.9,37.18,79.35,69,1,1
1/28/2024 2:00,D002,VH002,Volkswagen,ID.4 Pro,82,550,2200,150,0,45.62,2.14,881.64,30,80,0,0,0,37,Clear,Low,19,88,78,18,625,89.15,7.39,48940.5,37.2,79.35,69,1,1
1/28/2024 4:00,D002,VH002,Volkswagen,ID.4 Pro,82,550,2200,150,1,162.45,2.35,2895.5,74,108,1,4,1,9,Rain,Medium,17,82,54,24.8,625,89.14,22.951,49103,37.41,79.23,69,1,1
1/28/2024 6:00,D002,VH002,Volkswagen,ID.4 Pro,82,550,2200,150,0,17.86,0.83,189.46,45,94,0,1,2,26,Clear,High,20,63,59,18,625,89.14,2.893,49120.8,37.46,79.2,69,1,1
1/28/2024 8:00,D002,VH002,Volkswagen,ID.4 Pro,82,550,2200,150,0,46.68,1.69,836.65,37,84,0,2,2,26,Clear,Medium,26,80,70,19.5,625,89.14,7.562,49167.5,37.56,79.15,69,1,1
1/28/2024 10:00,D002,VH002,Volkswagen,ID.4 Pro,82,550,2200,150,1,142.65,1.9,2692.99,80,114,0,2,0,7,Fog,Low,23,47,23,25.5,626,89.14,19.1,49310.1,37.69,79.08,69,1,1
1/28/2024 12:00,D002,VH002,Volkswagen,ID.4 Pro,82,550,2200,150,0,18.27,1,340.66,38,68,0,3,0,31,Clear,Low,19,63,59,18,626,89.14,2.96,49328.4,37.81,79,69,1,1
1/28/2024 14:00,D002,VH002,Volkswagen,ID.4 Pro,82,550,2200,150,1,169.05,2.6,3021.73,69,81,0,2,1,9,Clear,Medium,22,88,56,28,626,89.14,26.017,49497.5,37.95,78.93,69,1,1
1/28/2024 16:00,D002,VH002,Volkswagen,ID.4 Pro,82,550,2200,150,0,13.55,0.64,185.2,47,87,0,0,1,21,Clear,High,24,65,62,18,626,89.14,2.195,49511,37.96,78.93,69,1,1
1/28/2024 18:00,D002,VH002,Volkswagen,ID.4 Pro,82,550,2200,150,0,38.34,1.39,538.77,60,76,0,1,0,45,Fog,Medium,14,87,80,18,626,89.14,5.404,49549.4,38.01,78.9,69,1,1
1/28/2024 20:00,D002,VH002,Volkswagen,ID.4 Pro,82,550,2200,150,0,32.45,1.07,429.42,46,97,0,1,1,22,Cloudy,Medium,18,64,57,18,626,89.14,5.047,49581.8,38.06,78.87,69,1,1
1/28/2024 22:00,D002,VH002,Volkswagen,ID.4 Pro,82,550,2200,150,1,50.98,0.83,801.17,75,114,0,1,1,9,Clear,Medium,20,49,39,18,626,89.14,7.846,49632.8,38.12,78.84,70,1,1
1/29/2024 0:00,D002,VH002,Volkswagen,ID.4 Pro,82,550,2200,150,0,59.76,1.94,904.37,38,62,0,1,0,22,Rain,Medium,16,69,58,18,626,89.14,8.713,49692.5,38.18,78.81,70,1,1
1/29/2024 2:00,D002,VH002,Volkswagen,ID.4 Pro,82,550,2200,150,1,97.39,1.33,1815.63,79,99,0,2,0,6,Clear,Low,18,82,63,19.9,626,89.14,14.988,49789.9,38.3,78.75,70,1,1
1/29/2024 4:00,D002,VH002,Volkswagen,ID.4 Pro,82,550,2200,150,0,60.25,2.29,870.58,33,71,0,1,2,28,Rain,Medium,17,59,48,18,626,89.14,8.784,49850.2,38.36,78.71,70,1,1
1/29/2024 6:00,D002,VH002,Volkswagen,ID.4 Pro,82,550,2200,150,0,25.64,1.23,354.39,42,85,0,1,0,37,Clear,Low,21,64,58,18,626,89.14,4.154,49875.8,38.41,78.69,70,1,1
1/29/2024 8:00,D002,VH002,Volkswagen,ID.4 Pro,82,550,2200,150,0,20.96,1.11,225.16,44,98,0,1,0,38,Cloudy,Medium,21,64,60,18,626,89.14,3.26,49896.8,38.45,78.66,70,1,1
1/29/2024 10:00,D002,VH002,Volkswagen,ID.4 Pro,82,550,2200,150,0,56.42,1.7,1080.92,49,84,0,0,2,33,Clear,Low,10,72,60,18,626,89.14,9.14,49953.2,38.47,78.65,70,1,1
1/29/2024 12:00,D002,VH002,Volkswagen,ID.4 Pro,82,550,2200,150,1,138.04,2.29,2480.8,62,107,1,0,0,4,Clear,Medium,24,70,43,27.1,626,89.14,21.669,50091.2,38.52,78.64,70,1,1
1/29/2024 14:00,D002,VH002,Volkswagen,ID.4 Pro,82,550,2200,150,0,58.02,1.72,961.64,52,85,0,4,1,36,Rain,High,15,77,66,18,626,89.13,8.459,50149.3,38.7,78.53,70,1,1
1/29/2024 16:00,D002,VH002,Volkswagen,ID.4 Pro,82,550,2200,150,1,125.17,1.72,2258.27,78,126,1,1,0,7,Rain,Medium,15,53,31,21.3,626,89.13,17.684,50274.4,38.78,78.49,70,1,1
1/29/2024 18:00,D002,VH002,Volkswagen,ID.4 Pro,82,550,2200,150,1,75.14,1.2,1203.03,73,90,0,1,0,10,Cloudy,Medium,18,70,56,18,626,89.13,11.101,50349.6,38.85,78.45,70,1,1
1/29/2024 20:00,D002,VH002,Volkswagen,ID.4 Pro,82,550,2200,150,1,136.11,2.06,1500.6,70,110,1,0,2,7,Clear,Low,15,64,37,20.5,627,89.13,21.366,50485.7,38.9,78.44,70,1,1
1/29/2024 22:00,D002,VH002,Volkswagen,ID.4 Pro,82,550,2200,150,0,46.3,1.34,762.79,47,83,0,2,0,21,Clear,High,17,84,74,18,627,89.13,7.501,50532,38.99,78.38,71,1,1
1/30/2024 0:00,D002,VH002,Volkswagen,ID.4 Pro,82,550,2200,150,1,87.9,1.58,1197.61,62,120,0,1,1,10,Rain,Medium,14,44,29,18,627,89.13,12.175,50619.9,39.07,78.35,71,1,1
1/30/2024 2:00,D002,VH002,Volkswagen,ID.4 Pro,82,550,2200,150,0,55.22,1.47,885.65,50,78,0,0,0,22,Cloudy,Medium,17,74,63,18,627,89.13,8.588,50675.1,39.08,78.34,71,1,1
1/30/2024 4:00,D002,VH002,Volkswagen,ID.4 Pro,82,550,2200,150,0,43,1.5,657.81,43,79,1,4,1,30,Rain,High,16,80,72,18,627,89.13,6.395,50718.1,39.26,78.24,71,1,1
1/30/2024 6:00,D002,VH002,Volkswagen,ID.4 Pro,82,550,2200,150,0,22.45,1.1,386.78,45,66,0,1,0,36,Clear,Medium,15,52,47,18,627,89.13,3.637,50740.6,39.31,78.21,71,1,0
1/30/2024 8:00,D002,VH002,Volkswagen,ID.4 Pro,82,550,2200,150,0,58.82,1.75,800.96,49,66,0,0,0,33,Rain,Medium,13,63,52,18,627,89.13,8.576,50799.4,39.33,78.2,71,1,1
1/30/2024 10:00,D002,VH002,Volkswagen,ID.4 Pro,82,550,2200,150,1,111.59,1.9,1889.4,62,102,0,1,0,6,Cloudy,Medium,19,78,57,22.6,627,89.13,16.487,50911,39.41,78.16,71,1,1
1/30/2024 12:00,D002,VH002,Volkswagen,ID.4 Pro,82,550,2200,150,1,115.24,2.34,1499.24,51,92,0,0,2,5,Fog,Medium,19,71,52,18,627,89.13,15.43,51026.2,39.45,78.15,71,1,1
1/30/2024 14:00,D002,VH002,Volkswagen,ID.4 Pro,82,550,2200,150,0,35.01,1.17,591.58,55,87,0,1,0,32,Clear,Low,12,86,79,18,627,89.13,5.672,51061.2,39.5,78.12,71,1,1
1/30/2024 16:00,D002,VH002,Volkswagen,ID.4 Pro,82,550,2200,150,0,18.64,1.1,243.2,32,80,0,0,1,31,Clear,Medium,19,87,83,18,627,89.13,3.02,51079.9,39.51,78.12,71,1,0
1/30/2024 18:00,D002,VH002,Volkswagen,ID.4 Pro,82,550,2200,150,1,54.84,0.75,1005.36,82,104,0,0,1,5,Rain,Medium,19,77,67,18,627,89.13,7.596,51134.7,39.53,78.11,71,1,1
1/30/2024 20:00,D002,VH002,Volkswagen,ID.4 Pro,82,550,2200,150,0,16.87,0.98,191.89,44,96,0,0,1,36,Clear,Low,20,69,65,18,627,89.13,2.733,51151.6,39.53,78.11,71,1,1
1/30/2024 22:00,D002,VH002,Volkswagen,ID.4 Pro,82,550,2200,150,0,12.35,0.74,150.14,33,78,0,0,0,22,Clear,Medium,11,74,71,18,627,89.13,2.001,51163.9,39.54,78.11,72,1,1
1/31/2024 0:00,D002,VH002,Volkswagen,ID.4 Pro,82,550,2200,150,0,61.01,1.87,884.21,45,98,0,2,1,31,Rain,Medium,17,59,48,18,627,89.13,8.895,51224.9,39.64,78.05,72,1,1
1/31/2024 2:00,D002,VH002,Volkswagen,ID.4 Pro,82,550,2200,150,0,27.25,1.18,343.68,53,96,0,0,0,40,Clear,High,15,77,71,18,627,89.13,4.415,51252.2,39.65,78.05,72,1,1
1/31/2024 4:00,D002,VH002,Volkswagen,ID.4 Pro,82,550,2200,150,0,31.01,1.32,491.14,42,92,0,0,0,35,Clear,High,13,68,61,18,627,89.12,5.024,51283.2,39.66,78.04,72,1,1
1/31/2024 6:00,D002,VH002,Volkswagen,ID.4 Pro,82,550,2200,150,1,100.34,1.74,1034.69,65,110,0,4,1,12,Fog,Medium,13,77,60,18,627,89.12,13.435,51383.5,39.85,77.93,72,1,1
1/31/2024 8:00,D002,VH002,Volkswagen,ID.4 Pro,82,550,2200,150,1,98.32,1.48,1407.81,74,121,0,0,1,9,Fog,Medium,18,75,58,18,627,89.12,13.164,51481.8,39.89,77.92,72,1,1
1/31/2024 10:00,D002,VH002,Volkswagen,ID.4 Pro,82,550,2200,150,0,51.63,1.87,957.75,40,85,0,0,1,35,Clear,Medium,18,65,54,18,627,89.12,8.364,51533.5,39.91,77.91,72,1,1
1/31/2024 12:00,D002,VH002,Volkswagen,ID.4 Pro,82,550,2200,150,1,55.82,0.93,1005.75,69,115,0,0,2,7,Clear,Medium,20,80,69,18,627,89.12,8.591,51589.3,39.92,77.91,72,1,0
1/31/2024 14:00,D002,VH002,Volkswagen,ID.4 Pro,82,550,2200,150,1,112.23,1.75,1957.98,66,97,0,2,0,3,Fog,Low,16,73,54,18,628,89.12,15.027,51701.5,40.04,77.84,72,1,1
1/31/2024 16:00,D002,VH002,Volkswagen,ID.4 Pro,82,550,2200,150,1,105.74,1.39,1550.92,84,97,0,0,0,8,Clear,Medium,22,69,49,23.1,628,89.12,16.273,51807.3,40.08,77.83,72,1,1
1/31/2024 18:00,D002,VH002,Volkswagen,ID.4 Pro,82,550,2200,150,0,24.43,0.99,410.48,48,93,0,2,1,29,Rain,High,26,73,68,18,628,89.12,3.562,51831.7,40.17,77.78,72,1,0
1/31/2024 20:00,D002,VH002,Volkswagen,ID.4 Pro,82,550,2200,150,1,79,1.37,1322.2,62,107,1,2,0,6,Clear,Low,16,67,51,18,628,89.12,12.401,51910.7,40.28,77.72,72,1,1
1/31/2024 22:00,D002,VH002,Volkswagen,ID.4 Pro,82,550,2200,150,1,172.79,2.5,2854.61,72,97,0,1,1,6,Rain,Medium,18,76,46,32.3,628,89.12,23.933,52083.5,40.38,77.67,73,1,1
2/1/2024 0:00,D002,VH002,Volkswagen,ID.4 Pro,82,550,2200,150,1,141.7,2.23,2205.17,67,95,0,0,0,7,Rain,Medium,24,67,43,23.8,628,89.12,19.627,52225.2,40.43,77.65,73,1,1
2/1/2024 2:00,D002,VH002,Volkswagen,ID.4 Pro,82,550,2200,150,0,22.97,1.03,369.57,42,89,0,2,1,29,Rain,Medium,21,58,53,18,628,89.12,3.349,52248.2,40.52,77.6,73,1,1
2/1/2024 4:00,D002,VH002,Volkswagen,ID.4 Pro,82,550,2200,150,0,58.31,1.31,831.57,60,78,0,2,2,20,Clear,Low,16,66,54,18,628,89.12,9.446,52306.5,40.62,77.54,73,1,1
2/1/2024 6:00,D002,VH002,Volkswagen,ID.4 Pro,82,550,2200,150,1,164.16,2.35,2584.24,73,119,0,0,1,6,Fog,Medium,16,58,31,26.7,628,89.11,21.98,52470.6,40.67,77.52,73,1,1
2/1/2024 8:00,D002,VH002,Volkswagen,ID.4 Pro,82,550,2200,150,0,14.93,0.84,255.86,44,81,0,2,0,30,Clear,High,24,85,82,18,628,89.11,2.419,52485.6,40.76,77.47,73,1,1
2/1/2024 10:00,D002,VH002,Volkswagen,ID.4 Pro,82,550,2200,150,0,31.45,1.45,442.43,29,89,0,0,1,22,Cloudy,Medium,23,67,61,18,628,89.11,4.891,52517,40.77,77.47,73,1,1
2/1/2024 12:00,D002,VH002,Volkswagen,ID.4 Pro,82,550,2200,150,0,10.18,0.79,151.79,42,60,0,0,0,33,Clear,Medium,19,53,50,18,628,89.11,1.649,52527.2,40.77,77.47,73,1,1
2/1/2024 14:00,D002,VH002,Volkswagen,ID.4 Pro,82,550,2200,150,1,75.53,0.98,954.59,84,108,0,0,1,5,Clear,Low,21,80,65,19.4,628,89.11,11.624,52602.7,40.8,77.46,73,1,1
2/1/2024 16:00,D002,VH002,Volkswagen,ID.4 Pro,82,550,2200,150,1,170.54,2.59,2913.89,70,104,0,2,0,9,Rain,Medium,15,74,45,25.4,628,89.11,23.621,52773.3,40.94,77.39,73,1,1
2/1/2024 18:00,D002,VH002,Volkswagen,ID.4 Pro,82,550,2200,150,0,26.47,0.83,362.78,52,104,0,0,0,19,Clear,Low,13,68,62,18,628,89.11,4.288,52799.7,40.95,77.39,73,1,1
2/1/2024 20:00,D002,VH002,Volkswagen,ID.4 Pro,82,550,2200,150,1,63.71,0.9,748.18,80,103,0,1,0,6,Fog,Medium,23,66,55,18.3,628,89.11,8.53,52863.4,41.01,77.35,73,1,1
2/1/2024 22:00,D002,VH002,Volkswagen,ID.4 Pro,82,550,2200,150,1,150.35,2.3,2021.99,70,109,0,0,1,9,Clear,Medium,17,87,58,30.5,629,89.11,23.139,53013.8,41.06,77.33,74,1,1
2/2/2024 0:00,D002,VH002,Volkswagen,ID.4 Pro,82,550,2200,150,0,17.92,0.92,288.32,37,89,1,1,1,26,Fog,High,22,71,67,18,629,89.11,2.576,53031.7,41.11,77.31,74,1,1
2/2/2024 2:00,D002,VH002,Volkswagen,ID.4 Pro,82,550,2200,150,1,82.33,1.23,951.82,73,116,0,1,0,6,Rain,Medium,23,58,44,22.2,629,89.11,11.404,53114,41.18,77.27,74,1,1
2/2/2024 4:00,D002,VH002,Volkswagen,ID.4 Pro,82,550,2200,150,0,33.45,0.95,521.44,61,86,0,0,1,24,Rain,Low,18,73,67,18,629,89.11,4.877,53147.5,41.19,77.27,74,1,1
2/2/2024 6:00,D002,VH002,Volkswagen,ID.4 Pro,82,550,2200,150,0,14.65,0.71,216.33,37,100,0,3,0,19,Clear,Low,18,62,59,18,629,89.11,2.373,53162.1,41.32,77.19,74,1,1
2/2/2024 8:00,D002,VH002,Volkswagen,ID.4 Pro,82,550,2200,150,0,40.91,1.99,612.44,25,70,0,1,1,21,Rain,High,20,92,84,18,629,89.11,5.965,53203,41.37,77.16,74,1,1
2/2/2024 10:00,D002,VH002,Volkswagen,ID.4 Pro,82,550,2200,150,1,125.67,1.84,1947.02,71,105,0,1,1,4,Rain,Medium,24,59,37,23.3,629,89.11,17.407,53328.7,41.45,77.12,74,1,1
2/2/2024 12:00,D002,VH002,Volkswagen,ID.4 Pro,82,550,2200,150,0,41.92,1.46,764.72,42,99,0,0,0,28,Rain,Medium,9,54,46,18,629,89.11,6.112,53370.6,41.47,77.12,74,1,1
2/2/2024 14:00,D002,VH002,Volkswagen,ID.4 Pro,82,550,2200,150,1,154.53,2.31,2775.86,70,120,0,0,1,6,Rain,Low,22,72,45,30.6,629,89.11,21.404,53525.2,41.52,77.1,74,1,1
2/2/2024 16:00,D002,VH002,Volkswagen,ID.4 Pro,82,550,2200,150,1,133.52,2.03,2401.28,71,102,0,0,0,9,Clear,Medium,19,53,27,25.6,629,89.1,20.549,53658.7,41.57,77.08,74,1,1
2/2/2024 18:00,D002,VH002,Volkswagen,ID.4 Pro,82,550,2200,150,1,114.25,2.02,1733.98,61,100,0,1,1,9,Rain,Low,12,59,39,18,629,89.1,15.825,53772.9,41.65,77.04,74,1,1
2/2/2024 20:00,D002,VH002,Volkswagen,ID.4 Pro,82,550,2200,150,1,69.56,1,700.78,77,103,1,1,0,6,Cloudy,Medium,23,91,78,18,629,89.1,10.483,53842.5,41.71,77.01,74,1,1
2/2/2024 22:00,D002,VH002,Volkswagen,ID.4 Pro,82,550,2200,150,0,14.95,1.05,155.36,53,69,0,1,0,46,Clear,Low,20,65,62,18,629,89.1,2.422,53857.4,41.76,76.98,75,1,1
2/3/2024 0:00,D002,VH002,Volkswagen,ID.4 Pro,82,550,2200,150,0,9.52,0.66,120.08,50,94,0,0,1,28,Fog,High,15,88,86,18,629,89.1,1.342,53867,41.76,76.98,75,1,1
2/3/2024 2:00,D002,VH002,Volkswagen,ID.4 Pro,82,550,2200,150,1,163.49,2.44,2267.38,71,86,0,0,0,8,Fog,Low,19,71,44,27.6,629,89.1,21.89,54030.5,41.82,76.96,75,1,1
2/3/2024 4:00,D002,VH002,Volkswagen,ID.4 Pro,82,550,2200,150,1,176.27,2.85,2902.13,65,116,1,1,1,8,Clear,Medium,16,49,15,29,629,89.1,27.671,54206.7,41.92,76.92,75,1,1
2/3/2024 6:00,D002,VH002,Volkswagen,ID.4 Pro,82,550,2200,150,0,49.62,1.51,717.5,49,89,0,1,0,30,Rain,Medium,18,85,76,18,630,89.1,7.235,54256.3,41.98,76.89,75,1,1
2/3/2024 8:00,D002,VH002,Volkswagen,ID.4 Pro,82,550,2200,150,1,61.71,0.98,675.95,73,103,0,0,1,8,Rain,Medium,17,62,51,18,630,89.1,8.547,54318.1,42,76.88,75,1,1
2/3/2024 10:00,D002,VH002,Volkswagen,ID.4 Pro,82,550,2200,150,0,54.08,2.43,548.81,31,84,0,0,0,41,Rain,Medium,15,76,66,18,630,89.1,7.885,54372.1,42.02,76.87,75,1,1
2/3/2024 12:00,D002,VH002,Volkswagen,ID.4 Pro,82,550,2200,150,1,173.33,2.49,2178.63,70,117,0,1,1,1,Rain,Medium,10,68,38,23.6,630,89.1,24.008,54545.5,42.12,76.83,75,1,1
2/3/2024 14:00,D002,VH002,Volkswagen,ID.4 Pro,82,550,2200,150,1,141.73,2.2,1507.18,68,116,1,1,1,7,Clear,Low,19,62,34,26.7,630,89.1,22.248,54687.2,42.21,76.78,75,1,1
2/3/2024 16:00,D002,VH002,Volkswagen,ID.4 Pro,82,550,2200,150,1,77.45,1.36,1078.36,63,115,0,0,2,8,Clear,Medium,27,63,48,19.1,630,89.09,11.92,54764.6,42.24,76.77,75,1,1
2/3/2024 18:00,D002,VH002,Volkswagen,ID.4 Pro,82,550,2200,150,0,31.69,1.16,565.69,53,70,0,1,1,34,Clear,Low,17,65,58,18,630,89.09,5.134,54796.3,42.29,76.75,75,1,1
2/3/2024 20:00,D002,VH002,Volkswagen,ID.4 Pro,82,550,2200,150,1,151.73,2.12,1661.12,74,111,1,2,2,4,Clear,Low,12,50,20,27.5,630,89.09,23.818,54948.1,42.42,76.68,75,1,1
2/3/2024 22:00,D002,VH002,Volkswagen,ID.4 Pro,82,550,2200,150,0,51.47,1.57,740.57,40,80,0,2,0,17,Clear,Low,22,78,67,18,630,89.09,8.338,54999.5,42.52,76.62,75,1,1
2/4/2024 0:00,D002,VH002,Volkswagen,ID.4 Pro,82,550,2200,150,0,17.02,1.12,319.21,39,68,0,1,0,41,Clear,Medium,22,67,63,18,630,89.09,2.757,55016.6,42.56,76.59,76,1,1
2/4/2024 2:00,D002,VH002,Volkswagen,ID.4 Pro,82,550,2200,150,1,130.59,2.08,2518.53,65,123,0,1,2,4,Rain,Medium,25,82,59,26.7,630,89.09,18.088,55147.1,42.65,76.55,76,1,1
2/4/2024 4:00,D002,VH002,Volkswagen,ID.4 Pro,82,550,2200,150,1,169.64,3.02,2432.02,58,115,1,0,1,6,Rain,Low,18,75,45,30.2,630,89.09,23.967,55316.8,42.71,76.53,76,1,1
2/4/2024 6:00,D002,VH002,Volkswagen,ID.4 Pro,82,550,2200,150,0,12.11,0.99,152.71,30,90,0,1,0,35,Rain,Medium,27,49,46,18,630,89.09,1.766,55328.9,42.75,76.51,76,1,1
2/4/2024 8:00,D002,VH002,Volkswagen,ID.4 Pro,82,550,2200,150,1,136.97,2.19,1577.14,65,109,0,0,0,5,Rain,Medium,19,73,49,26.1,631,89.09,18.972,55465.9,42.8,76.49,76,1,1
2/4/2024 10:00,D002,VH002,Volkswagen,ID.4 Pro,82,550,2200,150,0,18.19,0.75,327.68,50,80,0,0,1,23,Clear,Low,18,63,59,18,631,89.09,2.947,55484.1,42.81,76.49,76,1,1
2/4/2024 12:00,D002,VH002,Volkswagen,ID.4 Pro,82,550,2200,150,1,88.02,1.45,1347.08,65,113,0,0,0,6,Rain,Medium,14,77,62,18,631,89.09,12.192,55572.1,42.84,76.48,76,1,1
2/4/2024 14:00,D002,VH002,Volkswagen,ID.4 Pro,82,550,2200,150,1,119.57,1.88,1451.79,72,117,0,1,1,13,Fog,Medium,19,71,51,23.9,631,89.09,16.01,55691.6,42.92,76.44,76,1,1
2/4/2024 16:00,D002,VH002,Volkswagen,ID.4 Pro,82,550,2200,150,0,64.43,2.32,662.96,36,82,0,3,0,32,Clear,Medium,22,70,57,18.5,631,89.09,10.438,55756.1,43.06,76.36,76,1,1
2/4/2024 18:00,D002,VH002,Volkswagen,ID.4 Pro,82,550,2200,150,0,30.23,1.32,396.4,33,71,0,2,1,24,Fog,Medium,18,72,66,18,631,89.09,4.261,55786.3,43.15,76.3,76,1,1
2/4/2024 20:00,D002,VH002,Volkswagen,ID.4 Pro,82,550,2200,150,0,17.49,0.9,246.38,42,88,1,0,1,29,Clear,Medium,16,55,51,18,631,89.09,2.89,55803.8,43.16,76.3,76,1,1
2/4/2024 22:00,D002,VH002,Volkswagen,ID.4 Pro,82,550,2200,150,1,116.19,1.81,2171.82,68,102,0,0,0,6,Rain,Medium,19,65,45,22.6,631,89.08,16.093,55920,43.2,76.29,76,1,1
2/5/2024 0:00,D002,VH002,Volkswagen,ID.4 Pro,82,550,2200,150,0,15.27,0.69,226.01,41,73,0,0,0,19,Clear,Medium,11,63,59,18,631,89.08,2.474,55935.3,43.21,76.28,77,1,1
2/5/2024 2:00,D002,VH002,Volkswagen,ID.4 Pro,82,550,2200,150,0,58.21,1.63,691.42,48,86,1,0,0,25,Clear,Medium,28,64,52,18.1,631,89.08,9.619,55993.5,43.23,76.28,77,1,1
2/5/2024 4:00,D002,VH002,Volkswagen,ID.4 Pro,82,550,2200,150,0,44.34,1.26,830.55,48,68,0,0,1,20,Rain,Low,22,69,61,18,631,89.08,6.465,56037.8,43.24,76.27,77,1,1
2/5/2024 6:00,D002,VH002,Volkswagen,ID.4 Pro,82,550,2200,150,0,30.46,1.2,535.94,47,97,0,0,0,33,Rain,Low,24,77,71,18,631,89.08,4.441,56068.3,43.25,76.27,77,1,1
2/5/2024 8:00,D002,VH002,Volkswagen,ID.4 Pro,82,550,2200,150,0,46.52,1.63,821.01,41,72,0,0,2,30,Clear,Medium,16,64,54,18,631,89.08,7.536,56114.8,43.27,76.26,77,1,1
2/5/2024 10:00,D002,VH002,Volkswagen,ID.4 Pro,82,550,2200,150,0,15.89,0.75,276.46,57,81,0,2,0,28,Clear,Low,19,67,63,18,631,89.08,2.574,56130.7,43.35,76.21,77,1,1
2/5/2024 12:00,D002,VH002,Volkswagen,ID.4 Pro,82,550,2200,150,1,163.37,2.65,1868.56,64,94,0,0,0,6,Clear,Medium,11,67,36,24.1,631,89.08,25.143,56294,43.41,76.19,77,1,1
2/5/2024 14:00,D002,VH002,Volkswagen,ID.4 Pro,82,550,2200,150,1,82.66,1.17,1372.71,80,109,0,0,1,8,Rain,Low,21,66,52,21.7,631,89.08,11.449,56376.7,43.44,76.18,77,1,1
2/5/2024 16:00,D002,VH002,Volkswagen,ID.4 Pro,82,550,2200,150,0,33.11,1.41,395.67,37,97,1,0,2,31,Rain,High,21,69,62,18,631,89.08,4.924,56409.8,43.45,76.18,77,1,1
2/5/2024 18:00,D002,VH002,Volkswagen,ID.4 Pro,82,550,2200,150,1,81.5,1.32,1512.62,66,98,0,0,0,5,Clear,Medium,21,81,65,19.6,631,89.08,12.543,56491.3,43.48,76.17,77,1,1
2/5/2024 20:00,D002,VH002,Volkswagen,ID.4 Pro,82,550,2200,150,0,45.88,1.25,879.29,54,70,0,2,2,24,Rain,Low,25,77,68,18,631,89.08,6.689,56537.2,43.58,76.11,77,1,1
2/5/2024 22:00,D002,VH002,Volkswagen,ID.4 Pro,82,550,2200,150,1,136.96,2.02,1442.87,72,102,0,3,0,7,Clear,Medium,15,62,36,24.9,631,89.08,21.078,56674.2,43.74,76.02,77,1,1
2/6/2024 0:00,D002,VH002,Volkswagen,ID.4 Pro,82,550,2200,150,1,145.34,2.42,2242.01,61,97,0,0,1,2,Rain,Medium,14,71,46,22,632,89.08,20.131,56819.5,43.8,76,78,1,1
2/6/2024 2:00,D002,VH002,Volkswagen,ID.4 Pro,82,550,2200,150,0,19.33,1.25,231.69,40,75,0,1,4,46,Rain,Medium,16,78,74,18,632,89.08,2.818,56838.8,43.84,75.98,78,1,0
2/6/2024 4:00,D002,VH002,Volkswagen,ID.4 Pro,82,550,2200,150,0,60.9,1.38,770.68,53,87,0,0,1,14,Clear,Medium,21,50,37,19,632,89.08,9.866,56899.7,43.86,75.97,78,1,1
2/6/2024 6:00,D002,VH002,Volkswagen,ID.4 Pro,82,550,2200,150,0,41.74,1.29,517.22,46,71,0,0,0,23,Clear,Low,22,69,60,18,632,89.08,6.762,56941.5,43.88,75.96,78,1,1
2/6/2024 8:00,D002,VH002,Volkswagen,ID.4 Pro,82,550,2200,150,1,126.26,1.68,2285.2,80,98,0,2,2,6,Rain,Medium,24,57,35,25.4,632,89.07,17.488,57067.7,44,75.9,78,1,1
2/6/2024 10:00,D002,VH002,Volkswagen,ID.4 Pro,82,550,2200,150,1,166.71,2.38,3268.4,73,122,1,0,2,6,Clear,Medium,24,88,56,32.6,632,89.07,26.17,57234.4,44.06,75.88,78,1,1
2/6/2024 12:00,D002,VH002,Volkswagen,ID.4 Pro,82,550,2200,150,1,103.92,1.91,1554.71,57,110,0,1,0,5,Fog,Medium,20,74,57,18.1,632,89.07,13.914,57338.4,44.14,75.84,78,1,1
2/6/2024 14:00,D002,VH002,Volkswagen,ID.4 Pro,82,550,2200,150,1,81.07,1.09,1314.02,79,116,0,1,0,4,Clear,Low,25,74,58,19.5,632,89.07,12.477,57419.4,44.21,75.81,78,1,1
2/6/2024 16:00,D002,VH002,Volkswagen,ID.4 Pro,82,550,2200,150,0,58.19,1.93,828.67,35,97,0,3,0,16,Clear,High,15,80,68,18,632,89.07,9.427,57477.6,44.35,75.72,78,1,1
2/6/2024 18:00,D002,VH002,Volkswagen,ID.4 Pro,82,550,2200,150,0,64.7,1.63,1211.16,54,88,0,0,0,26,Fog,High,21,61,49,21.6,632,89.07,9.119,57542.3,44.37,75.72,78,1,1
2/6/2024 20:00,D002,VH002,Volkswagen,ID.4 Pro,82,550,2200,150,1,145.49,1.95,2660.79,78,88,0,0,0,5,Clear,Medium,19,63,35,26.1,632,89.07,22.391,57687.8,44.42,75.7,78,1,1
2/6/2024 22:00,D002,VH002,Volkswagen,ID.4 Pro,82,550,2200,150,1,142.56,2.03,2284.41,76,100,0,0,3,9,Rain,Medium,18,71,46,23.6,632,89.07,19.746,57830.4,44.47,75.68,78,1,1
2/7/2024 0:00,D002,VH002,Volkswagen,ID.4 Pro,82,550,2200,150,1,101.55,1.72,1724.42,64,107,0,1,0,8,Rain,Medium,17,58,40,20,633,89.07,14.066,57931.9,44.54,75.64,79,1,1
2/7/2024 2:00,D002,VH002,Volkswagen,ID.4 Pro,82,550,2200,150,1,162.46,2.7,1774.23,63,100,0,2,0,7,Fog,Medium,18,69,42,26.2,633,89.07,21.752,58094.4,44.68,75.57,79,1,0
2/7/2024 4:00,D002,VH002,Volkswagen,ID.4 Pro,82,550,2200,150,0,59.36,2.01,822.85,43,94,0,1,0,38,Clear,High,13,83,71,18,633,89.06,9.616,58153.7,44.74,75.54,79,1,1
2/7/2024 6:00,D002,VH002,Volkswagen,ID.4 Pro,82,550,2200,150,0,24.94,0.84,331.82,49,76,0,2,2,20,Clear,Medium,16,52,47,18,633,89.06,4.04,58178.7,44.83,75.49,79,1,1
2/7/2024 8:00,D002,VH002,Volkswagen,ID.4 Pro,82,550,2200,150,0,41.41,1.82,591.03,33,92,1,2,0,34,Clear,High,15,45,36,18,633,89.06,6.843,58220.1,44.93,75.43,79,1,1
2/7/2024 10:00,D002,VH002,Volkswagen,ID.4 Pro,82,550,2200,150,0,26.25,1.01,403.51,43,63,0,0,1,24,Clear,Medium,15,63,57,18,633,89.06,4.252,58246.3,44.93,75.43,79,1,1
1/1/2024 0:00,D003,VH003,Volkswagen,ID.5,82,530,2200,174,1,171.21,2.49,2355.94,71,122,0,0,1,5,Clear,Medium,15,74,41,27.4,450,80.23,26.349,14290.2,9.47,94.33,24,1,0
1/1/2024 2:00,D003,VH003,Volkswagen,ID.5,82,530,2200,174,1,104.92,1.67,1655.8,66,129,0,2,0,5,Fog,Low,17,47,29,18,450,80.23,14.048,14395.1,9.59,94.27,24,1,1
1/1/2024 4:00,D003,VH003,Volkswagen,ID.5,82,530,2200,174,0,14.71,0.76,269.96,50,93,0,2,1,28,Clear,Low,22,79,76,18,450,80.23,2.383,14409.8,9.67,94.22,24,1,1
1/1/2024 6:00,D003,VH003,Volkswagen,ID.5,82,530,2200,174,0,24.95,1.12,353.42,40,60,0,1,2,30,Cloudy,Medium,18,65,60,18,450,80.23,3.88,14434.8,9.72,94.19,24,1,1
1/1/2024 8:00,D003,VH003,Volkswagen,ID.5,82,530,2200,174,0,28.94,1.02,441.76,47,70,0,0,1,24,Clear,Medium,18,72,66,18,450,80.23,4.688,14463.7,9.73,94.18,24,1,1
1/1/2024 10:00,D003,VH003,Volkswagen,ID.5,82,530,2200,174,0,56.99,1.7,1091.78,52,90,0,2,0,36,Clear,Medium,23,67,55,22.7,450,80.23,9.232,14520.7,9.83,94.13,24,1,1
1/1/2024 12:00,D003,VH003,Volkswagen,ID.5,82,530,2200,174,0,63.11,1.63,849.97,47,78,0,1,1,17,Fog,Low,22,86,75,19.4,450,80.23,8.895,14583.8,9.89,94.09,24,1,1
1/1/2024 14:00,D003,VH003,Volkswagen,ID.5,82,530,2200,174,0,50.68,1.28,672.93,59,79,0,0,2,25,Fog,High,22,85,76,18,450,80.23,7.143,14634.5,9.91,94.09,24,1,1
1/1/2024 16:00,D003,VH003,Volkswagen,ID.5,82,530,2200,174,1,174.83,2.7,2958.25,66,107,0,0,1,3,Clear,Medium,20,91,58,25.8,450,80.22,26.906,14809.3,9.97,94.07,24,1,1
1/1/2024 18:00,D003,VH003,Volkswagen,ID.5,82,530,2200,174,0,53.41,1.7,1026.92,40,82,0,0,0,22,Clear,High,15,69,58,18,450,80.22,8.652,14862.8,9.99,94.06,24,1,1
1/1/2024 20:00,D003,VH003,Volkswagen,ID.5,82,530,2200,174,0,63.65,1.89,1150.83,48,82,0,2,1,34,Rain,High,14,80,68,18,450,80.22,9.28,14926.4,10.09,94,24,1,1
1/1/2024 22:00,D003,VH003,Volkswagen,ID.5,82,530,2200,174,1,65.33,1.16,1028.87,60,118,0,1,0,4,Clear,Medium,19,63,50,18,450,80.22,10.054,14991.7,10.16,93.97,24,1,1
1/2/2024 0:00,D003,VH003,Volkswagen,ID.5,82,530,2200,174,0,42.4,1.4,490.35,52,85,0,1,1,35,Clear,Medium,19,84,75,18,450,80.22,6.869,15034.1,10.21,93.94,25,1,1
1/2/2024 2:00,D003,VH003,Volkswagen,ID.5,82,530,2200,174,0,19.91,0.81,227.94,68,82,0,1,2,31,Fog,Medium,17,92,88,18,450,80.22,2.806,15054,10.26,93.91,25,1,1
1/2/2024 4:00,D003,VH003,Volkswagen,ID.5,82,530,2200,174,0,39.22,1.39,761.1,44,97,0,1,1,30,Rain,High,19,78,71,18,450,80.22,5.718,15093.3,10.31,93.88,25,1,1
1/2/2024 6:00,D003,VH003,Volkswagen,ID.5,82,530,2200,174,0,21.38,0.93,402.43,38,83,0,0,0,22,Clear,High,13,60,55,18,450,80.22,3.464,15114.6,10.32,93.88,25,1,1
1/2/2024 8:00,D003,VH003,Volkswagen,ID.5,82,530,2200,174,0,48.76,1.51,687.1,58,69,0,1,0,40,Rain,Medium,18,61,52,18,450,80.22,7.109,15163.4,10.38,93.85,25,1,1
1/2/2024 10:00,D003,VH003,Volkswagen,ID.5,82,530,2200,174,0,25.05,1,489.61,47,80,0,2,0,28,Clear,Medium,23,68,63,18,450,80.22,4.058,15188.4,10.46,93.8,25,1,1
1/2/2024 12:00,D003,VH003,Volkswagen,ID.5,82,530,2200,174,0,15.04,0.9,285.28,39,81,0,0,1,31,Clear,Medium,13,61,58,18,450,80.22,2.436,15203.5,10.47,93.79,25,1,1
1/2/2024 14:00,D003,VH003,Volkswagen,ID.5,82,530,2200,174,0,44.33,1.47,518.31,45,83,0,1,1,29,Clear,High,16,63,54,18,450,80.22,7.181,15247.8,10.53,93.76,25,1,1
1/2/2024 16:00,D003,VH003,Volkswagen,ID.5,82,530,2200,174,1,109.92,2.01,1385.91,58,102,1,0,1,7,Clear,Low,15,48,26,18,451,80.22,17.255,15357.7,10.56,93.75,25,1,1
1/2/2024 18:00,D003,VH003,Volkswagen,ID.5,82,530,2200,174,0,50.46,1.32,691.97,60,78,0,0,0,29,Clear,Medium,20,59,49,18,451,80.22,8.175,15408.2,10.58,93.75,25,1,1
1/2/2024 20:00,D003,VH003,Volkswagen,ID.5,82,530,2200,174,0,10.7,0.8,110.82,53,88,0,0,0,36,Rain,Low,22,69,67,18,451,80.22,1.56,15418.9,10.58,93.74,25,1,0
1/2/2024 22:00,D003,VH003,Volkswagen,ID.5,82,530,2200,174,0,50.39,1.71,988.6,43,73,0,0,1,32,Clear,Medium,21,75,65,18,451,80.22,8.163,15469.3,10.6,93.74,25,1,1
1/3/2024 0:00,D003,VH003,Volkswagen,ID.5,82,530,2200,174,0,19.15,0.82,329.14,63,82,0,2,0,31,Clear,Low,10,64,60,18,451,80.22,3.102,15488.4,10.69,93.69,26,1,1
1/3/2024 2:00,D003,VH003,Volkswagen,ID.5,82,530,2200,174,1,114.28,1.62,2236.85,73,97,0,0,0,3,Clear,Medium,23,60,38,25.3,451,80.22,17.588,15602.7,10.73,93.67,26,1,1
1/3/2024 4:00,D003,VH003,Volkswagen,ID.5,82,530,2200,174,0,48.39,1.3,928.06,47,85,0,0,1,16,Fog,Low,20,57,48,18,451,80.22,6.82,15651.1,10.75,93.67,26,1,1
1/3/2024 6:00,D003,VH003,Volkswagen,ID.5,82,530,2200,174,0,49.79,1.91,517.67,32,87,0,0,3,21,Clear,High,18,50,40,18,451,80.22,8.066,15700.9,10.76,93.66,26,1,1
1/3/2024 8:00,D003,VH003,Volkswagen,ID.5,82,530,2200,174,0,17.01,0.77,279.56,46,87,0,0,0,24,Clear,Low,16,76,72,18,451,80.22,2.756,15717.9,10.77,93.66,26,1,1
1/3/2024 10:00,D003,VH003,Volkswagen,ID.5,82,530,2200,174,1,164.28,2.34,2723.93,74,100,0,2,2,7,Rain,Low,20,68,40,26.8,451,80.21,22.754,15882.2,10.91,93.59,26,1,1
1/3/2024 12:00,D003,VH003,Volkswagen,ID.5,82,530,2200,174,0,59.79,1.92,1054.55,41,84,0,1,0,28,Fog,Medium,22,64,53,18,451,80.21,8.427,15942,10.97,93.56,26,1,1
1/3/2024 14:00,D003,VH003,Volkswagen,ID.5,82,530,2200,174,0,32.24,1.22,350.73,37,75,0,0,1,21,Clear,Low,20,80,73,18,451,80.21,5.223,15974.2,10.98,93.55,26,1,1
1/3/2024 16:00,D003,VH003,Volkswagen,ID.5,82,530,2200,174,0,12.78,0.99,216.39,29,84,0,0,1,33,Clear,High,14,45,42,18,451,80.21,2.07,15987,10.98,93.55,26,1,1
1/3/2024 18:00,D003,VH003,Volkswagen,ID.5,82,530,2200,174,0,15.27,0.92,180.99,43,63,0,2,2,34,Fog,Medium,19,71,68,18,451,80.21,2.152,16002.3,11.07,93.5,26,1,1
1/3/2024 20:00,D003,VH003,Volkswagen,ID.5,82,530,2200,174,0,23.3,1.21,345.45,32,85,0,1,0,29,Clear,Medium,17,52,47,18,451,80.21,3.775,16025.6,11.12,93.47,26,1,1
1/3/2024 22:00,D003,VH003,Volkswagen,ID.5,82,530,2200,174,0,61.35,2.21,809.23,39,87,0,4,1,38,Clear,Medium,17,91,78,18,451,80.21,9.939,16086.9,11.3,93.36,26,1,1
1/4/2024 0:00,D003,VH003,Volkswagen,ID.5,82,530,2200,174,1,144.2,2.2,1945.08,68,117,0,1,1,5,Rain,Low,17,72,47,26.2,451,80.21,19.973,16231.1,11.39,93.32,27,1,1
1/4/2024 2:00,D003,VH003,Volkswagen,ID.5,82,530,2200,174,0,46.68,1.73,759.49,40,106,1,0,1,34,Clear,Low,25,70,60,18.4,451,80.21,7.713,16277.8,11.41,93.32,27,1,1
1/4/2024 4:00,D003,VH003,Volkswagen,ID.5,82,530,2200,174,0,62.38,1.82,865.02,43,88,0,2,1,22,Rain,Medium,19,85,73,18,451,80.21,9.095,16340.2,11.51,93.26,27,1,1
1/4/2024 6:00,D003,VH003,Volkswagen,ID.5,82,530,2200,174,0,11.53,1.14,212.96,27,69,0,2,1,43,Cloudy,High,23,59,56,18,451,80.21,1.793,16351.7,11.59,93.21,27,1,1
1/4/2024 8:00,D003,VH003,Volkswagen,ID.5,82,530,2200,174,0,56.62,1.56,754.66,59,64,1,1,0,36,Clear,Medium,15,79,67,18,451,80.21,9.356,16408.3,11.65,93.18,27,1,1
1/4/2024 10:00,D003,VH003,Volkswagen,ID.5,82,530,2200,174,1,74.48,1.28,1228.6,66,110,0,0,2,9,Clear,Low,16,69,55,18,451,80.21,11.462,16482.8,11.68,93.17,27,1,0
1/4/2024 12:00,D003,VH003,Volkswagen,ID.5,82,530,2200,174,0,21.09,0.82,357.29,54,79,0,0,2,26,Clear,Medium,21,50,45,18,451,80.21,3.417,16503.9,11.68,93.16,27,1,1
1/4/2024 14:00,D003,VH003,Volkswagen,ID.5,82,530,2200,174,0,13.51,0.65,206.12,48,74,0,1,0,22,Clear,Low,16,79,76,18,451,80.21,2.189,16517.4,11.73,93.14,27,1,1
1/4/2024 16:00,D003,VH003,Volkswagen,ID.5,82,530,2200,174,1,133.4,2.23,2544,62,95,0,1,0,5,Clear,Low,16,70,44,23.6,452,80.21,20.53,16650.8,11.82,93.1,27,1,1
1/4/2024 18:00,D003,VH003,Volkswagen,ID.5,82,530,2200,174,0,30.9,1.09,380.5,51,79,0,0,0,29,Clear,Low,12,72,65,18,452,80.21,5.006,16681.7,11.83,93.09,27,1,1
1/4/2024 20:00,D003,VH003,Volkswagen,ID.5,82,530,2200,174,1,58.72,1.11,969.98,57,111,0,1,0,5,Clear,Low,13,61,49,18,452,80.21,9.037,16740.4,11.89,93.06,27,1,1
1/4/2024 22:00,D003,VH003,Volkswagen,ID.5,82,530,2200,174,0,22.11,0.85,387.8,34,60,0,1,1,12,Fog,Medium,13,79,75,18,452,80.21,3.116,16762.5,11.94,93.03,27,1,1
1/5/2024 0:00,D003,VH003,Volkswagen,ID.5,82,530,2200,174,0,13.43,0.89,196.67,32,99,0,0,2,28,Fog,Low,13,55,52,18,452,80.21,1.893,16776,11.94,93.03,28,1,1
1/5/2024 2:00,D003,VH003,Volkswagen,ID.5,82,530,2200,174,0,39.61,1.38,663.41,44,84,0,2,1,29,Rain,Medium,14,70,62,18,452,80.21,5.775,16815.6,12.03,92.98,28,1,1
1/5/2024 4:00,D003,VH003,Volkswagen,ID.5,82,530,2200,174,0,55.74,1.54,652.55,53,72,0,0,1,29,Rain,Medium,15,83,73,18,452,80.2,8.127,16871.3,12.05,92.97,28,1,1
1/5/2024 6:00,D003,VH003,Volkswagen,ID.5,82,530,2200,174,1,179.94,3.48,3533.99,53,116,0,0,3,5,Clear,Medium,19,55,21,30.4,452,80.2,27.693,17051.3,12.12,92.95,28,1,0
1/5/2024 8:00,D003,VH003,Volkswagen,ID.5,82,530,2200,174,0,47.64,1.76,867.91,49,87,0,0,2,47,Clear,High,23,55,45,18,452,80.2,7.718,17098.9,12.13,92.94,28,1,1
1/5/2024 10:00,D003,VH003,Volkswagen,ID.5,82,530,2200,174,0,36.19,1.24,442.94,51,95,0,1,0,32,Clear,Low,15,62,54,18,452,80.2,5.863,17135.1,12.19,92.91,28,1,1
1/5/2024 12:00,D003,VH003,Volkswagen,ID.5,82,530,2200,174,1,127.18,2.25,2200.58,60,108,0,1,2,8,Rain,Low,15,70,48,18.7,452,80.2,17.616,17262.3,12.27,92.87,28,1,1
1/5/2024 14:00,D003,VH003,Volkswagen,ID.5,82,530,2200,174,0,64.19,1.84,1054.9,43,75,0,0,0,21,Cloudy,Medium,21,51,38,21.7,452,80.2,9.983,17326.5,12.29,92.87,28,1,1
1/5/2024 16:00,D003,VH003,Volkswagen,ID.5,82,530,2200,174,0,62.8,1.7,1155.59,54,86,1,1,1,32,Clear,Medium,21,64,51,20.5,452,80.2,10.377,17389.3,12.35,92.83,28,1,1
1/5/2024 18:00,D003,VH003,Volkswagen,ID.5,82,530,2200,174,0,24.03,0.72,405.4,53,107,1,3,0,16,Clear,High,14,70,65,18,452,80.2,3.971,17413.3,12.48,92.75,28,1,1
1/5/2024 20:00,D003,VH003,Volkswagen,ID.5,82,530,2200,174,1,147.4,2.27,1684.72,68,102,1,1,2,6,Clear,Low,19,71,42,29.2,452,80.2,23.139,17560.7,12.57,92.71,28,1,1
1/5/2024 22:00,D003,VH003,Volkswagen,ID.5,82,530,2200,174,1,142.22,2.36,2141.62,62,101,0,1,0,4,Clear,Medium,16,66,39,27.7,452,80.2,21.888,17702.9,12.66,92.67,28,1,1
1/6/2024 0:00,D003,VH003,Volkswagen,ID.5,82,530,2200,174,0,33.76,1.13,458.01,45,85,0,3,0,23,Cloudy,Medium,20,57,50,18,453,80.2,5.25,17736.7,12.8,92.59,29,1,1
1/6/2024 2:00,D003,VH003,Volkswagen,ID.5,82,530,2200,174,0,40.21,1.35,425.79,50,88,0,3,2,33,Rain,Low,23,63,55,18,453,80.2,5.863,17776.9,12.93,92.51,29,1,1
1/6/2024 4:00,D003,VH003,Volkswagen,ID.5,82,530,2200,174,1,61.71,1.28,983.52,54,104,0,1,0,8,Rain,Medium,23,77,66,18,453,80.2,8.547,17838.6,12.99,92.48,29,1,1
1/6/2024 6:00,D003,VH003,Volkswagen,ID.5,82,530,2200,174,0,29.14,1.34,429.37,42,85,0,0,0,39,Clear,High,19,73,67,18,453,80.2,4.721,17867.7,13,92.48,29,1,1
1/6/2024 8:00,D003,VH003,Volkswagen,ID.5,82,530,2200,174,0,51.62,1.16,1016.45,56,74,0,0,2,14,Fog,Low,20,69,60,18,453,80.2,7.275,17919.3,13.02,92.47,29,1,1
1/6/2024 10:00,D003,VH003,Volkswagen,ID.5,82,530,2200,174,0,63.07,1.6,989.45,52,66,0,0,0,23,Cloudy,Medium,18,80,68,18.9,453,80.19,9.809,17982.4,13.04,92.46,29,1,1
1/6/2024 12:00,D003,VH003,Volkswagen,ID.5,82,530,2200,174,1,146.54,2.8,2586.52,55,95,1,1,0,8,Fog,Medium,23,66,41,28.5,453,80.19,20.013,18129,13.13,92.42,29,1,1
1/6/2024 14:00,D003,VH003,Volkswagen,ID.5,82,530,2200,174,0,56.06,1.59,969.59,52,74,0,0,1,31,Clear,Medium,17,79,67,18,453,80.19,9.082,18185,13.15,92.41,29,1,1
1/6/2024 16:00,D003,VH003,Volkswagen,ID.5,82,530,2200,174,0,26.36,0.9,331.63,49,92,0,0,1,22,Cloudy,High,19,50,45,18,453,80.19,4.1,18211.4,13.16,92.41,29,1,1
1/6/2024 18:00,D003,VH003,Volkswagen,ID.5,82,530,2200,174,0,37.57,1.13,545.31,65,71,0,2,0,33,Fog,High,21,62,55,18,453,80.19,5.295,18249,13.26,92.35,29,1,1
1/6/2024 20:00,D003,VH003,Volkswagen,ID.5,82,530,2200,174,1,177.14,2.3,2340.2,80,103,0,0,0,5,Clear,Low,14,80,46,28.3,453,80.19,27.262,18426.1,13.32,92.33,29,1,1
1/6/2024 22:00,D003,VH003,Volkswagen,ID.5,82,530,2200,174,0,36.55,1.38,697.32,43,74,0,0,1,32,Cloudy,High,18,59,52,18,453,80.19,5.684,18462.6,13.33,92.33,29,1,1
1/7/2024 0:00,D003,VH003,Volkswagen,ID.5,82,530,2200,174,0,11.07,0.98,146.73,32,68,0,1,1,38,Rain,Low,20,62,60,18,453,80.19,1.614,18473.7,13.37,92.3,30,1,1
1/7/2024 2:00,D003,VH003,Volkswagen,ID.5,82,530,2200,174,0,55.48,1.49,701.74,48,65,1,1,3,20,Clear,High,18,66,54,18,453,80.19,9.168,18529.2,13.43,92.27,30,1,1
1/7/2024 4:00,D003,VH003,Volkswagen,ID.5,82,530,2200,174,0,45.26,1.27,692.11,53,77,0,0,1,25,Clear,High,24,48,39,18,453,80.19,7.332,18574.4,13.45,92.27,30,1,1
1/7/2024 6:00,D003,VH003,Volkswagen,ID.5,82,530,2200,174,1,67.63,1.24,960.71,64,106,0,1,1,11,Clear,Medium,13,80,67,18,453,80.19,10.408,18642.1,13.51,92.23,30,1,1
1/7/2024 8:00,D003,VH003,Volkswagen,ID.5,82,530,2200,174,0,35.2,1.41,363.63,41,67,0,0,0,33,Fog,Medium,24,51,44,18,453,80.19,4.961,18677.3,13.53,92.23,30,1,1
1/7/2024 10:00,D003,VH003,Volkswagen,ID.5,82,530,2200,174,1,127.75,2.03,1706.69,68,113,1,1,0,9,Rain,Medium,19,77,54,21.3,453,80.19,18.049,18805,13.61,92.19,30,1,1
1/7/2024 12:00,D003,VH003,Volkswagen,ID.5,82,530,2200,174,0,49.63,1.74,930.23,37,65,0,0,1,24,Clear,Medium,24,63,53,20.2,453,80.19,8.04,18854.7,13.63,92.18,30,1,1
1/7/2024 14:00,D003,VH003,Volkswagen,ID.5,82,530,2200,174,1,120.62,1.75,2207.78,73,112,0,0,2,6,Rain,Medium,21,56,35,20,454,80.19,16.707,18975.3,13.67,92.17,30,1,1
1/7/2024 16:00,D003,VH003,Volkswagen,ID.5,82,530,2200,174,0,22.44,1.17,345.85,31,85,0,1,0,27,Clear,Medium,18,61,56,18,454,80.19,3.635,18997.7,13.72,92.14,30,1,1
1/7/2024 18:00,D003,VH003,Volkswagen,ID.5,82,530,2200,174,0,57.39,1.65,973.66,43,91,0,2,2,19,Clear,Medium,18,89,77,18,454,80.19,9.297,19055.1,13.82,92.08,30,1,1
1/7/2024 20:00,D003,VH003,Volkswagen,ID.5,82,530,2200,174,0,44.68,1.74,651.29,35,80,1,0,1,28,Rain,Low,24,81,72,18,454,80.18,6.645,19099.8,13.83,92.08,30,1,1
1/7/2024 22:00,D003,VH003,Volkswagen,ID.5,82,530,2200,174,0,24.11,0.8,276.41,48,81,0,1,2,18,Clear,Low,19,61,56,18,454,80.18,3.906,19123.9,13.88,92.05,30,1,0
1/8/2024 0:00,D003,VH003,Volkswagen,ID.5,82,530,2200,174,1,56.75,0.89,878.4,72,90,0,3,0,6,Fog,Low,17,59,49,18,454,80.18,7.598,19180.6,14.02,91.97,31,1,1
1/8/2024 2:00,D003,VH003,Volkswagen,ID.5,82,530,2200,174,0,8.81,0.77,137.77,38,83,1,0,0,32,Clear,Medium,15,76,74,18,454,80.18,1.456,19189.5,14.02,91.97,31,1,1
1/8/2024 4:00,D003,VH003,Volkswagen,ID.5,82,530,2200,174,1,70.62,1.01,1201.18,81,105,1,0,0,8,Clear,Low,19,65,51,18,454,80.18,11.086,19260.1,14.05,91.96,31,1,1
1/8/2024 6:00,D003,VH003,Volkswagen,ID.5,82,530,2200,174,1,160.21,2.53,2688.98,66,101,1,0,1,6,Cloudy,Medium,29,67,37,32.1,454,80.18,24.143,19420.3,14.11,91.94,31,1,1
1/8/2024 8:00,D003,VH003,Volkswagen,ID.5,82,530,2200,174,1,154.53,2.13,2053.69,75,103,0,4,0,4,Fog,Low,23,81,55,25,454,80.18,20.69,19574.8,14.32,91.82,31,1,1
1/8/2024 10:00,D003,VH003,Volkswagen,ID.5,82,530,2200,174,0,29.16,1.37,476.98,33,85,0,1,0,29,Clear,Medium,20,83,77,18,454,80.18,4.724,19604,14.37,91.79,31,1,1
1/8/2024 12:00,D003,VH003,Volkswagen,ID.5,82,530,2200,174,0,13.95,0.6,190.55,60,79,0,0,0,22,Rain,Medium,11,55,52,18,454,80.18,2.034,19617.9,14.37,91.79,31,1,1
1/8/2024 14:00,D003,VH003,Volkswagen,ID.5,82,530,2200,174,1,96.61,1.42,1243.67,75,109,0,0,0,8,Fog,Medium,14,63,47,18,454,80.18,12.935,19714.5,14.41,91.78,31,1,1
1/8/2024 16:00,D003,VH003,Volkswagen,ID.5,82,530,2200,174,1,90.33,1.3,1792.3,73,103,1,1,1,4,Rain,Medium,18,67,51,19.1,454,80.18,12.762,19804.9,14.48,91.74,31,1,1
1/8/2024 18:00,D003,VH003,Volkswagen,ID.5,82,530,2200,174,0,38.54,1.35,621.67,38,99,1,2,1,20,Clear,High,26,78,70,19.1,454,80.18,6.368,19843.4,14.57,91.69,31,1,0
1/8/2024 20:00,D003,VH003,Volkswagen,ID.5,82,530,2200,174,1,145.74,1.85,2619.19,84,115,0,1,1,7,Rain,Medium,22,60,35,26.4,454,80.18,20.186,19989.2,14.66,91.65,31,1,1
1/8/2024 22:00,D003,VH003,Volkswagen,ID.5,82,530,2200,174,0,38.94,1.36,692.39,42,74,0,3,0,26,Clear,Low,15,57,49,18,454,80.18,6.308,20028.1,14.8,91.57,31,1,1
1/9/2024 0:00,D003,VH003,Volkswagen,ID.5,82,530,2200,174,0,49.53,1.58,857.56,42,83,0,3,1,24,Clear,High,14,83,73,18,454,80.18,8.024,20077.6,14.94,91.48,32,1,1
1/9/2024 2:00,D003,VH003,Volkswagen,ID.5,82,530,2200,174,1,50.19,1,894.31,58,104,0,0,0,8,Cloudy,Medium,20,69,59,18,454,80.18,7.415,20127.8,14.95,91.48,32,1,1
1/9/2024 4:00,D003,VH003,Volkswagen,ID.5,82,530,2200,174,0,34.71,1.29,388.41,49,78,0,1,1,35,Fog,Medium,20,43,37,18,454,80.18,4.892,20162.5,15.01,91.45,32,1,0
1/9/2024 6:00,D003,VH003,Volkswagen,ID.5,82,530,2200,174,0,41.72,1.51,694.92,40,77,0,1,1,28,Rain,High,22,83,75,18,455,80.18,6.083,20204.2,15.06,91.42,32,1,0
1/9/2024 8:00,D003,VH003,Volkswagen,ID.5,82,530,2200,174,0,36.56,1.23,695.78,54,84,0,0,0,33,Clear,Medium,22,59,51,18,455,80.17,5.923,20240.8,15.07,91.42,32,1,1
1/9/2024 10:00,D003,VH003,Volkswagen,ID.5,82,530,2200,174,1,88.44,1.19,1257.88,84,97,0,2,1,8,Cloudy,Medium,16,72,56,19.4,455,80.17,13.066,20329.2,15.18,91.35,32,1,1
1/9/2024 12:00,D003,VH003,Volkswagen,ID.5,82,530,2200,174,1,139.29,2.28,1549.63,65,108,1,1,0,8,Cloudy,Low,15,70,44,24.5,455,80.17,20.991,20468.5,15.27,91.31,32,1,1
1/9/2024 14:00,D003,VH003,Volkswagen,ID.5,82,530,2200,174,0,40.42,1.54,555.55,39,79,0,3,2,30,Rain,Medium,17,48,40,18,455,80.17,5.893,20508.9,15.41,91.23,32,1,1
1/9/2024 16:00,D003,VH003,Volkswagen,ID.5,82,530,2200,174,1,103.03,1.35,1278.24,85,103,0,0,1,8,Clear,Medium,14,57,37,18,455,80.17,15.856,20612,15.44,91.22,32,1,1
1/9/2024 18:00,D003,VH003,Volkswagen,ID.5,82,530,2200,174,1,88.56,1.47,1199.29,69,108,1,1,1,11,Clear,Low,18,65,48,19,455,80.17,13.902,20700.5,15.51,91.19,32,1,1
1/9/2024 20:00,D003,VH003,Volkswagen,ID.5,82,530,2200,174,1,130.82,1.88,1414.22,72,123,1,3,0,4,Rain,Medium,18,74,51,27,455,80.17,18.482,20831.4,15.68,91.09,32,1,1
1/9/2024 22:00,D003,VH003,Volkswagen,ID.5,82,530,2200,174,0,21.45,0.96,220.6,36,80,0,1,0,22,Rain,Low,13,58,54,18,455,80.17,3.127,20852.8,15.73,91.07,32,1,1
1/10/2024 0:00,D003,VH003,Volkswagen,ID.5,82,530,2200,174,1,85.74,1.31,1289.68,73,116,0,0,1,8,Rain,Medium,19,52,37,18,455,80.17,11.876,20938.5,15.76,91.06,33,1,1
1/10/2024 2:00,D003,VH003,Volkswagen,ID.5,82,530,2200,174,0,41.98,1.62,541.09,42,86,0,3,0,37,Rain,Low,13,70,62,18,455,80.17,6.121,20980.5,15.89,90.98,33,1,1
1/10/2024 4:00,D003,VH003,Volkswagen,ID.5,82,530,2200,174,0,16.75,0.84,255.99,52,83,0,1,1,31,Clear,High,23,57,53,18,455,80.17,2.713,20997.3,15.94,90.95,33,1,1
1/10/2024 6:00,D003,VH003,Volkswagen,ID.5,82,530,2200,174,0,56.97,1.94,989.24,39,75,0,0,1,29,Clear,Medium,19,53,41,19.9,455,80.17,9.229,21054.2,15.96,90.94,33,1,1
1/10/2024 8:00,D003,VH003,Volkswagen,ID.5,82,530,2200,174,0,11.45,0.69,196.54,52,71,0,1,0,28,Clear,Low,18,60,57,18,455,80.17,1.855,21065.7,16,90.92,33,1,1
1/10/2024 10:00,D003,VH003,Volkswagen,ID.5,82,530,2200,174,0,31.06,1.29,326.09,45,69,0,1,0,36,Clear,Medium,23,65,58,18,455,80.17,5.032,21096.8,16.05,90.89,33,1,1
1/10/2024 12:00,D003,VH003,Volkswagen,ID.5,82,530,2200,174,0,52.24,1.78,985.13,37,72,0,0,0,22,Clear,Low,18,65,54,18,455,80.17,8.463,21149,16.07,90.88,33,1,1
1/10/2024 14:00,D003,VH003,Volkswagen,ID.5,82,530,2200,174,0,54.14,1.46,981.83,48,98,0,0,1,20,Fog,Medium,18,77,67,18,455,80.17,7.63,21203.1,16.09,90.87,33,1,1
1/10/2024 16:00,D003,VH003,Volkswagen,ID.5,82,530,2200,174,1,179.84,2.03,1945.42,93,98,0,0,0,6,Rain,Medium,19,89,58,28.2,455,80.16,24.91,21383,16.15,90.85,33,1,1
1/10/2024 18:00,D003,VH003,Volkswagen,ID.5,82,530,2200,174,0,46.64,1.08,564.34,60,80,0,1,0,18,Clear,High,16,89,79,18,456,80.16,7.556,21429.6,16.21,90.82,33,1,1
1/10/2024 20:00,D003,VH003,Volkswagen,ID.5,82,530,2200,174,1,70.52,1.22,1339.52,66,108,0,0,0,9,Fog,Medium,20,90,78,18.1,456,80.16,9.442,21500.1,16.23,90.81,33,1,1
1/10/2024 22:00,D003,VH003,Volkswagen,ID.5,82,530,2200,174,0,36.63,0.99,476.41,54,79,0,1,0,19,Cloudy,Medium,20,75,68,18,456,80.16,5.697,21536.8,16.29,90.78,33,1,0
1/11/2024 0:00,D003,VH003,Volkswagen,ID.5,82,530,2200,174,1,155.14,2.32,2178.73,71,123,0,0,1,8,Clear,Medium,21,71,41,29.5,456,80.16,23.876,21691.9,16.34,90.77,34,1,1
1/11/2024 2:00,D003,VH003,Volkswagen,ID.5,82,530,2200,174,1,162.37,2.4,1777.88,70,94,0,0,1,5,Rain,Low,19,57,29,26.4,456,80.16,22.49,21854.3,16.4,90.75,34,1,1
1/11/2024 4:00,D003,VH003,Volkswagen,ID.5,82,530,2200,174,0,35.78,1.36,712.25,38,83,0,1,0,25,Fog,Medium,20,82,75,18,456,80.16,5.043,21890.1,16.45,90.72,34,1,1
1/11/2024 6:00,D003,VH003,Volkswagen,ID.5,82,530,2200,174,1,143.68,2.12,2623.62,71,100,0,0,2,6,Fog,Medium,21,67,43,25,456,80.16,19.238,22033.7,16.5,90.7,34,1,1
1/11/2024 8:00,D003,VH003,Volkswagen,ID.5,82,530,2200,174,0,12.59,0.76,145.12,45,93,0,0,1,29,Clear,Low,17,65,62,18,456,80.16,2.04,22046.3,16.5,90.7,34,1,1
1/11/2024 10:00,D003,VH003,Volkswagen,ID.5,82,530,2200,174,1,124.49,2,2466.47,66,105,0,1,0,7,Clear,Medium,15,66,42,23.8,456,80.16,19.159,22170.8,16.59,90.66,34,1,1
1/11/2024 12:00,D003,VH003,Volkswagen,ID.5,82,530,2200,174,0,28.04,1.17,505.12,60,88,0,1,2,42,Rain,Low,20,62,57,18,456,80.16,4.088,22198.9,16.64,90.63,34,1,1
1/11/2024 14:00,D003,VH003,Volkswagen,ID.5,82,530,2200,174,0,24,1.78,338.44,18,65,0,3,0,27,Clear,High,17,66,61,18,456,80.16,3.888,22222.9,16.77,90.55,34,1,1
1/11/2024 16:00,D003,VH003,Volkswagen,ID.5,82,530,2200,174,0,52.87,1.78,688.63,43,83,0,0,1,33,Clear,Low,23,78,67,18,456,80.16,8.565,22275.7,16.78,90.55,34,1,0
1/11/2024 18:00,D003,VH003,Volkswagen,ID.5,82,530,2200,174,1,52.88,1.09,704.88,56,113,0,0,1,9,Rain,Medium,19,79,70,18,456,80.16,7.324,22328.6,16.8,90.54,34,1,1
1/11/2024 20:00,D003,VH003,Volkswagen,ID.5,82,530,2200,174,1,91.58,1.39,1624.89,70,99,0,1,0,5,Fog,Medium,23,64,49,18,456,80.16,12.262,22420.2,16.88,90.5,34,1,1
1/11/2024 22:00,D003,VH003,Volkswagen,ID.5,82,530,2200,174,0,46.84,1.02,674.02,49,98,1,1,0,4,Clear,Medium,22,61,51,18,456,80.16,7.74,22467,16.93,90.47,34,1,1
1/12/2024 0:00,D003,VH003,Volkswagen,ID.5,82,530,2200,174,0,30,1.11,437.27,42,83,0,0,0,24,Clear,Low,22,62,56,18,456,80.15,4.86,22497,16.94,90.47,35,1,1
1/12/2024 2:00,D003,VH003,Volkswagen,ID.5,82,530,2200,174,0,29.28,1.73,516.3,26,93,0,1,0,36,Rain,High,16,63,57,18,456,80.15,4.269,22526.3,16.99,90.44,35,1,1
1/12/2024 4:00,D003,VH003,Volkswagen,ID.5,82,530,2200,174,0,55.41,2.2,789.48,31,80,0,0,0,25,Rain,Low,24,64,54,21.1,456,80.15,8.079,22581.7,17.01,90.43,35,1,1
1/12/2024 6:00,D003,VH003,Volkswagen,ID.5,82,530,2200,174,0,55.11,1.26,809.87,53,75,0,2,2,13,Clear,Medium,15,54,43,18,456,80.15,8.928,22636.8,17.11,90.38,35,1,1
1/12/2024 8:00,D003,VH003,Volkswagen,ID.5,82,530,2200,174,0,43.1,1.03,556.6,53,81,0,1,0,13,Cloudy,High,25,89,80,19.3,457,80.15,6.703,22679.9,17.17,90.35,35,1,1
1/12/2024 10:00,D003,VH003,Volkswagen,ID.5,82,530,2200,174,0,41.44,1.5,765.12,39,87,0,2,0,26,Clear,Low,27,78,69,19.7,457,80.15,6.713,22721.4,17.26,90.29,35,1,1
1/12/2024 12:00,D003,VH003,Volkswagen,ID.5,82,530,2200,174,0,14.04,0.99,212.62,44,86,0,1,2,40,Fog,Medium,22,53,50,18,457,80.15,1.979,22735.4,17.31,90.27,35,1,1
1/12/2024 14:00,D003,VH003,Volkswagen,ID.5,82,530,2200,174,0,17.81,1.05,290.07,43,64,0,1,0,38,Clear,High,27,53,49,18,457,80.15,2.885,22753.2,17.35,90.24,35,1,1
1/12/2024 16:00,D003,VH003,Volkswagen,ID.5,82,530,2200,174,0,14.26,1.06,164.13,24,100,0,0,0,28,Clear,Medium,19,61,58,18,457,80.15,2.31,22767.5,17.36,90.24,35,1,1
1/12/2024 18:00,D003,VH003,Volkswagen,ID.5,82,530,2200,174,0,40.35,1.2,508.41,45,98,0,2,0,18,Rain,Medium,15,70,62,18,457,80.15,5.883,22807.8,17.45,90.18,35,1,1
1/12/2024 20:00,D003,VH003,Volkswagen,ID.5,82,530,2200,174,0,47.06,2.15,642.11,34,75,0,0,1,46,Rain,Medium,15,84,75,18,457,80.15,6.861,22854.9,17.47,90.18,35,1,1
1/12/2024 22:00,D003,VH003,Volkswagen,ID.5,82,530,2200,174,1,162.77,2.33,2161.44,73,111,0,2,0,6,Rain,Low,24,85,57,28,457,80.15,22.545,23017.7,17.6,90.11,36,1,1
1/13/2024 0:00,D003,VH003,Volkswagen,ID.5,82,530,2200,174,1,154.58,2.17,2999.15,74,91,0,0,1,5,Clear,Medium,27,80,50,29.9,457,80.15,23.79,23172.2,17.66,90.09,36,1,1
1/13/2024 2:00,D003,VH003,Volkswagen,ID.5,82,530,2200,174,0,20.33,0.83,395.6,41,95,0,0,1,20,Cloudy,Medium,17,78,74,18,457,80.15,3.162,23192.6,17.67,90.09,36,1,1
1/13/2024 4:00,D003,VH003,Volkswagen,ID.5,82,530,2200,174,0,14.2,0.57,215.52,52,78,0,1,0,18,Rain,Low,20,79,76,18,457,80.15,2.07,23206.8,17.71,90.06,36,1,0
1/13/2024 6:00,D003,VH003,Volkswagen,ID.5,82,530,2200,174,0,12.31,0.6,170.49,37,85,0,2,1,16,Rain,Medium,18,54,51,18,457,80.15,1.795,23219.1,17.8,90.01,36,1,1
1/13/2024 8:00,D003,VH003,Volkswagen,ID.5,82,530,2200,174,0,44.5,1.47,864.57,46,78,0,0,1,30,Rain,Medium,19,87,79,18,457,80.15,6.488,23263.6,17.81,90,36,1,1
1/13/2024 10:00,D003,VH003,Volkswagen,ID.5,82,530,2200,174,1,162.98,2.57,2194.31,66,132,0,0,1,6,Clear,Medium,14,49,18,25.6,457,80.15,25.083,23426.6,17.87,89.98,36,1,1
1/13/2024 12:00,D003,VH003,Volkswagen,ID.5,82,530,2200,174,0,42.18,1.6,605.83,41,81,0,2,1,34,Rain,Medium,14,87,79,18,457,80.15,6.15,23468.7,17.96,89.93,36,1,1
1/13/2024 14:00,D003,VH003,Volkswagen,ID.5,82,530,2200,174,0,25.48,1.17,416.46,34,91,0,0,1,25,Rain,Medium,16,54,49,18,457,80.15,3.715,23494.2,17.97,89.92,36,1,1
1/13/2024 16:00,D003,VH003,Volkswagen,ID.5,82,530,2200,174,0,57.26,1.92,663.38,39,96,0,1,0,27,Clear,Low,22,58,46,18,457,80.15,9.276,23551.5,18.03,89.89,36,1,1
1/13/2024 18:00,D003,VH003,Volkswagen,ID.5,82,530,2200,174,0,56.82,1.5,829.14,50,86,0,0,0,22,Fog,Medium,17,65,55,18,457,80.14,8.008,23608.3,18.05,89.89,36,1,1
1/13/2024 20:00,D003,VH003,Volkswagen,ID.5,82,530,2200,174,0,20,0.88,331.62,42,75,0,0,0,24,Rain,High,20,68,64,18,457,80.14,2.916,23628.3,18.06,89.88,36,1,1
1/13/2024 22:00,D003,VH003,Volkswagen,ID.5,82,530,2200,174,1,170.12,2.87,1905.9,61,97,0,0,2,5,Clear,Medium,20,72,40,30.5,457,80.14,26.181,23798.4,18.12,89.86,37,1,1
1/14/2024 0:00,D003,VH003,Volkswagen,ID.5,82,530,2200,174,1,146.59,2.18,2193.28,71,96,0,0,0,7,Clear,Medium,17,66,38,28.5,458,80.14,22.56,23945,18.17,89.85,37,1,1
1/14/2024 2:00,D003,VH003,Volkswagen,ID.5,82,530,2200,174,1,91.91,1.43,1104.23,69,90,0,0,0,6,Rain,Medium,17,61,45,18,458,80.14,12.73,24036.9,18.2,89.83,37,1,1
1/14/2024 4:00,D003,VH003,Volkswagen,ID.5,82,530,2200,174,1,82.78,1.46,1397.09,64,94,0,0,1,10,Clear,Low,23,50,34,18,458,80.14,12.74,24119.7,18.23,89.82,37,1,1
1/14/2024 6:00,D003,VH003,Volkswagen,ID.5,82,530,2200,174,0,15.24,0.96,237.91,41,65,0,0,1,35,Clear,Medium,16,48,44,18,458,80.14,2.469,24134.9,18.24,89.82,37,1,1
1/14/2024 8:00,D003,VH003,Volkswagen,ID.5,82,530,2200,174,0,62.66,3.45,1035.79,22,80,0,2,0,36,Clear,Medium,20,92,79,18,458,80.14,10.151,24197.6,18.34,89.77,37,1,1
1/14/2024 10:00,D003,VH003,Volkswagen,ID.5,82,530,2200,174,1,177.54,2.24,1785.27,83,96,0,0,1,6,Fog,Medium,22,69,40,28.6,458,80.14,23.771,24375.1,18.4,89.74,37,1,1
1/14/2024 12:00,D003,VH003,Volkswagen,ID.5,82,530,2200,174,0,52.32,1.67,692.15,43,82,0,0,0,27,Rain,Medium,17,42,32,18,458,80.14,7.628,24427.5,18.42,89.74,37,1,1
1/14/2024 14:00,D003,VH003,Volkswagen,ID.5,82,530,2200,174,1,54.3,0.81,725.89,77,105,0,1,0,6,Fog,Medium,23,82,73,18,458,80.14,7.27,24481.8,18.48,89.71,37,1,1
1/14/2024 16:00,D003,VH003,Volkswagen,ID.5,82,530,2200,174,0,25.57,0.83,262.02,51,70,0,0,1,20,Clear,Low,17,61,55,18,458,80.14,4.142,24507.3,18.49,89.7,37,1,1
1/14/2024 18:00,D003,VH003,Volkswagen,ID.5,82,530,2200,174,1,179.87,2.8,3287.76,68,94,0,0,1,9,Clear,Low,16,60,26,33.1,458,80.14,27.682,24687.2,18.55,89.68,37,1,1
1/14/2024 20:00,D003,VH003,Volkswagen,ID.5,82,530,2200,174,0,18.68,0.77,200.19,44,80,0,3,1,21,Rain,High,17,78,74,18,458,80.14,2.724,24705.9,18.68,89.6,37,1,1
1/14/2024 22:00,D003,VH003,Volkswagen,ID.5,82,530,2200,174,0,37.03,1.29,696.53,48,93,0,2,0,31,Cloudy,Medium,22,52,44,18,458,80.13,5.759,24742.9,18.77,89.55,38,1,1
1/15/2024 0:00,D003,VH003,Volkswagen,ID.5,82,530,2200,174,1,117.32,1.51,2031.87,83,99,0,1,2,6,Clear,Low,26,70,47,25.5,458,80.13,18.056,24860.2,18.85,89.51,38,1,1
1/15/2024 2:00,D003,VH003,Volkswagen,ID.5,82,530,2200,174,0,19.82,0.87,289.51,42,75,0,0,2,24,Clear,Medium,9,75,71,18,458,80.13,3.211,24880.1,18.86,89.51,38,1,1
1/15/2024 4:00,D003,VH003,Volkswagen,ID.5,82,530,2200,174,0,49.48,1.63,912.47,42,70,0,3,0,27,Rain,Low,20,75,66,19.2,458,80.13,7.214,24929.5,18.99,89.43,38,1,1
1/15/2024 6:00,D003,VH003,Volkswagen,ID.5,82,530,2200,174,1,63.15,0.94,1240.59,72,101,0,0,1,4,Cloudy,Medium,19,88,76,19.5,458,80.13,9.33,24992.7,19.02,89.42,38,1,1
1/15/2024 8:00,D003,VH003,Volkswagen,ID.5,82,530,2200,174,0,28.54,1.14,294.13,48,80,1,0,1,33,Clear,Low,20,66,60,18,458,80.13,4.716,25021.2,19.03,89.42,38,1,1
1/15/2024 10:00,D003,VH003,Volkswagen,ID.5,82,530,2200,174,0,43.41,1.38,462.48,42,82,0,1,1,21,Clear,Low,14,74,65,18,458,80.13,7.032,25064.6,19.08,89.39,38,1,1
1/15/2024 12:00,D003,VH003,Volkswagen,ID.5,82,530,2200,174,0,47.49,1.75,927.01,37,85,0,1,0,28,Rain,Medium,15,67,58,18,459,80.13,6.924,25112.1,19.14,89.36,38,1,1
1/15/2024 14:00,D003,VH003,Volkswagen,ID.5,82,530,2200,174,0,34.79,1.17,491.09,41,73,0,0,0,19,Rain,Low,20,68,61,18,459,80.13,5.072,25146.9,19.15,89.35,38,1,1
1/15/2024 16:00,D003,VH003,Volkswagen,ID.5,82,530,2200,174,1,120.69,1.59,1911.48,82,112,0,1,0,7,Clear,Low,23,75,52,28,459,80.13,18.574,25267.6,19.23,89.31,38,1,1
1/15/2024 18:00,D003,VH003,Volkswagen,ID.5,82,530,2200,174,0,63.93,2.04,900.76,49,74,0,2,1,44,Rain,Medium,18,73,61,19.9,459,80.13,9.321,25331.5,19.33,89.25,38,1,1
1/15/2024 20:00,D003,VH003,Volkswagen,ID.5,82,530,2200,174,0,56.01,1.45,1107.65,50,71,0,1,0,20,Clear,High,18,47,35,18,459,80.13,9.074,25387.5,19.39,89.22,38,1,1
1/15/2024 22:00,D003,VH003,Volkswagen,ID.5,82,530,2200,174,0,64.21,2.05,724.02,41,92,0,1,0,29,Fog,Medium,22,70,58,18.7,459,80.13,9.05,25451.8,19.46,89.19,39,1,1
1/16/2024 0:00,D003,VH003,Volkswagen,ID.5,82,530,2200,174,0,12.05,0.7,122.33,55,87,0,3,1,29,Rain,High,24,83,80,18,459,80.13,1.757,25463.8,19.58,89.11,39,1,1
1/16/2024 2:00,D003,VH003,Volkswagen,ID.5,82,530,2200,174,0,51.57,2.09,909.55,37,86,0,1,1,42,Fog,High,16,70,61,18,459,80.13,7.268,25515.4,19.64,89.08,39,1,1
1/16/2024 4:00,D003,VH003,Volkswagen,ID.5,82,530,2200,174,0,37.46,1.01,374.67,55,88,0,0,0,20,Clear,Low,20,57,49,18,459,80.13,6.069,25552.8,19.65,89.08,39,1,1
1/16/2024 6:00,D003,VH003,Volkswagen,ID.5,82,530,2200,174,0,19.8,0.9,328.73,44,69,0,0,0,27,Rain,Medium,11,66,62,18,459,80.13,2.887,25572.6,19.66,89.08,39,1,1
1/16/2024 8:00,D003,VH003,Volkswagen,ID.5,82,530,2200,174,0,22.74,0.97,308.68,41,81,0,0,0,25,Clear,Low,11,57,52,18,459,80.13,3.684,25595.4,19.67,89.07,39,1,0
1/16/2024 10:00,D003,VH003,Volkswagen,ID.5,82,530,2200,174,1,92.11,1.25,1035.52,77,102,0,2,2,3,Cloudy,Low,16,85,68,18,459,80.13,13.609,25687.5,19.78,89.01,39,1,0
1/16/2024 12:00,D003,VH003,Volkswagen,ID.5,82,530,2200,174,1,99.01,1.45,1190.47,76,108,0,0,2,9,Clear,Medium,22,53,34,24.2,459,80.13,15.238,25786.5,19.81,89,39,1,1
1/16/2024 14:00,D003,VH003,Volkswagen,ID.5,82,530,2200,174,0,33.05,1.19,413.55,46,76,0,1,1,28,Clear,Medium,22,70,63,18,459,80.12,5.354,25819.5,19.87,88.97,39,1,1
1/16/2024 16:00,D003,VH003,Volkswagen,ID.5,82,530,2200,174,0,10.92,0.61,137.87,39,92,0,1,0,20,Clear,Medium,22,81,78,18,459,80.12,1.769,25830.5,19.91,88.94,39,1,1
1/16/2024 18:00,D003,VH003,Volkswagen,ID.5,82,530,2200,174,1,120.04,2.15,2126.07,58,115,0,0,0,5,Rain,Low,18,61,40,20.8,459,80.12,16.627,25950.5,19.95,88.93,39,1,1
1/16/2024 20:00,D003,VH003,Volkswagen,ID.5,82,530,2200,174,1,137.71,2.51,1475.28,58,98,0,1,1,8,Clear,Medium,16,55,29,20.4,459,80.12,21.194,26088.2,20.04,88.89,39,1,1
1/16/2024 22:00,D003,VH003,Volkswagen,ID.5,82,530,2200,174,0,61.48,1.74,640.83,46,81,0,0,0,24,Cloudy,Medium,16,82,70,18,459,80.12,9.561,26149.7,20.06,88.88,40,1,1
1/17/2024 0:00,D003,VH003,Volkswagen,ID.5,82,530,2200,174,0,29.16,1.34,316.78,47,83,0,0,1,43,Cloudy,Medium,19,70,64,18,459,80.12,4.535,26178.8,20.07,88.88,40,1,1
1/17/2024 2:00,D003,VH003,Volkswagen,ID.5,82,530,2200,174,1,133.1,1.88,2563.8,76,102,0,0,1,8,Rain,Medium,19,45,22,25.1,460,80.12,18.436,26311.9,20.12,88.86,40,1,1
1/17/2024 4:00,D003,VH003,Volkswagen,ID.5,82,530,2200,174,0,19.97,0.92,257.5,57,93,1,0,0,34,Rain,Medium,16,62,58,18,460,80.12,2.97,26331.9,20.12,88.86,40,1,1
1/17/2024 6:00,D003,VH003,Volkswagen,ID.5,82,530,2200,174,0,58.4,1.65,1060.89,51,71,0,0,2,30,Rain,Medium,16,76,65,18,460,80.12,8.515,26390.3,20.14,88.85,40,1,1
1/17/2024 8:00,D003,VH003,Volkswagen,ID.5,82,530,2200,174,1,115.52,1.66,1955.07,75,99,0,0,0,7,Rain,Medium,22,68,48,21.1,460,80.12,16.001,26505.8,20.19,88.84,40,1,1
1/17/2024 10:00,D003,VH003,Volkswagen,ID.5,82,530,2200,174,0,33.96,0.91,610.32,48,87,0,1,3,12,Clear,High,16,62,55,18,460,80.12,5.502,26539.8,20.24,88.81,40,1,1
1/17/2024 12:00,D003,VH003,Volkswagen,ID.5,82,530,2200,174,1,166.53,2.21,2885.84,80,120,2,0,1,8,Clear,Low,14,62,29,27.3,460,80.12,26.654,26706.3,20.3,88.79,40,1,1
1/17/2024 14:00,D003,VH003,Volkswagen,ID.5,82,530,2200,174,0,42.79,1.32,789.37,44,81,0,0,0,21,Clear,Low,18,51,42,18,460,80.12,6.932,26749.1,20.31,88.78,40,1,1
1/17/2024 16:00,D003,VH003,Volkswagen,ID.5,82,530,2200,174,0,60.63,1.76,1172.92,45,77,0,1,1,25,Clear,Low,14,70,58,18,460,80.12,9.822,26809.8,20.37,88.75,40,1,1
1/17/2024 18:00,D003,VH003,Volkswagen,ID.5,82,530,2200,174,0,62.49,2,839.24,39,78,0,0,0,24,Rain,Low,13,75,63,18,460,80.12,9.111,26872.2,20.39,88.74,40,1,1
1/17/2024 20:00,D003,VH003,Volkswagen,ID.5,82,530,2200,174,0,39.23,1.5,429.86,49,71,0,1,2,42,Clear,Medium,18,78,70,18,460,80.12,6.355,26911.5,20.45,88.71,40,1,1
1/17/2024 22:00,D003,VH003,Volkswagen,ID.5,82,530,2200,174,0,36.14,1.4,377.76,49,60,0,1,1,40,Rain,Medium,19,62,55,18,460,80.11,5.269,26947.6,20.5,88.69,41,1,1
1/18/2024 0:00,D003,VH003,Volkswagen,ID.5,82,530,2200,174,1,142.73,2.25,2613.94,66,116,0,0,1,5,Clear,Low,12,53,26,27,460,80.11,21.966,27090.3,20.55,88.67,41,1,1
1/18/2024 2:00,D003,VH003,Volkswagen,ID.5,82,530,2200,174,0,22.98,0.94,295.32,45,83,0,1,0,26,Rain,Medium,13,71,66,18,460,80.11,3.35,27113.3,20.6,88.64,41,1,1
1/18/2024 4:00,D003,VH003,Volkswagen,ID.5,82,530,2200,174,1,50.58,0.82,592.36,72,112,0,0,0,7,Fog,Low,17,85,76,18,460,80.11,6.772,27163.9,20.62,88.63,41,1,0
1/18/2024 6:00,D003,VH003,Volkswagen,ID.5,82,530,2200,174,0,12.32,0.66,238.07,54,87,0,1,0,26,Clear,Low,18,47,44,18,460,80.11,1.996,27176.2,20.66,88.61,41,1,1
1/18/2024 8:00,D003,VH003,Volkswagen,ID.5,82,530,2200,174,0,19.33,0.8,271.56,50,84,0,0,2,25,Fog,High,17,51,47,18,460,80.11,2.724,27195.6,20.67,88.61,41,1,1
1/18/2024 10:00,D003,VH003,Volkswagen,ID.5,82,530,2200,174,1,154.7,2.25,1762.36,75,111,1,1,0,11,Clear,Low,18,87,57,27.6,460,80.11,24.284,27350.3,20.76,88.56,41,1,1
1/18/2024 12:00,D003,VH003,Volkswagen,ID.5,82,530,2200,174,0,33.17,1.39,490.38,36,62,0,1,0,28,Rain,Low,18,85,79,18,460,80.11,4.836,27383.4,20.81,88.53,41,1,1
1/18/2024 14:00,D003,VH003,Volkswagen,ID.5,82,530,2200,174,0,13.95,0.8,191.69,40,77,0,0,1,27,Rain,Medium,16,51,48,18,460,80.11,2.034,27397.4,20.82,88.53,41,1,1
1/18/2024 16:00,D003,VH003,Volkswagen,ID.5,82,530,2200,174,0,55.27,2.19,750.8,37,92,0,0,1,42,Cloudy,Medium,12,52,41,18,460,80.11,8.596,27452.6,20.84,88.52,41,1,1
1/18/2024 18:00,D003,VH003,Volkswagen,ID.5,82,530,2200,174,0,29.52,1.37,522.06,43,89,1,1,0,41,Rain,High,19,62,56,18,460,80.11,4.39,27482.2,20.89,88.5,41,1,1
1/18/2024 20:00,D003,VH003,Volkswagen,ID.5,82,530,2200,174,1,80.05,1.13,1541.48,73,100,0,2,2,2,Clear,Low,25,76,60,20.6,461,80.11,12.32,27562.2,21,88.44,41,1,1
1/18/2024 22:00,D003,VH003,Volkswagen,ID.5,82,530,2200,174,0,22.62,1.1,386.67,45,69,0,2,1,36,Clear,Medium,24,51,46,18,461,80.11,3.664,27584.8,21.08,88.38,42,1,1
1/19/2024 0:00,D003,VH003,Volkswagen,ID.5,82,530,2200,174,0,42.48,1.6,694.08,41,92,0,1,0,34,Rain,Low,21,82,74,18,461,80.11,6.194,27627.3,21.14,88.35,42,1,1
1/19/2024 2:00,D003,VH003,Volkswagen,ID.5,82,530,2200,174,1,146.66,2.8,1821.54,54,109,0,2,1,5,Rain,Medium,23,67,42,27.8,461,80.11,20.314,27774,21.27,88.29,42,1,1
1/19/2024 4:00,D003,VH003,Volkswagen,ID.5,82,530,2200,174,0,25.55,1.04,447.47,56,93,0,2,0,35,Fog,High,23,67,62,18,461,80.11,3.601,27799.5,21.36,88.23,42,1,1
1/19/2024 6:00,D003,VH003,Volkswagen,ID.5,82,530,2200,174,0,44.63,1.69,577.44,35,89,0,0,0,25,Clear,Medium,17,61,52,18,461,80.11,7.23,27844.2,21.37,88.23,42,1,1
1/19/2024 8:00,D003,VH003,Volkswagen,ID.5,82,530,2200,174,1,88.84,1.59,1270.66,59,124,0,0,1,5,Rain,Medium,22,57,41,18,461,80.11,12.305,27933,21.4,88.22,42,1,1
1/19/2024 10:00,D003,VH003,Volkswagen,ID.5,82,530,2200,174,0,12.82,1.11,153.95,42,100,0,2,0,48,Rain,Medium,21,55,52,18,461,80.11,1.869,27945.8,21.49,88.17,42,1,1
1/19/2024 12:00,D003,VH003,Volkswagen,ID.5,82,530,2200,174,1,99.63,1.67,1712.67,64,103,1,1,0,7,Clear,Medium,18,74,54,18.6,461,80.1,15.64,28045.4,21.56,88.13,42,1,1
1/19/2024 14:00,D003,VH003,Volkswagen,ID.5,82,530,2200,174,1,132.29,2.02,1472.37,66,109,0,0,1,1,Clear,Low,24,86,61,29.7,461,80.1,20.359,28177.7,21.61,88.11,42,1,1
1/19/2024 16:00,D003,VH003,Volkswagen,ID.5,82,530,2200,174,1,99.02,1.46,1489.87,73,98,0,0,0,6,Fog,Medium,22,88,71,23.1,461,80.1,13.258,28276.8,21.65,88.1,42,1,1
1/19/2024 18:00,D003,VH003,Volkswagen,ID.5,82,530,2200,174,1,156.05,2.63,2154.05,62,120,0,0,1,7,Rain,Low,22,84,57,26.4,461,80.1,21.614,28432.8,21.7,88.08,42,1,0
1/19/2024 20:00,D003,VH003,Volkswagen,ID.5,82,530,2200,174,0,63.42,1.79,823.14,43,85,0,3,3,19,Clear,Medium,15,79,66,18,461,80.1,10.274,28496.2,21.84,88,42,1,1
1/19/2024 22:00,D003,VH003,Volkswagen,ID.5,82,530,2200,174,0,32.46,1.17,414.66,42,85,0,1,1,24,Rain,High,19,81,75,18,461,80.1,4.733,28528.7,21.89,87.97,43,1,1
1/20/2024 0:00,D003,VH003,Volkswagen,ID.5,82,530,2200,174,0,25.83,1.34,429.49,46,102,2,2,0,47,Rain,High,14,73,68,18,461,80.1,3.917,28554.5,21.98,87.92,43,1,1
1/20/2024 2:00,D003,VH003,Volkswagen,ID.5,82,530,2200,174,0,15.93,0.96,287.47,44,67,0,3,1,36,Rain,Low,22,75,72,18,461,80.1,2.323,28570.4,22.11,87.84,43,1,1
1/20/2024 4:00,D003,VH003,Volkswagen,ID.5,82,530,2200,174,0,50.57,2.33,631.57,32,77,0,0,0,45,Cloudy,Low,16,75,65,18,461,80.1,7.865,28621,22.13,87.83,43,1,1
1/20/2024 6:00,D003,VH003,Volkswagen,ID.5,82,530,2200,174,1,158.36,2.4,2416.79,68,111,1,0,1,4,Fog,Medium,20,90,63,28.1,462,80.1,21.627,28779.4,22.18,87.82,43,1,1
1/20/2024 8:00,D003,VH003,Volkswagen,ID.5,82,530,2200,174,0,32.33,1.07,549.69,41,84,0,1,1,17,Cloudy,High,13,50,43,18,462,80.1,5.028,28811.7,22.23,87.79,43,1,1
1/20/2024 10:00,D003,VH003,Volkswagen,ID.5,82,530,2200,174,0,63.16,2.21,902.49,38,72,0,0,1,33,Clear,Medium,22,88,75,18,462,80.1,10.232,28874.9,22.25,87.78,43,1,1
1/20/2024 12:00,D003,VH003,Volkswagen,ID.5,82,530,2200,174,1,151.18,1.89,1607.65,82,112,0,1,1,3,Fog,Medium,20,81,56,24.5,462,80.1,20.242,29026,22.35,87.74,43,1,1
1/20/2024 14:00,D003,VH003,Volkswagen,ID.5,82,530,2200,174,1,72.19,0.97,1384.22,86,109,0,1,0,8,Fog,Medium,19,62,50,18,462,80.1,9.666,29098.2,22.41,87.7,43,1,1
1/20/2024 16:00,D003,VH003,Volkswagen,ID.5,82,530,2200,174,0,9.71,0.57,178.57,53,91,0,0,1,23,Cloudy,Medium,17,73,71,18,462,80.1,1.51,29107.9,22.42,87.7,43,1,1
1/20/2024 18:00,D003,VH003,Volkswagen,ID.5,82,530,2200,174,1,159.65,2.08,2149.94,82,111,0,0,0,8,Clear,Low,14,59,29,24.5,462,80.09,24.57,29267.6,22.47,87.68,43,1,1
1/20/2024 20:00,D003,VH003,Volkswagen,ID.5,82,530,2200,174,0,32.87,0.97,648.66,49,86,0,1,1,18,Cloudy,Medium,12,80,73,18,462,80.09,5.112,29300.5,22.52,87.65,43,1,1
1/20/2024 22:00,D003,VH003,Volkswagen,ID.5,82,530,2200,174,0,44.44,1.57,729.26,46,82,0,1,1,36,Rain,High,17,60,52,18,462,80.09,6.479,29344.9,22.58,87.62,44,1,1
1/21/2024 0:00,D003,VH003,Volkswagen,ID.5,82,530,2200,174,0,29.06,0.88,508.64,49,85,0,0,0,17,Clear,High,15,61,55,18,462,80.09,4.708,29374,22.59,87.62,44,1,1
1/21/2024 2:00,D003,VH003,Volkswagen,ID.5,82,530,2200,174,0,40.74,1.11,478.97,59,74,1,2,0,25,Fog,Medium,15,61,53,18,462,80.09,5.857,29414.7,22.68,87.56,44,1,1
1/21/2024 4:00,D003,VH003,Volkswagen,ID.5,82,530,2200,174,1,138.76,2.65,1629.9,54,103,0,0,1,5,Rain,Low,26,54,30,25.1,462,80.09,19.22,29553.5,22.73,87.55,44,1,1
1/21/2024 6:00,D003,VH003,Volkswagen,ID.5,82,530,2200,174,1,107.94,1.47,1353.68,78,100,0,2,2,5,Clear,Low,17,63,42,23.5,462,80.09,16.612,29661.4,22.85,87.48,44,1,1
1/21/2024 8:00,D003,VH003,Volkswagen,ID.5,82,530,2200,174,0,53.8,1.82,835.35,43,88,0,0,3,34,Cloudy,High,23,58,47,18,462,80.09,8.367,29715.2,22.87,87.48,44,1,1
1/21/2024 10:00,D003,VH003,Volkswagen,ID.5,82,530,2200,174,0,13.77,0.92,224.71,41,87,0,4,0,35,Clear,Medium,20,77,74,18,462,80.09,2.231,29729,23.03,87.38,44,1,1
1/21/2024 12:00,D003,VH003,Volkswagen,ID.5,82,530,2200,174,0,57.48,1.67,911,50,83,0,2,1,31,Clear,High,19,89,77,18,462,80.09,9.312,29786.5,23.13,87.32,44,1,1
1/21/2024 14:00,D003,VH003,Volkswagen,ID.5,82,530,2200,174,0,49.02,1.28,555.15,51,98,0,2,1,19,Clear,Low,20,69,59,18,462,80.09,7.941,29835.5,23.23,87.26,44,1,0
1/21/2024 16:00,D003,VH003,Volkswagen,ID.5,82,530,2200,174,1,143.53,1.98,2583.41,77,119,0,0,1,7,Rain,Medium,24,81,56,27,463,80.09,19.88,29979,23.28,87.25,44,1,1
1/21/2024 18:00,D003,VH003,Volkswagen,ID.5,82,530,2200,174,0,13.99,0.56,240.85,57,80,0,2,1,19,Rain,High,18,90,87,18,463,80.09,2.04,29993,23.37,87.2,44,1,1
1/21/2024 20:00,D003,VH003,Volkswagen,ID.5,82,530,2200,174,0,41.95,1.71,528.55,32,72,0,0,0,24,Clear,Medium,21,62,53,18,463,80.09,6.796,30034.9,23.38,87.19,44,1,1
1/21/2024 22:00,D003,VH003,Volkswagen,ID.5,82,530,2200,174,0,12.84,0.95,205.31,31,62,0,1,2,32,Clear,Low,18,82,79,18,463,80.09,2.08,30047.8,23.43,87.16,45,1,1
1/22/2024 0:00,D003,VH003,Volkswagen,ID.5,82,530,2200,174,0,57.98,2,932.57,40,82,0,0,0,33,Rain,Medium,12,89,78,18,463,80.09,8.453,30105.8,23.45,87.16,45,1,1
1/22/2024 2:00,D003,VH003,Volkswagen,ID.5,82,530,2200,174,0,23.61,0.73,334.78,55,73,0,1,0,18,Clear,Low,25,84,79,18,463,80.09,3.825,30129.4,23.49,87.13,45,1,1
1/22/2024 4:00,D003,VH003,Volkswagen,ID.5,82,530,2200,174,1,171.22,2.42,2733.37,75,118,0,0,2,8,Clear,Medium,22,65,32,29.5,463,80.08,26.351,30300.6,23.55,87.11,45,1,1
1/22/2024 6:00,D003,VH003,Volkswagen,ID.5,82,530,2200,174,0,8.92,0.88,98.45,36,81,0,3,1,38,Clear,Low,8,63,61,18,463,80.08,1.445,30309.5,23.68,87.03,45,1,1
1/22/2024 8:00,D003,VH003,Volkswagen,ID.5,82,530,2200,174,1,167.98,2.21,2501.59,79,115,1,1,2,5,Rain,Low,18,79,50,29.3,463,80.08,23.732,30477.5,23.78,86.99,45,1,1
1/22/2024 10:00,D003,VH003,Volkswagen,ID.5,82,530,2200,174,0,8.15,0.66,122.66,47,105,0,0,3,29,Clear,Medium,20,71,69,18,463,80.08,1.32,30485.6,23.78,86.99,45,1,1
1/22/2024 12:00,D003,VH003,Volkswagen,ID.5,82,530,2200,174,0,11.42,0.82,174.52,36,62,0,0,0,30,Clear,Medium,11,47,44,18,463,80.08,1.85,30497.1,23.78,86.98,45,1,1
1/22/2024 14:00,D003,VH003,Volkswagen,ID.5,82,530,2200,174,1,117.27,1.97,1627.23,65,109,0,0,1,10,Rain,Low,15,76,56,18,463,80.08,16.243,30614.3,23.82,86.97,45,1,0
1/22/2024 16:00,D003,VH003,Volkswagen,ID.5,82,530,2200,174,1,93.77,1.64,1627.64,61,111,0,0,0,6,Clear,Low,17,66,48,18,463,80.08,14.431,30708.1,23.86,86.96,45,1,1
1/22/2024 18:00,D003,VH003,Volkswagen,ID.5,82,530,2200,174,0,30.13,1.62,574.15,27,94,0,2,1,30,Cloudy,Low,17,72,66,18,463,80.08,4.686,30738.2,23.95,86.91,45,1,1
1/22/2024 20:00,D003,VH003,Volkswagen,ID.5,82,530,2200,174,0,18.54,0.88,207.52,45,89,0,0,0,28,Clear,High,22,77,73,18,463,80.08,3.003,30756.8,23.95,86.9,45,1,1
1/22/2024 22:00,D003,VH003,Volkswagen,ID.5,82,530,2200,174,1,155.45,2.66,1583.73,62,98,0,1,1,9,Rain,Medium,18,75,48,27.6,463,80.08,21.531,30912.2,24.05,86.86,46,1,1
1/23/2024 0:00,D003,VH003,Volkswagen,ID.5,82,530,2200,174,0,14.25,0.68,177.76,62,78,1,2,1,27,Clear,Medium,16,60,57,18,463,80.08,2.355,30926.5,24.13,86.81,46,1,1
1/23/2024 2:00,D003,VH003,Volkswagen,ID.5,82,530,2200,174,1,71.49,0.97,1042.45,82,104,0,0,0,6,Rain,Medium,20,77,64,18,463,80.08,9.902,30998,24.16,86.8,46,1,1
1/23/2024 4:00,D003,VH003,Volkswagen,ID.5,82,530,2200,174,0,11.94,0.89,164.18,43,71,0,0,2,37,Clear,High,27,69,66,18,463,80.08,1.934,31009.9,24.16,86.8,46,1,1
1/23/2024 6:00,D003,VH003,Volkswagen,ID.5,82,530,2200,174,0,45.56,1.31,587.33,55,82,0,1,1,29,Fog,Medium,23,54,46,18,463,80.08,6.421,31055.5,24.22,86.77,46,1,1
1/23/2024 8:00,D003,VH003,Volkswagen,ID.5,82,530,2200,174,0,64.44,1.95,830.75,42,80,0,0,3,25,Clear,Medium,14,87,74,18,463,80.08,10.439,31119.9,24.24,86.76,46,1,1
1/23/2024 10:00,D003,VH003,Volkswagen,ID.5,82,530,2200,174,1,172.46,2.21,2892.87,85,100,0,1,0,11,Rain,Medium,17,77,47,22.2,464,80.08,23.887,31292.4,24.34,86.71,46,1,1
1/23/2024 12:00,D003,VH003,Volkswagen,ID.5,82,530,2200,174,1,158.86,2.53,2597.94,65,100,0,0,1,5,Clear,Medium,16,68,38,28.4,464,80.07,24.449,31451.2,24.4,86.7,46,1,1
1/23/2024 14:00,D003,VH003,Volkswagen,ID.5,82,530,2200,174,1,78.8,1.42,1041.13,62,99,0,0,0,9,Clear,Medium,17,77,62,18,464,80.07,12.127,31530,24.42,86.69,46,1,1
1/23/2024 16:00,D003,VH003,Volkswagen,ID.5,82,530,2200,174,0,23.64,1.13,383.61,45,88,0,0,0,36,Fog,Low,17,74,69,18,464,80.07,3.332,31553.7,24.43,86.68,46,1,1
1/23/2024 18:00,D003,VH003,Volkswagen,ID.5,82,530,2200,174,0,16.53,0.79,237.88,39,85,0,0,0,22,Cloudy,High,15,84,80,18,464,80.07,2.571,31570.2,24.44,86.68,46,1,1
1/23/2024 20:00,D003,VH003,Volkswagen,ID.5,82,530,2200,174,0,60.87,2.12,866.2,35,85,0,1,1,23,Rain,Medium,18,66,55,18,464,80.07,8.875,31631.1,24.5,86.65,46,1,1
1/23/2024 22:00,D003,VH003,Volkswagen,ID.5,82,530,2200,174,0,31.91,0.95,606.71,52,67,0,0,0,20,Clear,Low,17,68,61,18,464,80.07,5.169,31663,24.51,86.64,47,1,1
1/24/2024 0:00,D003,VH003,Volkswagen,ID.5,82,530,2200,174,1,53.18,0.93,736.51,64,118,0,0,1,6,Fog,Low,25,64,55,18,464,80.07,7.12,31716.2,24.53,86.64,47,1,1
1/24/2024 2:00,D003,VH003,Volkswagen,ID.5,82,530,2200,174,0,10.34,0.6,127.83,42,75,0,2,1,21,Clear,High,21,77,74,18,464,80.07,1.675,31726.5,24.61,86.59,47,1,1
1/24/2024 4:00,D003,VH003,Volkswagen,ID.5,82,530,2200,174,0,33.31,1.21,387.98,49,88,0,0,0,32,Fog,Medium,25,83,77,18,464,80.07,4.695,31759.8,24.62,86.58,47,1,1
1/24/2024 6:00,D003,VH003,Volkswagen,ID.5,82,530,2200,174,0,44.48,1.76,511.51,33,105,0,0,3,25,Rain,Medium,15,47,39,18,464,80.07,6.485,31804.3,24.64,86.58,47,1,1
1/24/2024 8:00,D003,VH003,Volkswagen,ID.5,82,530,2200,174,0,29.67,0.76,549.73,44,87,0,1,1,5,Fog,Medium,18,86,80,18,464,80.07,4.182,31834,24.69,86.55,47,1,1
1/24/2024 10:00,D003,VH003,Volkswagen,ID.5,82,530,2200,174,0,14.53,0.81,249.55,37,87,0,0,0,25,Rain,High,20,69,66,18,464,80.07,2.118,31848.5,24.7,86.55,47,1,1
1/24/2024 12:00,D003,VH003,Volkswagen,ID.5,82,530,2200,174,0,51.53,1.91,977.88,35,74,1,0,2,26,Rain,Medium,17,48,38,18,464,80.07,7.663,31900,24.71,86.54,47,1,1
1/24/2024 14:00,D003,VH003,Volkswagen,ID.5,82,530,2200,174,0,33.39,1.44,416.08,39,69,0,0,0,35,Rain,Medium,14,61,55,18,464,80.07,4.868,31933.4,24.73,86.54,47,1,1
1/24/2024 16:00,D003,VH003,Volkswagen,ID.5,82,530,2200,174,1,137.31,2.36,1656.75,60,100,0,0,0,4,Rain,Medium,14,52,28,23.2,464,80.07,19.019,32070.7,24.77,86.52,47,1,1
1/24/2024 18:00,D003,VH003,Volkswagen,ID.5,82,530,2200,174,0,47.96,1.17,679.48,60,73,0,1,2,22,Clear,High,22,57,47,18,464,80.07,7.77,32118.7,24.83,86.49,47,1,1
1/24/2024 20:00,D003,VH003,Volkswagen,ID.5,82,530,2200,174,0,40.07,1.68,519.83,35,75,0,1,1,32,Clear,Medium,24,88,80,18,464,80.07,6.491,32158.7,24.88,86.46,47,1,1
1/24/2024 22:00,D003,VH003,Volkswagen,ID.5,82,530,2200,174,0,16.11,0.72,320.39,59,68,0,1,1,27,Cloudy,High,13,70,66,18,464,80.07,2.505,32174.8,24.93,86.43,48,1,1
1/25/2024 0:00,D003,VH003,Volkswagen,ID.5,82,530,2200,174,0,11.55,0.98,132.54,29,80,1,0,1,35,Fog,Low,20,56,53,18,464,80.07,1.66,32186.4,24.93,86.43,48,1,1
1/25/2024 2:00,D003,VH003,Volkswagen,ID.5,82,530,2200,174,0,38.88,1.75,524.04,30,82,0,0,0,27,Rain,Low,14,45,38,18,464,80.07,5.669,32225.3,24.95,86.43,48,1,1
1/25/2024 4:00,D003,VH003,Volkswagen,ID.5,82,530,2200,174,0,40.45,1.29,731.83,44,97,0,0,0,22,Clear,Low,13,76,68,18,464,80.07,6.553,32265.7,24.96,86.42,48,1,1
1/25/2024 6:00,D003,VH003,Volkswagen,ID.5,82,530,2200,174,0,8.82,0.76,148.32,37,68,0,0,0,31,Clear,High,12,85,83,18,464,80.07,1.429,32274.5,24.96,86.42,48,1,1
1/25/2024 8:00,D003,VH003,Volkswagen,ID.5,82,530,2200,174,0,21.85,0.9,435.97,51,93,0,2,0,28,Clear,Medium,20,63,58,18,464,80.07,3.54,32296.4,25.05,86.37,48,1,0
1/25/2024 10:00,D003,VH003,Volkswagen,ID.5,82,530,2200,174,1,55.42,0.88,1076.66,67,107,0,3,0,3,Rain,Low,14,75,65,18,464,80.07,7.676,32351.8,25.19,86.29,48,1,1
1/25/2024 12:00,D003,VH003,Volkswagen,ID.5,82,530,2200,174,0,9.43,0.68,160.4,34,77,0,1,1,24,Clear,Medium,17,51,49,18,464,80.07,1.528,32361.2,25.23,86.26,48,1,1
1/25/2024 14:00,D003,VH003,Volkswagen,ID.5,82,530,2200,174,0,48.98,1.83,609.49,36,82,0,0,1,28,Cloudy,Medium,23,63,53,18,464,80.07,7.617,32410.2,25.25,86.26,48,1,1
1/25/2024 16:00,D003,VH003,Volkswagen,ID.5,82,530,2200,174,0,54.34,1.3,656.92,63,88,0,1,3,26,Clear,Medium,23,68,57,18,465,80.07,8.803,32464.6,25.31,86.22,48,1,1
1/25/2024 18:00,D003,VH003,Volkswagen,ID.5,82,530,2200,174,0,10.62,0.79,137.93,42,73,0,2,0,32,Rain,Medium,15,68,66,18,465,80.07,1.548,32475.2,25.39,86.17,48,1,1
1/25/2024 20:00,D003,VH003,Volkswagen,ID.5,82,530,2200,174,0,43.69,1.44,575.55,39,83,0,2,0,19,Rain,Low,21,78,70,18,465,80.07,6.37,32518.9,25.49,86.12,48,1,1
1/25/2024 22:00,D003,VH003,Volkswagen,ID.5,82,530,2200,174,0,43.16,1.25,831.14,53,86,1,1,1,26,Clear,Low,12,71,62,18,465,80.06,7.132,32562,25.55,86.09,49,1,1
1/26/2024 0:00,D003,VH003,Volkswagen,ID.5,82,530,2200,174,0,41.41,1.48,546.4,36,100,0,0,2,20,Clear,Low,14,64,55,18,465,80.06,6.708,32603.4,25.56,86.08,49,1,1
1/26/2024 2:00,D003,VH003,Volkswagen,ID.5,82,530,2200,174,0,30.51,0.93,494.15,61,77,0,2,1,26,Clear,Medium,25,59,52,18,465,80.06,4.943,32634,25.65,86.03,49,1,1
1/26/2024 4:00,D003,VH003,Volkswagen,ID.5,82,530,2200,174,0,58.47,2.22,955.66,34,81,0,0,0,30,Rain,Medium,24,74,63,20,465,80.06,8.525,32692.4,25.67,86.02,49,1,1
1/26/2024 6:00,D003,VH003,Volkswagen,ID.5,82,530,2200,174,0,11.71,0.67,136.77,32,80,0,1,1,18,Cloudy,Medium,22,50,47,18,465,80.06,1.821,32704.1,25.71,85.99,49,1,1
1/26/2024 8:00,D003,VH003,Volkswagen,ID.5,82,530,2200,174,1,124.78,2,2289.61,67,113,0,1,1,8,Clear,Medium,15,59,35,24,465,80.06,19.204,32828.9,25.8,85.95,49,1,1
1/26/2024 10:00,D003,VH003,Volkswagen,ID.5,82,530,2200,174,0,33.66,0.94,536.11,51,86,0,1,0,17,Clear,Low,28,55,48,18.5,465,80.06,5.453,32862.6,25.85,85.93,49,1,1
1/26/2024 12:00,D003,VH003,Volkswagen,ID.5,82,530,2200,174,0,43.88,1.28,665.3,50,71,0,0,1,24,Rain,Medium,14,66,58,18,465,80.06,6.398,32906.5,25.87,85.92,49,1,1
1/26/2024 14:00,D003,VH003,Volkswagen,ID.5,82,530,2200,174,0,13.6,0.97,233.01,51,80,0,1,1,42,Clear,Low,21,73,70,18,465,80.06,2.203,32920.1,25.91,85.89,49,1,1
1/26/2024 16:00,D003,VH003,Volkswagen,ID.5,82,530,2200,174,0,22.25,0.92,267.77,36,92,0,1,1,18,Fog,High,25,52,48,18,465,80.06,3.136,32942.3,25.96,85.87,49,1,1
1/26/2024 18:00,D003,VH003,Volkswagen,ID.5,82,530,2200,174,1,116.08,2.35,1281.2,52,93,0,1,1,7,Rain,Medium,17,67,47,20,465,80.06,16.078,33058.4,26.04,85.83,49,1,1
1/26/2024 20:00,D003,VH003,Volkswagen,ID.5,82,530,2200,174,0,10.26,0.89,182.03,46,80,0,1,1,40,Rain,Medium,24,83,81,18,465,80.06,1.496,33068.6,26.08,85.8,49,1,1
1/26/2024 22:00,D003,VH003,Volkswagen,ID.5,82,530,2200,174,1,87.15,1.4,1495.58,69,108,0,2,1,8,Clear,Medium,23,88,71,21,465,80.06,13.412,33155.8,26.19,85.74,50,1,1
1/27/2024 0:00,D003,VH003,Volkswagen,ID.5,82,530,2200,174,0,21.44,1.06,234.05,48,86,0,0,1,37,Rain,Low,16,82,78,18,465,80.06,3.126,33177.2,26.2,85.74,50,1,1
1/27/2024 2:00,D003,VH003,Volkswagen,ID.5,82,530,2200,174,0,12.43,0.6,189.55,44,74,0,1,1,19,Rain,Medium,13,50,47,18,465,80.06,1.812,33189.7,26.24,85.71,50,1,1
1/27/2024 4:00,D003,VH003,Volkswagen,ID.5,82,530,2200,174,0,11.88,0.75,127.83,51,70,0,1,1,31,Fog,Low,15,84,81,18,465,80.06,1.674,33201.5,26.29,85.69,50,1,0
1/27/2024 6:00,D003,VH003,Volkswagen,ID.5,82,530,2200,174,0,48.27,1.2,575.5,58,81,0,1,0,22,Rain,Medium,16,70,61,18,465,80.06,7.038,33249.8,26.35,85.65,50,1,1
1/27/2024 8:00,D003,VH003,Volkswagen,ID.5,82,530,2200,174,1,78.01,1.08,938.09,76,92,0,1,0,3,Rain,Medium,11,57,43,18.4,465,80.06,10.805,33327.8,26.41,85.62,50,1,1
1/27/2024 10:00,D003,VH003,Volkswagen,ID.5,82,530,2200,174,0,30.93,1.09,597.32,41,81,0,4,1,20,Rain,Medium,16,73,67,18,465,80.06,4.51,33358.8,26.58,85.52,50,1,1
1/27/2024 12:00,D003,VH003,Volkswagen,ID.5,82,530,2200,174,0,13.67,0.69,269.34,57,78,0,0,1,27,Cloudy,High,18,61,58,18,465,80.06,2.126,33372.4,26.59,85.51,50,1,1
1/27/2024 14:00,D003,VH003,Volkswagen,ID.5,82,530,2200,174,0,57.59,1.82,963.22,40,76,0,0,0,23,Rain,Medium,18,63,52,18,465,80.06,8.397,33430,26.61,85.51,50,1,1
1/27/2024 16:00,D003,VH003,Volkswagen,ID.5,82,530,2200,174,0,31.39,1.08,539.44,38,70,0,0,1,15,Fog,Medium,22,70,64,18,465,80.06,4.424,33461.4,26.62,85.5,50,1,1
1/27/2024 18:00,D003,VH003,Volkswagen,ID.5,82,530,2200,174,0,62.75,1.99,649.56,43,70,0,1,0,32,Fog,High,20,78,67,18,465,80.06,8.844,33524.2,26.68,85.47,50,1,1
1/27/2024 20:00,D003,VH003,Volkswagen,ID.5,82,530,2200,174,0,61.81,1.9,929.46,50,95,0,0,0,40,Rain,Medium,28,73,62,21,465,80.06,9.012,33586,26.7,85.46,50,1,1
1/27/2024 22:00,D003,VH003,Volkswagen,ID.5,82,530,2200,174,0,38.43,1.08,497.39,61,79,0,0,0,27,Clear,Medium,14,79,71,18,465,80.06,6.226,33624.4,26.72,85.46,51,1,1
1/28/2024 0:00,D003,VH003,Volkswagen,ID.5,82,530,2200,174,0,13.4,0.76,247.18,34,86,0,0,1,22,Clear,Medium,23,67,64,18,465,80.06,2.171,33637.8,26.72,85.46,51,1,1
1/28/2024 2:00,D003,VH003,Volkswagen,ID.5,82,530,2200,174,1,84.07,1.14,1376.89,78,126,1,1,1,4,Clear,Medium,16,73,56,18,466,80.05,13.197,33721.9,26.79,85.42,51,1,1
1/28/2024 4:00,D003,VH003,Volkswagen,ID.5,82,530,2200,174,0,31.1,1.14,321.24,44,79,0,0,1,26,Clear,High,24,81,74,18,466,80.05,5.038,33753,26.8,85.42,51,1,1
1/28/2024 6:00,D003,VH003,Volkswagen,ID.5,82,530,2200,174,0,63.49,1.47,681.62,50,93,0,0,0,12,Cloudy,Medium,18,72,59,18,466,80.05,9.874,33816.5,26.82,85.41,51,1,1
1/28/2024 8:00,D003,VH003,Volkswagen,ID.5,82,530,2200,174,0,60.49,1.64,864.76,41,67,0,0,0,10,Rain,Medium,20,60,49,18,466,80.05,8.819,33876.9,26.85,85.4,51,1,0
1/28/2024 10:00,D003,VH003,Volkswagen,ID.5,82,530,2200,174,0,62.73,3.75,821.17,19,81,1,0,0,27,Clear,Low,17,64,51,18,466,80.05,10.366,33939.7,26.87,85.4,51,1,1
1/28/2024 12:00,D003,VH003,Volkswagen,ID.5,82,530,2200,174,0,38.98,1.29,419.72,42,72,0,1,1,22,Rain,Medium,17,43,36,18,466,80.05,5.683,33978.7,26.92,85.37,51,1,1
1/28/2024 14:00,D003,VH003,Volkswagen,ID.5,82,530,2200,174,0,26.3,1.46,303.99,28,78,0,1,1,31,Rain,Low,22,65,60,18,466,80.05,3.835,34005,26.97,85.34,51,1,1
1/28/2024 16:00,D003,VH003,Volkswagen,ID.5,82,530,2200,174,0,34.26,0.94,344.14,60,96,0,0,1,22,Clear,High,13,59,52,18,466,80.05,5.55,34039.2,26.98,85.33,51,1,1
1/28/2024 18:00,D003,VH003,Volkswagen,ID.5,82,530,2200,174,0,30.41,1.08,560.64,47,74,0,0,1,26,Clear,Medium,19,67,60,18,466,80.05,4.926,34069.6,26.99,85.33,51,1,1
1/28/2024 20:00,D003,VH003,Volkswagen,ID.5,82,530,2200,174,0,56.07,1.47,844.57,43,97,0,0,1,10,Clear,Medium,18,80,68,18.3,466,80.05,9.083,34125.7,27.01,85.32,51,1,1
1/28/2024 22:00,D003,VH003,Volkswagen,ID.5,82,530,2200,174,0,57.61,1.23,770.85,62,102,0,2,0,18,Rain,High,21,81,70,18,466,80.05,8.4,34183.3,27.11,85.27,52,1,1
1/29/2024 0:00,D003,VH003,Volkswagen,ID.5,82,530,2200,174,1,89.5,1.33,1202.37,72,98,0,0,2,5,Rain,Medium,19,54,38,18,466,80.05,12.397,34272.8,27.14,85.26,52,1,1
1/29/2024 2:00,D003,VH003,Volkswagen,ID.5,82,530,2200,174,0,51.06,2.48,681.94,24,83,0,1,0,21,Rain,Medium,15,85,75,18,466,80.05,7.445,34323.9,27.2,85.23,52,1,1
1/29/2024 4:00,D003,VH003,Volkswagen,ID.5,82,530,2200,174,1,144.49,2.31,2333.03,66,100,0,2,0,7,Rain,Low,17,55,30,22.4,466,80.05,20.013,34468.4,27.33,85.16,52,1,1
1/29/2024 6:00,D003,VH003,Volkswagen,ID.5,82,530,2200,174,0,17.25,0.93,300.18,26,78,0,0,0,16,Clear,Low,15,76,72,18,466,80.05,2.795,34485.6,27.34,85.16,52,1,1
1/29/2024 8:00,D003,VH003,Volkswagen,ID.5,82,530,2200,174,0,35.55,1.38,509.97,41,80,0,1,1,31,Rain,Medium,15,51,44,18,466,80.05,5.183,34521.2,27.39,85.13,52,1,0
1/29/2024 10:00,D003,VH003,Volkswagen,ID.5,82,530,2200,174,1,104.02,1.52,1756.62,73,107,0,2,0,6,Fog,Low,15,66,49,18,466,80.05,13.928,34625.2,27.51,85.06,52,1,1
1/29/2024 12:00,D003,VH003,Volkswagen,ID.5,82,530,2200,174,0,47.19,1.39,491.02,51,95,0,1,1,28,Cloudy,Low,20,55,46,18,466,80.05,7.339,34672.4,27.56,85.03,52,1,1
1/29/2024 14:00,D003,VH003,Volkswagen,ID.5,82,530,2200,174,0,51.89,1.36,900.19,46,91,0,0,0,14,Clear,Medium,16,73,62,18,466,80.05,8.406,34724.3,27.58,85.03,52,1,1
1/29/2024 16:00,D003,VH003,Volkswagen,ID.5,82,530,2200,174,1,170.43,2.23,2273.43,80,85,1,0,0,6,Cloudy,Low,21,88,56,29.6,467,80.04,25.684,34894.7,27.64,85.01,52,1,1
1/29/2024 18:00,D003,VH003,Volkswagen,ID.5,82,530,2200,174,1,130.36,1.89,2234.7,73,102,0,0,1,6,Rain,Medium,17,71,48,20.1,467,80.04,18.056,35025,27.69,84.99,52,1,1
1/29/2024 20:00,D003,VH003,Volkswagen,ID.5,82,530,2200,174,0,29.47,1.07,554.3,49,73,0,0,2,28,Rain,Medium,16,70,64,18,467,80.04,4.297,35054.5,27.7,84.99,52,1,1
1/29/2024 22:00,D003,VH003,Volkswagen,ID.5,82,530,2200,174,0,45.5,1.53,893.63,41,72,0,0,0,25,Clear,Medium,8,70,61,18,467,80.04,7.371,35100,27.71,84.98,53,1,1
1/30/2024 0:00,D003,VH003,Volkswagen,ID.5,82,530,2200,174,1,73.72,1.19,845.34,71,101,0,1,1,9,Rain,Low,14,62,49,18,467,80.04,10.211,35173.7,27.78,84.95,53,1,1
1/30/2024 2:00,D003,VH003,Volkswagen,ID.5,82,530,2200,174,0,37.87,1.52,721.43,39,88,0,0,0,33,Clear,High,23,54,46,18,467,80.04,6.135,35211.6,27.79,84.94,53,1,1
1/30/2024 4:00,D003,VH003,Volkswagen,ID.5,82,530,2200,174,0,54.08,1.8,1055.48,45,83,0,0,0,36,Fog,High,14,78,68,18,467,80.04,7.622,35265.7,27.81,84.94,53,1,1
1/30/2024 6:00,D003,VH003,Volkswagen,ID.5,82,530,2200,174,0,49.08,1.7,922.16,44,82,0,0,2,35,Fog,Medium,20,73,64,18,467,80.04,6.917,35314.8,27.83,84.93,53,1,1
1/30/2024 8:00,D003,VH003,Volkswagen,ID.5,82,530,2200,174,0,43.04,1.23,513.15,47,91,0,1,0,19,Rain,Medium,24,60,52,18,467,80.04,6.275,35357.8,27.88,84.9,53,1,1
1/30/2024 10:00,D003,VH003,Volkswagen,ID.5,82,530,2200,174,0,18.47,0.85,191.58,44,77,0,0,0,26,Rain,Medium,20,84,80,18,467,80.04,2.693,35376.3,27.89,84.9,53,1,1
1/30/2024 12:00,D003,VH003,Volkswagen,ID.5,82,530,2200,174,0,54.62,1.59,1026.89,48,84,0,1,0,27,Fog,Medium,26,76,66,18,467,80.04,7.698,35430.9,27.95,84.87,53,1,1
1/30/2024 14:00,D003,VH003,Volkswagen,ID.5,82,530,2200,174,0,28.41,0.99,295.48,36,69,0,0,1,12,Clear,Low,29,73,67,18,467,80.04,4.602,35459.3,27.96,84.86,53,1,1
1/30/2024 16:00,D003,VH003,Volkswagen,ID.5,82,530,2200,174,1,94.49,1.73,1747.03,59,106,0,1,1,8,Clear,Medium,17,71,53,18,467,80.04,14.542,35553.8,28.03,84.83,53,1,1
1/30/2024 18:00,D003,VH003,Volkswagen,ID.5,82,530,2200,174,1,55.69,1.06,1007.56,57,103,0,0,0,5,Rain,Medium,16,91,81,18,467,80.04,7.714,35609.5,28.05,84.82,53,1,1
1/30/2024 20:00,D003,VH003,Volkswagen,ID.5,82,530,2200,174,0,22.96,1.03,390.08,48,79,0,2,0,33,Clear,Medium,28,71,66,18,467,80.04,3.72,35632.5,28.14,84.77,53,1,0
1/30/2024 22:00,D003,VH003,Volkswagen,ID.5,82,530,2200,174,0,52.97,1.69,844.42,39,79,0,0,2,20,Clear,Medium,16,77,66,18,467,80.04,8.581,35685.4,28.16,84.76,54,1,1
1/31/2024 0:00,D003,VH003,Volkswagen,ID.5,82,530,2200,174,1,86.21,1.3,1189.33,72,93,0,0,2,6,Rain,Medium,22,89,74,19.6,467,80.04,11.941,35771.6,28.19,84.75,54,1,1
1/31/2024 2:00,D003,VH003,Volkswagen,ID.5,82,530,2200,174,1,159.76,2.28,2061.73,74,128,0,0,1,7,Fog,Medium,23,72,45,27.8,467,80.04,21.391,35931.4,28.24,84.73,54,1,1
1/31/2024 4:00,D003,VH003,Volkswagen,ID.5,82,530,2200,174,0,30.8,0.97,348.98,41,106,1,1,1,13,Clear,Medium,23,65,58,18,467,80.03,5.089,35962.2,28.3,84.7,54,1,1
1/31/2024 6:00,D003,VH003,Volkswagen,ID.5,82,530,2200,174,1,84.32,1.36,1348.85,68,134,0,2,0,7,Clear,Low,14,67,51,18,467,80.03,12.977,36046.5,28.4,84.64,54,1,1
1/31/2024 8:00,D003,VH003,Volkswagen,ID.5,82,530,2200,174,0,16.31,0.66,183.65,58,92,0,0,0,23,Clear,Low,19,92,88,18,467,80.03,2.642,36062.8,28.41,84.64,54,1,1
1/31/2024 10:00,D003,VH003,Volkswagen,ID.5,82,530,2200,174,1,127.05,1.64,2358.57,85,90,0,2,2,9,Clear,Medium,20,68,44,27.2,468,80.03,19.553,36189.9,28.53,84.58,54,1,1
1/31/2024 12:00,D003,VH003,Volkswagen,ID.5,82,530,2200,174,1,100.94,1.62,1072.14,65,107,0,1,0,4,Clear,Low,13,81,62,19.6,468,80.03,15.535,36290.8,28.61,84.54,54,1,1
1/31/2024 14:00,D003,VH003,Volkswagen,ID.5,82,530,2200,174,0,25.05,0.87,380.92,55,77,0,2,0,25,Fog,Medium,16,91,86,18,468,80.03,3.531,36315.9,28.7,84.49,54,1,1
1/31/2024 16:00,D003,VH003,Volkswagen,ID.5,82,530,2200,174,1,145.86,2.67,1479.27,56,98,1,1,0,4,Rain,Medium,18,61,35,23.2,468,80.03,20.607,36461.7,28.79,84.44,54,1,1
1/31/2024 18:00,D003,VH003,Volkswagen,ID.5,82,530,2200,174,0,61.24,2.37,1055.76,34,76,0,3,0,34,Clear,High,13,71,58,18,468,80.03,9.921,36523,28.93,84.36,54,1,1
1/31/2024 20:00,D003,VH003,Volkswagen,ID.5,82,530,2200,174,0,45.47,1.51,687.26,54,85,0,1,1,40,Rain,Low,11,77,68,18,468,80.03,6.63,36568.4,28.99,84.33,54,1,1
1/31/2024 22:00,D003,VH003,Volkswagen,ID.5,82,530,2200,174,1,152.35,2.16,2056.03,75,106,0,0,1,8,Rain,Low,17,76,50,23.2,468,80.03,21.102,36720.8,29.04,84.31,55,1,1
2/1/2024 0:00,D003,VH003,Volkswagen,ID.5,82,530,2200,174,0,33.77,1.17,647.25,39,86,0,1,1,18,Clear,High,25,86,79,18,468,80.03,5.471,36754.6,29.09,84.28,55,1,1
2/1/2024 2:00,D003,VH003,Volkswagen,ID.5,82,530,2200,174,0,36.59,1.2,645.43,47,78,0,0,0,25,Cloudy,High,20,76,69,18,468,80.03,5.69,36791.1,29.11,84.28,55,1,1
2/1/2024 4:00,D003,VH003,Volkswagen,ID.5,82,530,2200,174,1,74.46,1.11,756.68,80,104,0,1,2,11,Clear,Medium,12,68,54,18,468,80.03,11.459,36865.6,29.17,84.25,55,1,1
2/1/2024 6:00,D003,VH003,Volkswagen,ID.5,82,530,2200,174,0,62.07,1.68,1027.41,46,79,2,0,4,20,Clear,Medium,20,65,52,18,468,80.03,10.458,36927.7,29.19,84.24,55,1,1
2/1/2024 8:00,D003,VH003,Volkswagen,ID.5,82,530,2200,174,0,14.28,0.96,162.85,46,89,0,0,1,39,Clear,Medium,21,53,50,18,468,80.03,2.313,36942,29.2,84.24,55,1,1
2/1/2024 10:00,D003,VH003,Volkswagen,ID.5,82,530,2200,174,0,39.36,1.77,663.87,34,83,0,0,2,37,Clear,Medium,19,69,61,18,468,80.03,6.376,36981.3,29.21,84.23,55,1,1
2/1/2024 12:00,D003,VH003,Volkswagen,ID.5,82,530,2200,174,0,57.95,1.73,914.67,44,65,0,2,1,25,Clear,High,22,73,61,18.2,468,80.02,9.388,37039.3,29.31,84.17,55,1,1
2/1/2024 14:00,D003,VH003,Volkswagen,ID.5,82,530,2200,174,0,49.64,1.97,765.38,38,77,0,0,1,40,Clear,Low,11,64,54,18,468,80.02,8.042,37088.9,29.33,84.17,55,1,1
2/1/2024 16:00,D003,VH003,Volkswagen,ID.5,82,530,2200,174,0,60.61,1.61,710.38,44,73,0,1,0,14,Clear,High,22,69,57,18,468,80.02,9.819,37149.5,29.39,84.14,55,1,1
2/1/2024 18:00,D003,VH003,Volkswagen,ID.5,82,530,2200,174,1,141.29,2.21,1915.49,69,98,0,2,0,10,Clear,Medium,22,93,66,27.2,468,80.02,21.745,37290.8,29.52,84.07,55,1,1
2/1/2024 20:00,D003,VH003,Volkswagen,ID.5,82,530,2200,174,0,61.26,1.91,913.68,43,88,1,1,1,29,Clear,Medium,19,79,66,18.7,469,80.02,10.123,37352.1,29.58,84.04,55,1,1
2/1/2024 22:00,D003,VH003,Volkswagen,ID.5,82,530,2200,174,0,34.13,1.08,629.67,48,92,0,3,1,22,Clear,Medium,22,75,68,18,469,80.02,5.529,37386.2,29.71,83.96,56,1,1
2/2/2024 0:00,D003,VH003,Volkswagen,ID.5,82,530,2200,174,0,16.66,0.82,225.67,34,79,0,1,0,20,Clear,Medium,16,70,66,18,469,80.02,2.699,37402.9,29.76,83.93,56,1,1
2/2/2024 2:00,D003,VH003,Volkswagen,ID.5,82,530,2200,174,1,93.65,1.48,1525.58,67,113,0,3,0,5,Rain,Low,14,54,38,18,469,80.02,12.971,37496.5,29.91,83.84,56,1,1
2/2/2024 4:00,D003,VH003,Volkswagen,ID.5,82,530,2200,174,1,154.48,2.34,2739.81,69,103,0,0,0,6,Rain,Low,23,61,34,28.2,469,80.02,21.397,37651,29.97,83.83,56,1,1
2/2/2024 6:00,D003,VH003,Volkswagen,ID.5,82,530,2200,174,0,17.68,0.87,233.09,35,95,0,1,0,22,Rain,High,24,73,69,18,469,80.02,2.578,37668.7,30.01,83.8,56,1,1
2/2/2024 8:00,D003,VH003,Volkswagen,ID.5,82,530,2200,174,1,99.2,1.51,1882.89,72,99,0,0,1,8,Cloudy,Low,14,63,45,19.1,469,80.02,14.656,37767.9,30.05,83.79,56,1,1
2/2/2024 10:00,D003,VH003,Volkswagen,ID.5,82,530,2200,174,1,50.1,0.93,826.02,58,117,0,2,0,4,Clear,Low,16,66,56,18,469,80.02,7.71,37818,30.14,83.73,56,1,1
2/2/2024 12:00,D003,VH003,Volkswagen,ID.5,82,530,2200,174,1,63.28,0.87,678.51,77,119,0,1,0,3,Rain,Low,24,74,63,18.7,469,80.02,8.765,37881.2,30.21,83.7,56,1,1
2/2/2024 14:00,D003,VH003,Volkswagen,ID.5,82,530,2200,174,0,64.04,1.99,770.4,45,86,0,2,0,34,Clear,Low,24,68,55,20.5,469,80.02,10.374,37945.3,30.31,83.64,56,1,1
2/2/2024 16:00,D003,VH003,Volkswagen,ID.5,82,530,2200,174,0,55.97,1.61,933.05,44,70,0,0,2,20,Rain,Medium,20,81,71,18,469,80.02,8.16,38001.3,30.33,83.63,56,1,1
2/2/2024 18:00,D003,VH003,Volkswagen,ID.5,82,530,2200,174,0,54.63,1.93,850.83,40,82,0,5,2,34,Fog,High,18,58,48,18,469,80.02,7.7,38055.9,30.55,83.5,56,1,1
2/2/2024 20:00,D003,VH003,Volkswagen,ID.5,82,530,2200,174,1,169.74,2.64,3296.75,66,100,1,0,1,4,Rain,Low,11,53,23,23.5,469,80.01,23.981,38225.6,30.61,83.48,56,1,1
2/2/2024 22:00,D003,VH003,Volkswagen,ID.5,82,530,2200,174,1,132.47,2.28,2277.86,59,109,1,2,3,2,Cloudy,Medium,24,77,52,28.8,469,80.01,19.963,38358.1,30.73,83.42,57,1,1
2/3/2024 0:00,D003,VH003,Volkswagen,ID.5,82,530,2200,174,1,53.9,0.95,777.41,65,117,0,0,2,7,Clear,Medium,24,66,55,18,469,80.01,8.295,38412,30.75,83.41,57,1,1
2/3/2024 2:00,D003,VH003,Volkswagen,ID.5,82,530,2200,174,0,46.51,1.25,928.58,51,93,0,0,0,20,Clear,High,18,66,56,18,469,80.01,7.535,38458.5,30.77,83.4,57,1,1
2/3/2024 4:00,D003,VH003,Volkswagen,ID.5,82,530,2200,174,0,30.28,0.96,451.56,51,83,0,1,0,22,Clear,High,19,67,61,18,469,80.01,4.905,38488.8,30.82,83.38,57,1,1
2/3/2024 6:00,D003,VH003,Volkswagen,ID.5,82,530,2200,174,0,37.92,1.35,638.35,44,87,0,1,1,29,Rain,High,20,63,56,18,469,80.01,5.529,38526.7,30.87,83.35,57,1,1
2/3/2024 8:00,D003,VH003,Volkswagen,ID.5,82,530,2200,174,0,34.85,1.47,572.06,38,66,0,0,0,33,Fog,Medium,20,70,64,18,470,80.01,4.912,38561.6,30.88,83.34,57,1,1
2/3/2024 10:00,D003,VH003,Volkswagen,ID.5,82,530,2200,174,0,45.56,2.14,792.1,28,69,0,3,2,31,Clear,Medium,16,71,61,18,470,80.01,7.381,38607.1,31.02,83.26,57,1,1
2/3/2024 12:00,D003,VH003,Volkswagen,ID.5,82,530,2200,174,0,60.31,1.57,1204.74,48,80,0,0,0,19,Cloudy,Low,15,73,61,18,470,80.01,9.379,38667.4,31.04,83.25,57,1,1
2/3/2024 14:00,D003,VH003,Volkswagen,ID.5,82,530,2200,174,0,25.26,1.07,328.31,43,67,0,0,1,29,Rain,High,12,71,66,18,470,80.01,3.683,38692.7,31.05,83.25,57,1,1
2/3/2024 16:00,D003,VH003,Volkswagen,ID.5,82,530,2200,174,0,46.49,1.39,719,48,86,0,0,3,25,Clear,Medium,20,67,57,18,470,80.01,7.531,38739.2,31.07,83.25,57,1,1
2/3/2024 18:00,D003,VH003,Volkswagen,ID.5,82,530,2200,174,1,100.78,1.26,1200.44,91,107,1,1,0,9,Clear,Medium,19,45,25,22.4,470,80.01,15.82,38840,31.14,83.21,57,1,1
2/3/2024 20:00,D003,VH003,Volkswagen,ID.5,82,530,2200,174,1,81.68,2.09,1615.55,41,89,0,0,1,6,Clear,Medium,15,50,34,19.4,470,80.01,12.571,38921.6,31.17,83.2,57,1,1
2/3/2024 22:00,D003,VH003,Volkswagen,ID.5,82,530,2200,174,0,12.17,0.81,199.06,41,88,0,0,0,31,Cloudy,Medium,14,82,79,18,470,80.01,1.893,38933.8,31.18,83.2,58,1,1
2/4/2024 0:00,D003,VH003,Volkswagen,ID.5,82,530,2200,174,0,56.66,2.3,812.23,33,82,0,1,2,35,Clear,Medium,17,63,51,18,470,80.01,9.179,38990.5,31.24,83.17,58,1,1
2/4/2024 2:00,D003,VH003,Volkswagen,ID.5,82,530,2200,174,0,34.33,1.22,382.77,43,80,0,0,0,25,Fog,Medium,17,75,69,18,470,80.01,4.838,39024.8,31.25,83.16,58,1,1
2/4/2024 4:00,D003,VH003,Volkswagen,ID.5,82,530,2200,174,0,23.05,0.96,445.33,56,77,0,1,0,33,Clear,Low,17,66,61,18,470,80.01,3.734,39047.8,31.3,83.13,58,1,1
2/4/2024 6:00,D003,VH003,Volkswagen,ID.5,82,530,2200,174,0,20.97,0.75,323.1,52,75,0,2,1,21,Clear,Low,26,70,65,18,470,80.01,3.397,39068.8,31.38,83.08,58,1,1
2/4/2024 8:00,D003,VH003,Volkswagen,ID.5,82,530,2200,174,0,31.16,0.97,323.19,50,80,0,3,1,21,Clear,High,16,66,59,18,470,80.01,5.048,39100,31.51,83,58,1,1
2/4/2024 10:00,D003,VH003,Volkswagen,ID.5,82,530,2200,174,0,30.84,1.52,486.39,34,80,0,0,1,37,Rain,Medium,22,63,57,18,470,80.01,4.496,39130.8,31.52,83,58,1,1
2/4/2024 12:00,D003,VH003,Volkswagen,ID.5,82,530,2200,174,1,178.18,3.11,2243.32,58,99,0,2,0,2,Cloudy,Medium,20,71,38,30.2,470,80,26.325,39309,31.67,82.93,58,1,1
2/4/2024 14:00,D003,VH003,Volkswagen,ID.5,82,530,2200,174,1,101.82,1.41,1740,80,95,0,0,0,8,Clear,Medium,19,56,36,18,470,80,15.67,39410.8,31.7,82.91,58,1,1
2/4/2024 16:00,D003,VH003,Volkswagen,ID.5,82,530,2200,174,0,37.82,1.47,645.09,42,86,0,1,0,34,Clear,Medium,18,78,70,18,470,80,6.127,39448.6,31.76,82.89,58,1,1
2/4/2024 18:00,D003,VH003,Volkswagen,ID.5,82,530,2200,174,1,84.24,1.29,1410.71,72,96,0,1,1,7,Cloudy,Medium,16,76,60,20.6,470,80,12.446,39532.9,31.82,82.85,58,1,0
2/4/2024 20:00,D003,VH003,Volkswagen,ID.5,82,530,2200,174,1,53.01,1.03,567.83,58,106,0,0,1,7,Clear,Medium,13,60,50,18,470,80,8.158,39585.9,31.84,82.84,58,1,1
2/4/2024 22:00,D003,VH003,Volkswagen,ID.5,82,530,2200,174,0,64.91,1.58,830.5,56,77,0,0,1,25,Clear,Medium,25,75,62,18.1,470,80,10.515,39650.8,31.87,82.84,59,1,1
2/5/2024 0:00,D003,VH003,Volkswagen,ID.5,82,530,2200,174,0,41.96,1.16,427.46,41,84,1,3,0,8,Rain,High,19,79,71,18,470,80,6.24,39692.8,32,82.76,59,1,1
2/5/2024 2:00,D003,VH003,Volkswagen,ID.5,82,530,2200,174,0,31.52,1.37,323.59,39,83,0,1,1,34,Cloudy,High,22,72,66,18,470,80,4.902,39724.3,32.05,82.73,59,1,1
2/5/2024 4:00,D003,VH003,Volkswagen,ID.5,82,530,2200,174,0,56.32,1.94,662.28,41,95,0,1,0,34,Fog,Medium,23,66,56,18,471,80,7.938,39780.6,32.11,82.7,59,1,1
2/5/2024 6:00,D003,VH003,Volkswagen,ID.5,82,530,2200,174,0,63.37,2.52,976.73,33,70,0,1,0,36,Rain,Low,20,88,76,18,471,80,9.239,39844,32.17,82.66,59,1,1
2/5/2024 8:00,D003,VH003,Volkswagen,ID.5,82,530,2200,174,1,56.34,0.8,596.83,77,109,0,1,1,4,Rain,Low,20,88,78,18,471,80,7.804,39900.3,32.23,82.63,59,1,1
2/5/2024 10:00,D003,VH003,Volkswagen,ID.5,82,530,2200,174,1,135.2,2.05,1363.79,71,121,0,1,1,9,Rain,Medium,21,87,64,26.8,471,80,18.727,40035.5,32.32,82.59,59,1,1
2/5/2024 12:00,D003,VH003,Volkswagen,ID.5,82,530,2200,174,0,23.57,0.91,330.9,58,74,0,2,2,30,Clear,Medium,24,92,87,18,471,80,3.818,40059.1,32.41,82.54,59,1,1
2/5/2024 14:00,D003,VH003,Volkswagen,ID.5,82,530,2200,174,0,21.85,0.98,260.92,41,71,0,0,0,27,Fog,Medium,25,81,77,18,471,80,3.08,40080.9,32.42,82.53,59,1,1
2/5/2024 16:00,D003,VH003,Volkswagen,ID.5,82,530,2200,174,0,64.99,2.09,663.23,40,70,0,2,0,28,Fog,Medium,13,63,51,18,471,80,9.16,40145.9,32.52,82.48,59,1,1
2/5/2024 18:00,D003,VH003,Volkswagen,ID.5,82,530,2200,174,1,53.33,0.87,735.36,69,111,0,0,1,6,Clear,Medium,20,63,52,18,471,80,8.207,40199.2,32.54,82.47,59,1,1
2/5/2024 20:00,D003,VH003,Volkswagen,ID.5,82,530,2200,174,0,32.65,1.28,426.75,37,78,0,0,1,24,Clear,Medium,25,69,62,18,471,80,5.289,40231.9,32.55,82.47,59,1,0
2/5/2024 22:00,D003,VH003,Volkswagen,ID.5,82,530,2200,174,0,44.71,1.28,482.74,45,65,0,0,1,17,Clear,Medium,27,70,61,18,471,80,7.243,40276.6,32.57,82.46,60,1,1
2/6/2024 0:00,D003,VH003,Volkswagen,ID.5,82,530,2200,174,1,59.58,0.85,1075.71,81,117,0,2,1,7,Clear,Medium,18,78,66,18,471,80,9.169,40336.2,32.67,82.4,60,1,1
2/6/2024 2:00,D003,VH003,Volkswagen,ID.5,82,530,2200,174,0,28.04,0.73,329.09,61,94,0,2,0,16,Clear,Low,24,52,46,18,471,79.99,4.542,40364.2,32.76,82.35,60,1,0
2/6/2024 4:00,D003,VH003,Volkswagen,ID.5,82,530,2200,174,1,174.31,2.66,2660.34,69,93,0,0,0,8,Fog,Low,26,92,63,31.3,471,79.99,23.339,40538.5,32.82,82.33,60,1,1
2/6/2024 6:00,D003,VH003,Volkswagen,ID.5,82,530,2200,174,0,48.64,1.31,765.76,59,93,0,2,0,29,Clear,Low,29,54,44,24.2,471,79.99,7.88,40587.2,32.91,82.27,60,1,1
2/6/2024 8:00,D003,VH003,Volkswagen,ID.5,82,530,2200,174,0,20.2,0.85,278.86,45,75,0,1,2,24,Clear,Medium,18,80,76,18,471,79.99,3.272,40607.4,32.96,82.25,60,1,1
2/6/2024 10:00,D003,VH003,Volkswagen,ID.5,82,530,2200,174,0,37.82,1.4,464.8,36,92,0,0,1,21,Clear,High,20,80,72,18,471,79.99,6.127,40645.2,32.97,82.24,60,1,1
2/6/2024 12:00,D003,VH003,Volkswagen,ID.5,82,530,2200,174,1,126.09,2.76,1599.66,48,115,0,1,1,8,Cloudy,Medium,17,52,29,19.8,471,79.99,18.629,40771.3,33.06,82.2,60,1,1
2/6/2024 14:00,D003,VH003,Volkswagen,ID.5,82,530,2200,174,0,53.59,1.84,816.44,38,91,0,1,0,26,Cloudy,Low,15,77,66,18,471,79.99,8.334,40824.9,33.12,82.17,60,1,1
2/6/2024 16:00,D003,VH003,Volkswagen,ID.5,82,530,2200,174,1,169.73,3.04,2761.78,58,89,0,2,0,7,Rain,Low,20,84,55,30.8,472,79.99,23.509,40994.6,33.26,82.1,60,1,1
2/6/2024 18:00,D003,VH003,Volkswagen,ID.5,82,530,2200,174,1,175.42,2.72,2234.67,67,103,0,2,1,6,Clear,Low,17,58,25,23.7,472,79.99,26.997,41170,33.4,82.03,60,1,1
2/6/2024 20:00,D003,VH003,Volkswagen,ID.5,82,530,2200,174,0,13.34,0.76,142.41,54,91,0,1,0,31,Clear,Medium,19,73,70,18,472,79.99,2.161,41183.4,33.44,82,60,1,1
2/6/2024 22:00,D003,VH003,Volkswagen,ID.5,82,530,2200,174,1,166.47,2.66,2587.79,65,100,0,1,1,6,Fog,Medium,20,70,42,23.1,472,79.99,22.289,41349.8,33.54,81.96,61,1,1
2/7/2024 0:00,D003,VH003,Volkswagen,ID.5,82,530,2200,174,1,106.87,1.68,1536.42,67,98,0,1,1,5,Clear,Medium,13,59,38,18.5,472,79.99,16.447,41456.7,33.62,81.92,61,1,1
2/7/2024 2:00,D003,VH003,Volkswagen,ID.5,82,530,2200,174,1,132.02,2.35,2253.26,59,116,1,0,0,7,Rain,Medium,27,70,47,23.1,472,79.98,18.652,41588.7,33.66,81.9,61,1,1
2/7/2024 4:00,D003,VH003,Volkswagen,ID.5,82,530,2200,174,0,55.55,1.81,700.32,42,85,0,0,0,29,Rain,Medium,19,69,59,18,472,79.98,8.099,41644.3,33.68,81.9,61,1,1
2/7/2024 6:00,D003,VH003,Volkswagen,ID.5,82,530,2200,174,1,82.7,1.22,840.42,75,117,0,0,2,7,Cloudy,Medium,20,70,55,18.2,472,79.98,12.218,41727,33.71,81.89,61,1,1
2/7/2024 8:00,D003,VH003,Volkswagen,ID.5,82,530,2200,174,1,75.12,1.29,935.41,63,112,1,3,2,6,Clear,Low,14,87,72,18,472,79.98,11.792,41802.1,33.86,81.8,61,1,1
2/7/2024 10:00,D003,VH003,Volkswagen,ID.5,82,530,2200,174,1,98.03,1.44,1736.88,72,105,0,1,0,5,Rain,Medium,20,88,71,19.6,472,79.98,13.578,41900.1,33.93,81.77,61,1,1
1/1/2024 0:00,D004,VH004,Tata,Nexon EV,40.5,465,1400,95,0,47.15,0.81,938.38,80,110,1,1,7,13,Fog,Medium,11,74,58,18,387,95.2,6.192,35733.2,23.85,85.7,173,1,1
1/1/2024 2:00,D004,VH004,Tata,Nexon EV,40.5,465,1400,95,1,54.47,0.88,994.53,66,121,0,5,1,3,Fog,Medium,16,71,54,18,387,95.2,6.663,35787.6,24.07,85.57,173,1,1
1/1/2024 4:00,D004,VH004,Tata,Nexon EV,40.5,465,1400,95,1,151.47,2.29,2203.24,68,123,3,2,1,4,Clear,Medium,16,50,10,23.4,387,95.2,17.2125,35939.1,24.2,85.5,173,1,1
1/1/2024 6:00,D004,VH004,Tata,Nexon EV,40.5,465,1400,95,0,53.22,1.25,727.98,57,102,1,1,3,19,Rain,Medium,18,81,63,18,387,95.2,7.231,35992.3,24.26,85.47,173,1,1
1/1/2024 8:00,D004,VH004,Tata,Nexon EV,40.5,465,1400,95,0,22.37,0.57,392.52,61,94,0,0,0,12,Rain,Medium,22,70,62,18,387,95.2,2.98,36014.7,24.27,85.47,173,1,1
1/1/2024 10:00,D004,VH004,Tata,Nexon EV,40.5,465,1400,95,0,36.26,0.85,464.71,60,117,2,2,6,15,Rain,Medium,24,65,52,18,387,95.2,5.023,36050.9,24.36,85.41,173,1,1
1/1/2024 12:00,D004,VH004,Tata,Nexon EV,40.5,465,1400,95,0,61.65,1.23,1012.63,63,108,1,2,3,15,Cloudy,Medium,20,71,48,18,387,95.2,8.934,36112.6,24.46,85.35,173,1,1
1/1/2024 14:00,D004,VH004,Tata,Nexon EV,40.5,465,1400,95,1,64.35,0.76,805.83,89,130,3,2,4,2,Clear,Medium,22,62,38,18,387,95.2,9.59,36176.9,24.56,85.3,173,1,1
1/1/2024 16:00,D004,VH004,Tata,Nexon EV,40.5,465,1400,95,0,11.36,0.46,193.07,64,77,0,3,3,17,Clear,Low,22,67,62,18,387,95.2,1.681,36188.3,24.69,85.22,173,1,1
1/1/2024 18:00,D004,VH004,Tata,Nexon EV,40.5,465,1400,95,0,12.57,0.36,179.87,66,81,0,4,3,10,Fog,High,19,78,74,18,387,95.2,1.619,36200.9,24.85,85.12,173,1,1
1/1/2024 20:00,D004,VH004,Tata,Nexon EV,40.5,465,1400,95,1,128.49,1.36,2404.46,98,119,1,3,3,3,Clear,Medium,21,61,15,23.6,387,95.19,18.427,36329.4,25.02,85.03,173,1,1
1/1/2024 22:00,D004,VH004,Tata,Nexon EV,40.5,465,1400,95,0,33.59,0.88,594.36,58,100,1,1,2,18,Rain,Medium,17,76,64,18,388,95.19,4.564,36363,25.07,85,174,1,1
1/2/2024 0:00,D004,VH004,Tata,Nexon EV,40.5,465,1400,95,0,19.61,0.48,354.06,67,72,0,1,1,11,Rain,Medium,22,63,56,18,388,95.19,2.612,36382.6,25.11,84.97,174,1,1
1/2/2024 2:00,D004,VH004,Tata,Nexon EV,40.5,465,1400,95,0,40.27,0.97,793.88,63,98,0,2,2,20,Cloudy,Medium,22,82,67,18,388,95.19,5.722,36422.8,25.21,84.92,174,1,1
1/2/2024 4:00,D004,VH004,Tata,Nexon EV,40.5,465,1400,95,1,92.12,1.13,1151.14,84,145,2,3,1,2,Clear,Low,17,88,54,18,388,95.19,13.47,36515,25.36,84.83,174,1,1
1/2/2024 6:00,D004,VH004,Tata,Nexon EV,40.5,465,1400,95,0,52.25,1.09,753.13,65,113,2,1,4,17,Cloudy,Low,20,74,54,18.1,388,95.19,7.721,36567.2,25.42,84.8,174,1,1
1/2/2024 8:00,D004,VH004,Tata,Nexon EV,40.5,465,1400,95,0,29.54,0.62,397.79,79,106,3,5,1,15,Rain,Medium,23,63,52,18,388,95.19,4.171,36596.7,25.63,84.67,174,1,1
1/2/2024 10:00,D004,VH004,Tata,Nexon EV,40.5,465,1400,95,0,33.68,0.94,517.45,60,91,1,1,2,23,Fog,Low,21,65,54,18,388,95.19,4.423,36630.4,25.68,84.64,174,1,1
1/2/2024 12:00,D004,VH004,Tata,Nexon EV,40.5,465,1400,95,0,49.54,1.2,924.67,52,102,1,2,1,15,Cloudy,Low,13,68,50,18,388,95.19,7.179,36680,25.78,84.59,174,1,1
1/2/2024 14:00,D004,VH004,Tata,Nexon EV,40.5,465,1400,95,0,63.08,1.43,1014.49,56,86,0,1,4,18,Clear,Medium,20,50,26,18,388,95.19,9.336,36743,25.84,84.55,174,1,1
1/2/2024 16:00,D004,VH004,Tata,Nexon EV,40.5,465,1400,95,1,60.87,0.88,1062.18,73,134,4,2,5,3,Cloudy,Medium,20,64,42,18.2,388,95.19,8.873,36803.9,25.94,84.5,174,1,1
1/2/2024 18:00,D004,VH004,Tata,Nexon EV,40.5,465,1400,95,0,50.06,1.1,894.39,59,97,0,1,3,15,Clear,High,19,70,51,18,388,95.19,7.409,36854,26,84.46,174,1,1
1/2/2024 20:00,D004,VH004,Tata,Nexon EV,40.5,465,1400,95,1,91.62,0.96,1546.78,105,126,0,5,4,5,Clear,Medium,18,53,21,18.2,388,95.19,12.882,36945.6,26.23,84.33,174,1,1
1/2/2024 22:00,D004,VH004,Tata,Nexon EV,40.5,465,1400,95,0,57.36,1.11,893.39,61,116,2,2,1,10,Clear,High,14,82,60,18,389,95.19,8.829,37003,26.33,84.27,175,1,1
1/3/2024 0:00,D004,VH004,Tata,Nexon EV,40.5,465,1400,95,0,57.54,1.38,694.52,60,118,1,6,3,25,Rain,Medium,22,75,55,18,389,95.19,7.818,37060.5,26.59,84.12,175,1,1
1/3/2024 2:00,D004,VH004,Tata,Nexon EV,40.5,465,1400,95,1,176.84,1.94,3405.17,95,127,4,6,2,5,Fog,Medium,18,77,19,27.2,389,95.19,23.362,37237.3,26.89,83.94,175,1,1
1/3/2024 4:00,D004,VH004,Tata,Nexon EV,40.5,465,1400,95,0,16.71,0.5,276.22,62,110,1,0,10,14,Rain,Low,19,80,74,18,389,95.19,2.27,37254,26.9,83.94,175,1,1
1/3/2024 6:00,D004,VH004,Tata,Nexon EV,40.5,465,1400,95,0,20.58,0.64,400.92,85,108,2,1,4,24,Fog,Medium,21,77,70,18,389,95.19,2.756,37274.6,26.95,83.91,175,1,1
1/3/2024 8:00,D004,VH004,Tata,Nexon EV,40.5,465,1400,95,0,12.33,0.44,178.23,65,95,0,1,2,15,Rain,Medium,19,75,70,18,389,95.19,1.642,37287,26.99,83.89,175,1,1
1/3/2024 10:00,D004,VH004,Tata,Nexon EV,40.5,465,1400,95,0,63.22,1.13,921.03,73,108,1,2,0,16,Rain,Low,24,48,26,21.4,389,95.19,8.589,37350.2,27.09,83.83,175,1,1
1/3/2024 12:00,D004,VH004,Tata,Nexon EV,40.5,465,1400,95,0,23.04,0.49,282.32,79,103,0,3,2,12,Cloudy,Medium,15,71,62,18,389,95.19,3.274,37373.2,27.22,83.75,175,1,1
1/3/2024 14:00,D004,VH004,Tata,Nexon EV,40.5,465,1400,95,0,24.95,0.64,341.76,77,94,0,3,3,19,Clear,Medium,18,66,56,18,389,95.19,3.693,37398.2,27.35,83.67,175,1,1
1/3/2024 16:00,D004,VH004,Tata,Nexon EV,40.5,465,1400,95,0,19.66,0.57,248.32,73,112,0,3,1,18,Rain,High,21,84,77,18,389,95.19,2.619,37417.8,27.48,83.6,175,1,1
1/3/2024 18:00,D004,VH004,Tata,Nexon EV,40.5,465,1400,95,0,10.43,0.44,181.64,56,108,3,5,2,15,Rain,High,14,66,62,18,389,95.19,1.473,37428.3,27.68,83.47,175,1,1
1/3/2024 20:00,D004,VH004,Tata,Nexon EV,40.5,465,1400,95,0,27.98,0.49,525.78,66,91,0,2,0,4,Cloudy,Medium,23,66,56,18,389,95.19,3.975,37456.2,27.77,83.42,175,1,1
1/3/2024 22:00,D004,VH004,Tata,Nexon EV,40.5,465,1400,95,0,52.01,0.82,755.69,76,99,0,3,2,8,Rain,Low,21,57,39,18,389,95.18,6.928,37508.2,27.91,83.34,176,1,1
1/4/2024 0:00,D004,VH004,Tata,Nexon EV,40.5,465,1400,95,0,10.59,0.41,147.94,51,99,0,1,3,12,Clear,High,15,72,68,18,389,95.18,1.567,37518.8,27.95,83.31,176,1,1
1/4/2024 2:00,D004,VH004,Tata,Nexon EV,40.5,465,1400,95,1,105.41,1.47,1672.94,77,153,1,0,0,6,Rain,Medium,26,73,39,23.1,389,95.18,13.605,37624.2,27.99,83.3,176,1,1
1/4/2024 4:00,D004,VH004,Tata,Nexon EV,40.5,465,1400,95,1,91.83,1.21,1180.36,79,129,1,1,2,3,Clear,Medium,13,76,43,18,390,95.18,13.17,37716.1,28.06,83.26,176,1,1
1/4/2024 6:00,D004,VH004,Tata,Nexon EV,40.5,465,1400,95,0,60.79,1.51,829.14,55,95,0,0,2,24,Clear,Medium,18,61,38,18,390,95.18,8.997,37776.9,28.08,83.25,176,1,1
1/4/2024 8:00,D004,VH004,Tata,Nexon EV,40.5,465,1400,95,0,19.83,0.68,235.87,43,117,2,1,1,13,Rain,Medium,11,72,65,18,390,95.18,2.747,37796.7,28.13,83.23,176,1,1
1/4/2024 10:00,D004,VH004,Tata,Nexon EV,40.5,465,1400,95,0,26.33,0.7,441.52,56,96,1,1,1,14,Clear,Medium,13,79,69,18,390,95.18,3.975,37823,28.18,83.2,176,1,1
1/4/2024 12:00,D004,VH004,Tata,Nexon EV,40.5,465,1400,95,0,31.23,0.76,619.93,68,87,0,5,2,18,Cloudy,Low,14,66,55,18,390,95.18,4.437,37854.3,28.39,83.07,176,1,1
1/4/2024 14:00,D004,VH004,Tata,Nexon EV,40.5,465,1400,95,0,56.53,1.29,965.06,61,86,0,4,0,22,Rain,High,22,57,38,18,390,95.18,7.53,37910.8,28.57,82.96,176,1,1
1/4/2024 16:00,D004,VH004,Tata,Nexon EV,40.5,465,1400,95,0,14.55,0.64,202.58,76,91,0,3,2,27,Fog,Medium,23,78,73,18,390,95.18,1.873,37925.3,28.69,82.89,176,1,1
1/4/2024 18:00,D004,VH004,Tata,Nexon EV,40.5,465,1400,95,0,20.93,0.56,274.75,46,115,2,4,2,6,Cloudy,High,21,59,51,18,390,95.18,3.093,37946.3,28.86,82.78,176,1,1
1/4/2024 20:00,D004,VH004,Tata,Nexon EV,40.5,465,1400,95,0,8.06,0.23,151.38,46,93,0,2,3,3,Clear,Low,13,63,60,18,390,95.18,1.193,37954.3,28.94,82.73,176,1,1
1/4/2024 22:00,D004,VH004,Tata,Nexon EV,40.5,465,1400,95,0,11.16,0.49,189.97,60,110,1,6,1,18,Clear,High,12,67,62,18,390,95.18,1.685,37965.5,29.19,82.58,177,1,1
1/5/2024 0:00,D004,VH004,Tata,Nexon EV,40.5,465,1400,95,1,178.37,1.89,2915.32,95,110,0,3,4,1,Rain,Medium,20,88,32,25.4,390,95.18,22.571,38143.9,29.37,82.49,177,1,1
1/5/2024 2:00,D004,VH004,Tata,Nexon EV,40.5,465,1400,95,1,165.42,2.04,1710.92,81,123,0,2,1,0,Clear,Medium,25,91,33,30.3,391,95.18,23.258,38309.3,29.51,82.42,177,1,1
1/5/2024 4:00,D004,VH004,Tata,Nexon EV,40.5,465,1400,95,0,61.74,1.23,890.23,70,87,0,1,0,21,Rain,Low,17,74,53,18,391,95.18,8.224,38371,29.57,82.38,177,1,1
1/5/2024 6:00,D004,VH004,Tata,Nexon EV,40.5,465,1400,95,0,26.16,0.61,274.9,72,92,0,5,1,15,Rain,Medium,13,66,57,18,391,95.18,3.485,38397.2,29.78,82.25,177,1,1
1/5/2024 8:00,D004,VH004,Tata,Nexon EV,40.5,465,1400,95,0,14.69,0.64,236.73,62,108,0,0,1,24,Rain,Medium,29,81,76,18,391,95.18,1.957,38411.9,29.78,82.25,177,1,0
1/5/2024 10:00,D004,VH004,Tata,Nexon EV,40.5,465,1400,95,0,13.38,0.36,252.87,59,93,0,3,2,8,Clear,High,14,85,80,18,391,95.18,1.98,38425.2,29.91,82.18,177,1,1
1/5/2024 12:00,D004,VH004,Tata,Nexon EV,40.5,465,1400,95,0,63.04,0.94,1028.17,81,114,1,1,2,10,Clear,Low,20,51,27,18,391,95.18,9.517,38488.3,29.97,82.14,177,1,1
1/5/2024 14:00,D004,VH004,Tata,Nexon EV,40.5,465,1400,95,0,21.4,0.54,225.41,53,93,0,2,1,8,Fog,Medium,12,53,46,18,391,95.18,2.755,38509.7,30.06,82.09,177,1,1
1/5/2024 16:00,D004,VH004,Tata,Nexon EV,40.5,465,1400,95,1,151.5,1.92,2922.86,81,129,3,1,3,3,Fog,Low,21,49,10,24.2,391,95.18,16.86825,38661.2,30.15,82.05,177,1,1
1/5/2024 18:00,D004,VH004,Tata,Nexon EV,40.5,465,1400,95,0,21.52,0.56,377.21,73,112,0,0,2,16,Rain,Low,18,79,71,18,391,95.18,2.866,38682.7,30.16,82.05,177,1,1
1/5/2024 20:00,D004,VH004,Tata,Nexon EV,40.5,465,1400,95,0,61.55,1.31,1165.84,61,114,1,5,0,18,Clear,Medium,22,93,70,18,391,95.17,9.292,38744.3,30.38,81.91,177,1,1
1/5/2024 22:00,D004,VH004,Tata,Nexon EV,40.5,465,1400,95,0,8.91,0.35,159.93,66,104,4,4,2,13,Clear,High,13,61,57,18,391,95.17,1.424,38753.2,30.54,81.81,178,1,1
1/6/2024 0:00,D004,VH004,Tata,Nexon EV,40.5,465,1400,95,0,26.92,0.71,318.28,58,116,0,2,3,15,Clear,High,19,75,65,18,391,95.17,3.984,38780.1,30.63,81.76,178,1,1
1/6/2024 2:00,D004,VH004,Tata,Nexon EV,40.5,465,1400,95,0,33.37,0.82,435.29,59,95,0,3,0,15,Cloudy,High,8,74,62,18,391,95.17,4.741,38813.5,30.76,81.68,178,1,1
1/6/2024 4:00,D004,VH004,Tata,Nexon EV,40.5,465,1400,95,0,34.13,0.66,412.34,84,102,1,0,1,15,Cloudy,Medium,19,67,54,18,391,95.17,4.946,38847.6,30.78,81.68,178,1,1
1/6/2024 6:00,D004,VH004,Tata,Nexon EV,40.5,465,1400,95,0,49.38,0.88,542.75,65,85,0,3,3,7,Cloudy,Medium,15,60,42,18,391,95.17,7.016,38897,30.91,81.59,178,1,1
1/6/2024 8:00,D004,VH004,Tata,Nexon EV,40.5,465,1400,95,0,23.31,0.53,292.87,68,99,1,3,4,11,Fog,Medium,24,84,76,18,391,95.17,3.061,38920.3,31.04,81.52,178,1,1
1/6/2024 10:00,D004,VH004,Tata,Nexon EV,40.5,465,1400,95,1,60.48,0.68,814.06,96,139,2,2,1,3,Clear,Medium,19,78,56,21.1,392,95.17,8.844,38980.8,31.14,81.46,178,1,1
1/6/2024 12:00,D004,VH004,Tata,Nexon EV,40.5,465,1400,95,0,29.65,0.71,324.26,86,100,1,0,3,22,Clear,Medium,15,68,56,18,392,95.17,4.476,39010.4,31.15,81.46,178,1,1
1/6/2024 14:00,D004,VH004,Tata,Nexon EV,40.5,465,1400,95,0,39.27,0.8,505.57,60,88,1,0,1,9,Rain,Medium,18,80,66,18,392,95.17,5.335,39049.7,31.17,81.45,178,1,1
1/6/2024 16:00,D004,VH004,Tata,Nexon EV,40.5,465,1400,95,0,21.4,0.71,339.02,63,89,0,5,4,22,Rain,Low,25,65,57,18,392,95.17,2.85,39071.1,31.37,81.32,178,1,1
1/6/2024 18:00,D004,VH004,Tata,Nexon EV,40.5,465,1400,95,1,99.73,1.38,1388.7,76,120,1,3,2,4,Clear,Low,15,67,31,18.9,392,95.17,14.302,39170.8,31.53,81.24,178,1,1
1/6/2024 20:00,D004,VH004,Tata,Nexon EV,40.5,465,1400,95,1,151.79,1.63,1833.52,96,122,1,1,2,3,Fog,Low,17,81,34,23.3,392,95.17,18.939,39322.6,31.62,81.19,178,1,1
1/6/2024 22:00,D004,VH004,Tata,Nexon EV,40.5,465,1400,95,0,38.98,0.86,735.84,68,84,0,3,2,17,Rain,Medium,26,63,50,18,392,95.17,5.192,39361.6,31.76,81.11,179,1,1
1/7/2024 0:00,D004,VH004,Tata,Nexon EV,40.5,465,1400,95,0,42.29,0.76,708.43,67,107,1,4,1,8,Rain,High,22,53,38,18.6,392,95.17,5.746,39403.9,31.93,81.01,179,1,1
1/7/2024 2:00,D004,VH004,Tata,Nexon EV,40.5,465,1400,95,0,36.71,0.98,673.8,65,94,0,4,1,25,Clear,Low,24,60,46,18,392,95.17,5.433,39440.6,32.1,80.9,179,1,1
1/7/2024 4:00,D004,VH004,Tata,Nexon EV,40.5,465,1400,95,0,61.31,1.2,769.65,66,120,1,3,3,16,Clear,Low,21,74,51,18,392,95.17,9.255,39501.9,32.25,80.82,179,1,1
1/7/2024 6:00,D004,VH004,Tata,Nexon EV,40.5,465,1400,95,0,61.38,1.24,1117.99,62,99,1,4,2,15,Rain,Medium,19,62,41,18,392,95.17,8.339,39563.3,32.43,80.71,179,1,1
1/7/2024 8:00,D004,VH004,Tata,Nexon EV,40.5,465,1400,95,1,101.14,1.12,1496.43,93,135,1,1,0,2,Clear,Medium,22,78,42,20.6,393,95.17,14.505,39664.4,32.5,80.68,179,1,1
1/7/2024 10:00,D004,VH004,Tata,Nexon EV,40.5,465,1400,95,0,37.12,0.85,721.33,65,105,0,4,1,17,Rain,High,21,71,58,18,393,95.17,4.944,39701.5,32.68,80.57,179,1,1
1/7/2024 12:00,D004,VH004,Tata,Nexon EV,40.5,465,1400,95,0,45.13,1.28,769.07,43,105,1,2,1,14,Clear,Medium,9,80,63,18,393,95.17,6.813,39746.7,32.77,80.52,179,1,1
1/7/2024 14:00,D004,VH004,Tata,Nexon EV,40.5,465,1400,95,1,162.82,1.86,1694.28,91,132,2,3,2,4,Clear,Medium,25,55,10,25.4,393,95.17,18.93375,39909.5,32.95,80.42,179,1,1
1/7/2024 16:00,D004,VH004,Tata,Nexon EV,40.5,465,1400,95,0,16.99,0.58,273.6,74,110,0,3,0,21,Rain,Low,16,55,49,18,393,95.17,2.263,39926.5,33.07,80.35,179,1,1
1/7/2024 18:00,D004,VH004,Tata,Nexon EV,40.5,465,1400,95,0,35.28,0.95,451.47,59,88,0,1,1,21,Clear,Low,25,51,38,18,393,95.16,5.221,39961.7,33.13,80.32,179,1,1
1/7/2024 20:00,D004,VH004,Tata,Nexon EV,40.5,465,1400,95,0,64.87,1.5,1072.79,54,89,1,3,5,18,Clear,Medium,21,84,59,18,393,95.16,9.793,40026.6,33.27,80.23,179,1,1
1/7/2024 22:00,D004,VH004,Tata,Nexon EV,40.5,465,1400,95,1,76.63,0.89,1086.16,91,105,1,2,1,3,Rain,Medium,23,93,68,18,393,95.16,9.891,40103.2,33.38,80.17,180,1,1
1/8/2024 0:00,D004,VH004,Tata,Nexon EV,40.5,465,1400,95,1,173.92,2.1,2548.07,84,130,0,4,0,2,Rain,Medium,21,58,10,23.4,393,95.16,19.9665,40277.2,33.6,80.05,180,1,0
1/8/2024 2:00,D004,VH004,Tata,Nexon EV,40.5,465,1400,95,0,61.37,1.46,1073.2,52,106,0,0,1,17,Rain,Medium,21,70,49,18,394,95.16,8.174,40338.5,33.62,80.05,180,1,1
1/8/2024 4:00,D004,VH004,Tata,Nexon EV,40.5,465,1400,95,0,41.45,1.09,645.22,59,115,2,2,0,23,Rain,Medium,23,78,63,18,394,95.16,5.742,40380,33.71,79.99,180,1,1
1/8/2024 6:00,D004,VH004,Tata,Nexon EV,40.5,465,1400,95,0,52.22,1.03,878.02,63,86,0,1,4,12,Clear,High,26,82,62,19.6,394,95.16,7.729,40432.2,33.77,79.96,180,1,1
1/8/2024 8:00,D004,VH004,Tata,Nexon EV,40.5,465,1400,95,0,37.47,0.82,443.24,75,119,2,1,3,19,Clear,Medium,18,58,43,18,394,95.16,5.767,40469.7,33.82,79.93,180,1,1
1/8/2024 10:00,D004,VH004,Tata,Nexon EV,40.5,465,1400,95,0,25.67,0.76,432.74,60,117,3,2,0,20,Clear,Low,8,49,39,18,394,95.16,4.027,40495.3,33.91,79.88,180,1,1
1/8/2024 12:00,D004,VH004,Tata,Nexon EV,40.5,465,1400,95,1,149.03,1.6,1747.59,96,127,3,1,2,3,Clear,Medium,10,67,12,22.3,394,95.16,22.211,40644.4,34.01,79.83,180,1,1
1/8/2024 14:00,D004,VH004,Tata,Nexon EV,40.5,465,1400,95,0,53.94,1.43,543.01,56,110,1,3,0,28,Cloudy,Medium,20,79,59,18,394,95.16,7.817,40698.3,34.14,79.75,180,1,1
1/8/2024 16:00,D004,VH004,Tata,Nexon EV,40.5,465,1400,95,0,52.48,1.09,775.9,60,98,0,3,1,13,Rain,Medium,19,87,69,18,394,95.16,6.99,40750.8,34.28,79.67,180,1,1
1/8/2024 18:00,D004,VH004,Tata,Nexon EV,40.5,465,1400,95,0,26.9,0.65,374.99,76,99,0,2,0,18,Rain,Low,17,67,58,18,394,95.16,3.583,40777.7,34.37,79.62,180,1,1
1/8/2024 20:00,D004,VH004,Tata,Nexon EV,40.5,465,1400,95,0,34.77,0.88,562.2,78,111,3,1,1,26,Fog,Medium,21,56,44,18,394,95.16,4.746,40812.5,34.42,79.59,180,1,1
1/8/2024 22:00,D004,VH004,Tata,Nexon EV,40.5,465,1400,95,0,9.49,0.37,133.91,76,100,2,2,1,15,Clear,High,25,80,76,18,394,95.16,1.461,40822,34.51,79.54,181,1,1
1/9/2024 0:00,D004,VH004,Tata,Nexon EV,40.5,465,1400,95,0,50.82,1.38,636.83,47,123,1,1,1,18,Clear,Medium,18,72,53,18,394,95.16,7.672,40872.8,34.57,79.51,181,1,1
1/9/2024 2:00,D004,VH004,Tata,Nexon EV,40.5,465,1400,95,0,37.91,0.77,383.5,70,119,2,4,2,14,Clear,Medium,21,74,59,20.4,394,95.16,5.835,40910.7,34.74,79.4,181,1,1
1/9/2024 4:00,D004,VH004,Tata,Nexon EV,40.5,465,1400,95,1,129.22,1.5,2397.52,90,127,2,0,3,4,Cloudy,Medium,17,83,38,19.5,395,95.16,18.139,41039.9,34.78,79.39,181,1,1
1/9/2024 6:00,D004,VH004,Tata,Nexon EV,40.5,465,1400,95,1,146.19,1.59,2050.03,93,133,2,3,2,1,Cloudy,Medium,14,66,15,25.6,395,95.15,20.521,41186.1,34.96,79.29,181,1,0
1/9/2024 8:00,D004,VH004,Tata,Nexon EV,40.5,465,1400,95,0,24.92,0.63,255.87,56,119,3,2,1,11,Cloudy,High,13,78,68,18,395,95.15,3.753,41211,35.04,79.24,181,1,1
1/9/2024 10:00,D004,VH004,Tata,Nexon EV,40.5,465,1400,95,0,51.08,0.97,888.53,74,93,0,2,2,17,Clear,Medium,18,60,41,18,395,95.15,7.56,41262.1,35.14,79.19,181,1,1
1/9/2024 12:00,D004,VH004,Tata,Nexon EV,40.5,465,1400,95,0,13.44,0.47,206.62,79,93,0,3,2,18,Clear,Low,15,48,43,18,395,95.15,1.989,41275.5,35.27,79.11,181,1,1
1/9/2024 14:00,D004,VH004,Tata,Nexon EV,40.5,465,1400,95,0,18.78,0.66,286.5,65,107,4,1,1,22,Clear,Low,18,57,49,18,395,95.15,3.002,41294.3,35.31,79.08,181,1,1
1/9/2024 16:00,D004,VH004,Tata,Nexon EV,40.5,465,1400,95,1,90.85,1,1609.89,94,125,3,2,3,2,Clear,Medium,14,81,47,18,395,95.15,13.54,41385.2,35.42,79.02,181,1,1
1/9/2024 18:00,D004,VH004,Tata,Nexon EV,40.5,465,1400,95,0,25.1,0.84,334.8,55,106,5,0,1,23,Clear,Low,18,69,58,18,395,95.15,4.086,41410.3,35.43,79.02,181,1,1
1/9/2024 20:00,D004,VH004,Tata,Nexon EV,40.5,465,1400,95,0,40.21,0.85,747.01,60,81,0,3,2,11,Clear,Medium,28,68,53,18,395,95.15,5.951,41450.5,35.57,78.94,181,1,1
1/9/2024 22:00,D004,VH004,Tata,Nexon EV,40.5,465,1400,95,0,33.29,0.63,569.3,65,86,0,1,1,7,Clear,Low,17,75,62,18,395,95.15,4.927,41483.8,35.62,78.91,182,1,1
1/10/2024 0:00,D004,VH004,Tata,Nexon EV,40.5,465,1400,95,1,176.6,2.49,2853.5,73,127,3,1,1,4,Clear,Low,16,70,10,23.7,396,95.15,24.0975,41660.4,35.72,78.86,182,1,1
1/10/2024 2:00,D004,VH004,Tata,Nexon EV,40.5,465,1400,95,0,53.32,1.21,968.53,52,98,1,2,2,11,Clear,Low,15,68,48,18,396,95.15,8.049,41713.7,35.82,78.81,182,1,1
1/10/2024 4:00,D004,VH004,Tata,Nexon EV,40.5,465,1400,95,1,175.44,2,2390.96,90,139,3,3,1,3,Fog,Medium,23,65,10,28.4,396,95.15,22.37625,41889.1,36,78.71,182,1,1
1/10/2024 6:00,D004,VH004,Tata,Nexon EV,40.5,465,1400,95,0,14.44,0.49,227.41,60,119,3,1,0,15,Rain,Medium,16,80,74,18,396,95.15,2.039,41903.6,36.05,78.68,182,1,1
1/10/2024 8:00,D004,VH004,Tata,Nexon EV,40.5,465,1400,95,0,26.79,0.66,492.96,79,93,0,5,2,19,Fog,Medium,17,76,67,18,396,95.15,3.449,41930.4,36.26,78.56,182,1,1
1/10/2024 10:00,D004,VH004,Tata,Nexon EV,40.5,465,1400,95,0,11.44,0.53,149.15,78,103,2,3,1,23,Cloudy,Medium,17,77,72,18,396,95.15,1.69,41941.8,36.38,78.48,182,1,1
1/10/2024 12:00,D004,VH004,Tata,Nexon EV,40.5,465,1400,95,0,51.36,1.17,898.73,55,102,2,2,2,14,Clear,High,15,76,56,18,396,95.15,7.905,41993.2,36.48,78.42,182,1,1
1/10/2024 14:00,D004,VH004,Tata,Nexon EV,40.5,465,1400,95,1,104.22,1.29,1487,84,129,3,3,0,3,Rain,Medium,26,79,44,21.1,396,95.15,13.979,42097.4,36.63,78.34,182,1,1
1/10/2024 16:00,D004,VH004,Tata,Nexon EV,40.5,465,1400,95,0,11.85,0.45,120.14,64,90,0,2,2,16,Cloudy,High,21,56,51,18,396,95.15,1.684,42109.2,36.72,78.28,182,1,1
1/10/2024 18:00,D004,VH004,Tata,Nexon EV,40.5,465,1400,95,0,20.22,0.54,231.35,57,105,2,2,1,11,Rain,High,13,66,59,18,396,95.15,2.801,42129.4,36.81,78.23,182,1,1
1/10/2024 20:00,D004,VH004,Tata,Nexon EV,40.5,465,1400,95,0,9.85,0.29,158.89,63,86,0,0,3,8,Fog,Medium,14,61,57,18,396,95.15,1.268,42139.3,36.81,78.23,182,1,1
1/10/2024 22:00,D004,VH004,Tata,Nexon EV,40.5,465,1400,95,1,95.78,1.73,1571.92,58,106,0,1,1,5,Rain,Medium,16,83,53,18.1,397,95.15,12.12,42235.1,36.88,78.19,183,1,1
1/11/2024 0:00,D004,VH004,Tata,Nexon EV,40.5,465,1400,95,1,163.7,1.72,3046.05,100,131,1,0,4,5,Clear,Medium,15,90,32,28.6,397,95.14,23.477,42398.8,36.94,78.17,183,1,1
1/11/2024 2:00,D004,VH004,Tata,Nexon EV,40.5,465,1400,95,0,32.88,0.87,518.15,68,91,1,2,3,23,Clear,High,21,64,51,18.3,397,95.14,4.964,42431.7,37.03,78.12,183,1,1
1/11/2024 4:00,D004,VH004,Tata,Nexon EV,40.5,465,1400,95,0,54.92,1.23,653.37,74,90,0,0,0,29,Rain,Medium,25,86,67,18,397,95.14,7.315,42486.6,37.05,78.11,183,1,1
1/11/2024 6:00,D004,VH004,Tata,Nexon EV,40.5,465,1400,95,1,153.99,2,1652.65,77,111,2,1,3,0,Rain,Medium,14,71,20,22.5,397,95.14,20.265,42640.6,37.14,78.07,183,1,1
1/11/2024 8:00,D004,VH004,Tata,Nexon EV,40.5,465,1400,95,0,55.04,1.43,1083.68,50,107,3,2,3,20,Rain,High,23,74,54,18,397,95.14,7.771,42695.6,37.24,78.01,183,1,0
1/11/2024 10:00,D004,VH004,Tata,Nexon EV,40.5,465,1400,95,1,164.7,1.68,1756.77,101,126,4,4,0,3,Clear,Medium,19,69,10,26.2,397,95.14,23.75325,42860.3,37.46,77.89,183,1,1
1/11/2024 12:00,D004,VH004,Tata,Nexon EV,40.5,465,1400,95,1,170.59,1.9,2670.89,94,123,2,2,1,5,Fog,Low,19,76,22,27.3,398,95.14,21.702,43030.9,37.6,77.82,183,1,1
1/11/2024 14:00,D004,VH004,Tata,Nexon EV,40.5,465,1400,95,0,60.04,0.97,882.39,82,98,1,2,3,14,Cloudy,Low,21,52,30,18,398,95.14,8.701,43090.9,37.7,77.77,183,1,1
1/11/2024 16:00,D004,VH004,Tata,Nexon EV,40.5,465,1400,95,0,32.72,0.74,363.34,63,98,0,0,1,13,Fog,Low,23,50,39,18,398,95.14,4.213,43123.7,37.71,77.76,183,1,1
1/11/2024 18:00,D004,VH004,Tata,Nexon EV,40.5,465,1400,95,1,92.05,0.98,1005.92,99,128,3,2,3,3,Clear,Medium,16,55,21,19.5,398,95.14,13.719,43215.7,37.83,77.7,183,1,0
1/11/2024 20:00,D004,VH004,Tata,Nexon EV,40.5,465,1400,95,0,16.67,0.36,270.83,72,94,0,1,6,8,Rain,Low,23,70,64,18,398,95.14,2.22,43232.4,37.87,77.67,183,1,1
1/11/2024 22:00,D004,VH004,Tata,Nexon EV,40.5,465,1400,95,0,16.08,0.55,317.45,74,100,0,2,4,20,Clear,High,23,79,73,18,398,95.14,2.38,43248.5,37.96,77.62,184,1,1
1/12/2024 0:00,D004,VH004,Tata,Nexon EV,40.5,465,1400,95,0,50.38,1.15,886.98,53,84,0,2,5,12,Fog,Low,18,53,36,18,398,95.14,6.487,43298.8,38.05,77.57,184,1,1
1/12/2024 2:00,D004,VH004,Tata,Nexon EV,40.5,465,1400,95,0,62.02,1.28,1021.53,55,90,0,1,1,9,Rain,High,17,89,68,18,398,95.14,8.261,43360.9,38.12,77.53,184,1,0
1/12/2024 4:00,D004,VH004,Tata,Nexon EV,40.5,465,1400,95,1,149.34,1.86,2863.16,84,142,2,1,1,5,Rain,Low,24,90,41,26.5,398,95.14,19.653,43510.2,38.21,77.49,184,1,0
1/12/2024 6:00,D004,VH004,Tata,Nexon EV,40.5,465,1400,95,1,77.97,0.91,1510.35,96,128,2,2,1,6,Rain,Low,29,52,26,18,399,95.13,10.261,43588.2,38.32,77.43,184,1,1
1/12/2024 8:00,D004,VH004,Tata,Nexon EV,40.5,465,1400,95,0,62.31,1.41,694.07,56,123,0,1,2,18,Clear,Medium,15,53,30,18,399,95.13,9.222,43650.5,38.38,77.4,184,1,1
1/12/2024 10:00,D004,VH004,Tata,Nexon EV,40.5,465,1400,95,0,62.68,1.25,837.51,59,125,4,0,1,11,Rain,Low,18,53,30,18,399,95.13,9.017,43713.2,38.4,77.39,184,1,1
1/12/2024 12:00,D004,VH004,Tata,Nexon EV,40.5,465,1400,95,0,63.98,1.39,943.07,57,112,1,3,4,16,Fog,Medium,16,70,49,18,399,95.13,8.403,43777.1,38.54,77.31,184,1,0
1/12/2024 14:00,D004,VH004,Tata,Nexon EV,40.5,465,1400,95,1,128.48,1.66,2504.6,80,130,0,3,3,3,Clear,Medium,16,83,38,19.3,399,95.13,18.064,43905.6,38.71,77.22,184,1,1
1/12/2024 16:00,D004,VH004,Tata,Nexon EV,40.5,465,1400,95,0,38.18,0.74,593.16,60,65,1,5,4,6,Cloudy,Medium,22,67,53,18,399,95.13,5.533,43943.8,38.92,77.09,184,1,1
1/12/2024 18:00,D004,VH004,Tata,Nexon EV,40.5,465,1400,95,0,50.04,0.69,908.85,73,90,0,2,1,0,Clear,Low,22,76,57,18,399,95.13,7.406,43993.8,39.02,77.03,184,1,1
1/12/2024 20:00,D004,VH004,Tata,Nexon EV,40.5,465,1400,95,1,101.44,1.26,2010.46,86,115,1,1,1,5,Fog,Medium,12,84,52,18,399,95.13,12.657,44095.3,39.09,77,184,1,1
1/12/2024 22:00,D004,VH004,Tata,Nexon EV,40.5,465,1400,95,0,60.89,1.43,1179.68,49,105,0,3,0,11,Cloudy,High,22,67,45,19.3,399,95.13,8.651,44156.2,39.23,76.91,185,1,1
1/13/2024 0:00,D004,VH004,Tata,Nexon EV,40.5,465,1400,95,1,169.85,2.11,3304.08,83,128,1,3,3,4,Rain,Low,20,61,10,23.7,400,95.13,20.99925,44326,39.41,76.82,185,1,1
1/13/2024 2:00,D004,VH004,Tata,Nexon EV,40.5,465,1400,95,0,63.73,1.5,1075.2,49,107,3,0,5,12,Rain,Low,22,84,61,18,400,95.13,8.998,44389.7,39.44,76.81,185,1,1
1/13/2024 4:00,D004,VH004,Tata,Nexon EV,40.5,465,1400,95,0,21.07,0.74,367.09,68,97,0,0,2,26,Clear,Low,16,69,61,18,400,95.13,3.118,44410.8,39.44,76.81,185,1,1
1/13/2024 6:00,D004,VH004,Tata,Nexon EV,40.5,465,1400,95,0,49.37,0.98,874.76,61,116,1,1,0,10,Fog,Low,20,66,49,18,400,95.13,6.484,44460.2,39.5,76.78,185,1,1
1/13/2024 8:00,D004,VH004,Tata,Nexon EV,40.5,465,1400,95,0,47.68,0.9,866.42,73,112,2,3,2,15,Clear,Medium,13,73,54,18,400,95.13,7.339,44507.9,39.64,76.7,185,1,1
1/13/2024 10:00,D004,VH004,Tata,Nexon EV,40.5,465,1400,95,0,27.43,0.85,351.68,72,103,2,2,2,28,Fog,High,18,51,41,18,400,95.13,3.673,44535.3,39.73,76.64,185,1,1
1/13/2024 12:00,D004,VH004,Tata,Nexon EV,40.5,465,1400,95,0,46.09,0.89,615.09,78,114,1,1,2,18,Rain,High,18,61,45,18,400,95.13,6.262,44581.4,39.78,76.61,185,1,1
1/13/2024 14:00,D004,VH004,Tata,Nexon EV,40.5,465,1400,95,0,35.41,1.02,394.94,46,103,2,0,0,15,Rain,Medium,24,72,59,18,400,95.13,4.905,44616.8,39.8,76.61,185,1,1
1/13/2024 16:00,D004,VH004,Tata,Nexon EV,40.5,465,1400,95,1,73.48,1.05,852.72,76,134,2,1,0,5,Clear,Medium,17,58,31,18,400,95.13,10.745,44690.3,39.86,76.57,185,1,1
1/13/2024 18:00,D004,VH004,Tata,Nexon EV,40.5,465,1400,95,1,68.93,0.97,773.35,79,112,1,4,2,6,Rain,Medium,21,82,60,18,400,95.13,8.897,44759.2,40.05,76.47,185,1,0
1/13/2024 20:00,D004,VH004,Tata,Nexon EV,40.5,465,1400,95,0,59.94,1.16,730.77,66,94,1,1,0,15,Fog,Medium,18,74,54,18,400,95.12,7.872,44819.1,40.11,76.43,185,1,1
1/13/2024 22:00,D004,VH004,Tata,Nexon EV,40.5,465,1400,95,0,62.75,1.45,627.58,60,95,1,1,2,24,Clear,Medium,28,81,57,22.3,401,95.12,9.473,44881.9,40.17,76.4,186,1,1
1/14/2024 0:00,D004,VH004,Tata,Nexon EV,40.5,465,1400,95,0,48.22,1.26,542.8,46,109,3,1,3,13,Cloudy,Medium,20,64,46,18,401,95.12,7.262,44930.1,40.23,76.37,186,1,1
1/14/2024 2:00,D004,VH004,Tata,Nexon EV,40.5,465,1400,95,1,149.74,1.77,2590.57,87,141,2,3,2,3,Clear,Low,12,72,17,22,401,95.12,21.896,45079.9,40.4,76.28,186,1,1
1/14/2024 4:00,D004,VH004,Tata,Nexon EV,40.5,465,1400,95,0,55.88,1.38,866.06,58,94,2,3,2,25,Fog,Medium,25,80,61,18,401,95.12,7.483,45135.7,40.54,76.2,186,1,1
1/14/2024 6:00,D004,VH004,Tata,Nexon EV,40.5,465,1400,95,1,74.22,0.82,748.16,96,111,1,0,2,3,Clear,Medium,15,81,54,18,401,95.12,10.644,45210,40.56,76.19,186,1,1
1/14/2024 8:00,D004,VH004,Tata,Nexon EV,40.5,465,1400,95,0,14.16,0.52,181.22,59,107,3,1,1,17,Cloudy,Medium,24,84,78,18,401,95.12,2.133,45224.1,40.61,76.16,186,1,1
1/14/2024 10:00,D004,VH004,Tata,Nexon EV,40.5,465,1400,95,0,49.34,1.01,716.92,66,95,2,2,1,16,Rain,Medium,11,77,60,18,401,95.12,6.835,45273.5,40.71,76.1,186,1,1
1/14/2024 12:00,D004,VH004,Tata,Nexon EV,40.5,465,1400,95,0,11.17,0.44,184.14,50,89,0,1,1,13,Rain,Medium,29,77,73,18,401,95.12,1.488,45284.6,40.75,76.08,186,1,1
1/14/2024 14:00,D004,VH004,Tata,Nexon EV,40.5,465,1400,95,0,49.16,1.02,919.19,67,112,1,0,5,17,Rain,Medium,12,46,29,18,401,95.12,6.679,45333.8,40.77,76.07,186,1,1
1/14/2024 16:00,D004,VH004,Tata,Nexon EV,40.5,465,1400,95,0,20.19,0.56,298.8,72,107,3,2,1,17,Fog,Medium,18,55,48,18,401,95.12,2.756,45354,40.85,76.02,186,1,1
1/14/2024 18:00,D004,VH004,Tata,Nexon EV,40.5,465,1400,95,1,171.08,2.07,2812.08,86,131,0,2,0,5,Rain,Low,23,86,32,26.1,402,95.12,21.648,45525.1,40.99,75.95,186,1,0
1/14/2024 20:00,D004,VH004,Tata,Nexon EV,40.5,465,1400,95,1,178.92,2.16,2851.2,86,105,2,0,0,5,Cloudy,Medium,18,60,10,24.6,402,95.12,20.655,45704,41.06,75.93,186,1,1
1/14/2024 22:00,D004,VH004,Tata,Nexon EV,40.5,465,1400,95,0,42.11,0.88,830.31,71,93,0,1,0,17,Clear,Medium,19,50,34,18,402,95.12,6.232,45746.1,41.11,75.9,187,1,1
1/15/2024 0:00,D004,VH004,Tata,Nexon EV,40.5,465,1400,95,0,56.53,1.63,889.65,44,107,3,1,2,21,Clear,Medium,19,42,20,18,402,95.12,8.868,45802.6,41.17,75.87,187,1,1
1/15/2024 2:00,D004,VH004,Tata,Nexon EV,40.5,465,1400,95,0,18.68,0.44,270.67,65,130,0,1,1,9,Rain,High,21,86,79,18,402,95.12,2.488,45821.3,41.22,75.84,187,1,1
1/15/2024 4:00,D004,VH004,Tata,Nexon EV,40.5,465,1400,95,1,121.25,1.67,2151.53,75,127,1,2,3,3,Clear,Low,17,59,16,21.1,402,95.12,17.389,45942.5,41.34,75.77,187,1,0
1/15/2024 6:00,D004,VH004,Tata,Nexon EV,40.5,465,1400,95,0,58.18,1.3,689.69,61,93,0,2,0,21,Rain,Medium,25,70,50,18.4,402,95.12,7.75,46000.7,41.44,75.72,187,1,1
1/15/2024 8:00,D004,VH004,Tata,Nexon EV,40.5,465,1400,95,0,32,0.85,387.84,60,101,2,1,4,19,Clear,Medium,23,65,52,18,402,95.11,4.925,46032.7,41.49,75.69,187,1,1
1/15/2024 10:00,D004,VH004,Tata,Nexon EV,40.5,465,1400,95,0,19.18,0.53,314.09,68,92,0,4,1,15,Rain,Low,22,50,43,18,402,95.11,2.555,46051.9,41.66,75.59,187,1,1
1/15/2024 12:00,D004,VH004,Tata,Nexon EV,40.5,465,1400,95,0,33.19,0.65,364.83,73,84,0,5,5,12,Clear,Medium,14,79,66,18,402,95.11,4.912,46085.1,41.87,75.46,187,1,1
1/15/2024 14:00,D004,VH004,Tata,Nexon EV,40.5,465,1400,95,1,162.43,1.85,2942.25,91,137,2,2,1,4,Clear,Medium,20,65,10,26.9,403,95.11,22.37625,46247.5,42.01,75.39,187,1,1
1/15/2024 16:00,D004,VH004,Tata,Nexon EV,40.5,465,1400,95,1,113.35,1.1,1140.2,108,127,3,2,1,3,Clear,Medium,12,70,28,19,403,95.11,16.893,46360.9,42.13,75.32,187,1,1
1/15/2024 18:00,D004,VH004,Tata,Nexon EV,40.5,465,1400,95,1,148.69,1.58,1746.42,94,129,3,1,1,0,Fog,Medium,15,70,22,21.4,403,95.11,19.279,46509.6,42.22,75.28,187,1,1
1/15/2024 20:00,D004,VH004,Tata,Nexon EV,40.5,465,1400,95,0,29.74,0.61,410.21,65,87,0,2,1,9,Clear,High,21,70,59,18,403,95.11,4.402,46539.3,42.31,75.23,187,1,1
1/15/2024 22:00,D004,VH004,Tata,Nexon EV,40.5,465,1400,95,1,56.74,0.73,723.77,84,129,2,0,1,3,Fog,Medium,17,65,47,18,403,95.11,7.218,46596,42.33,75.22,188,1,1
1/16/2024 0:00,D004,VH004,Tata,Nexon EV,40.5,465,1400,95,1,179.13,2.42,3077.66,75,137,3,0,1,2,Fog,Medium,14,49,10,18.2,403,95.11,16.86825,46775.2,42.39,75.2,188,1,1
1/16/2024 2:00,D004,VH004,Tata,Nexon EV,40.5,465,1400,95,1,51.26,0.59,857.95,92,125,2,6,1,2,Clear,Medium,24,80,61,18,403,95.11,7.495,46826.4,42.65,75.04,188,1,1
1/16/2024 4:00,D004,VH004,Tata,Nexon EV,40.5,465,1400,95,1,84.36,0.99,1028.52,91,147,1,2,0,4,Cloudy,Medium,13,66,37,18,404,95.11,11.614,46910.8,42.76,74.98,188,1,1
1/16/2024 6:00,D004,VH004,Tata,Nexon EV,40.5,465,1400,95,0,52.19,1.38,582.91,53,109,3,2,1,24,Rain,High,16,89,70,18,404,95.11,7.369,46963,42.86,74.93,188,1,1
1/16/2024 8:00,D004,VH004,Tata,Nexon EV,40.5,465,1400,95,0,54.01,1.13,1042.47,68,104,2,3,1,20,Cloudy,Medium,20,74,54,18,404,95.11,7.981,47017,43,74.85,188,1,1
1/16/2024 10:00,D004,VH004,Tata,Nexon EV,40.5,465,1400,95,0,56.28,1.29,840.54,55,126,7,2,3,16,Rain,Low,19,78,56,18,404,95.11,8.546,47073.3,43.1,74.79,188,1,1
1/16/2024 12:00,D004,VH004,Tata,Nexon EV,40.5,465,1400,95,0,46.84,1.03,799.29,78,95,0,1,1,26,Clear,Medium,25,68,50,18,404,95.11,6.932,47120.1,43.15,74.76,188,1,1
1/16/2024 14:00,D004,VH004,Tata,Nexon EV,40.5,465,1400,95,0,53.64,1.16,852.46,55,119,3,1,7,11,Clear,Low,23,58,37,18,404,95.11,8.415,47173.8,43.21,74.73,188,1,0
1/16/2024 16:00,D004,VH004,Tata,Nexon EV,40.5,465,1400,95,0,39.2,0.73,706.38,61,98,0,1,4,5,Clear,Medium,23,72,57,20.3,404,95.11,5.802,47213,43.26,74.7,188,1,1
1/16/2024 18:00,D004,VH004,Tata,Nexon EV,40.5,465,1400,95,0,15,0.49,280.95,68,108,3,1,4,16,Cloudy,Medium,20,57,51,18,404,95.11,2.259,47228,43.31,74.67,188,1,1
1/16/2024 20:00,D004,VH004,Tata,Nexon EV,40.5,465,1400,95,0,12.18,0.33,143.11,67,98,0,3,0,9,Rain,High,16,50,45,18,404,95.11,1.622,47240.1,43.43,74.59,188,1,1
1/16/2024 22:00,D004,VH004,Tata,Nexon EV,40.5,465,1400,95,0,50.47,0.81,638.17,79,103,1,2,0,10,Rain,Medium,20,60,43,18,404,95.1,6.857,47290.6,43.53,74.54,189,1,1
1/17/2024 0:00,D004,VH004,Tata,Nexon EV,40.5,465,1400,95,0,23.74,0.56,354.65,77,109,3,0,5,15,Fog,Medium,17,80,72,18,404,95.1,3.24,47314.3,43.54,74.53,189,1,0
1/17/2024 2:00,D004,VH004,Tata,Nexon EV,40.5,465,1400,95,0,32.11,0.72,329.95,56,91,0,0,1,9,Clear,Low,26,72,60,18,404,95.1,4.752,47346.5,43.55,74.53,189,1,1
1/17/2024 4:00,D004,VH004,Tata,Nexon EV,40.5,465,1400,95,1,165.75,2.17,2446.17,78,127,1,0,2,3,Cloudy,Medium,12,47,10,18,404,95.1,16.17975,47512.2,43.61,74.51,189,1,1
1/17/2024 6:00,D004,VH004,Tata,Nexon EV,40.5,465,1400,95,0,34.98,0.71,696.68,67,109,0,4,2,11,Clear,Low,22,57,44,18,404,95.1,5.177,47547.2,43.78,74.41,189,1,1
1/17/2024 8:00,D004,VH004,Tata,Nexon EV,40.5,465,1400,95,0,59.43,1.91,1049.64,37,84,0,2,1,18,Clear,Low,18,61,39,18,405,95.1,8.796,47606.6,43.88,74.35,189,1,1
1/17/2024 10:00,D004,VH004,Tata,Nexon EV,40.5,465,1400,95,0,11.23,0.44,131.56,59,81,0,2,1,15,Rain,Medium,19,62,58,18,405,95.1,1.496,47617.8,43.97,74.3,189,1,1
1/17/2024 12:00,D004,VH004,Tata,Nexon EV,40.5,465,1400,95,0,44.22,1.09,735.78,54,106,1,2,2,16,Clear,Low,15,44,27,18,405,95.1,6.675,47662.1,44.06,74.24,189,1,1
1/17/2024 14:00,D004,VH004,Tata,Nexon EV,40.5,465,1400,95,1,120.67,1.49,2272.71,83,131,2,3,1,2,Cloudy,Low,21,72,30,25.5,405,95.1,16.939,47782.7,44.22,74.15,189,1,1
1/17/2024 16:00,D004,VH004,Tata,Nexon EV,40.5,465,1400,95,1,135.39,1.36,2041.72,105,116,4,4,2,4,Clear,Medium,25,73,22,24.4,405,95.1,20.559,47918.1,44.43,74.04,189,1,1
1/17/2024 18:00,D004,VH004,Tata,Nexon EV,40.5,465,1400,95,0,10.67,0.36,132.25,51,107,1,2,2,9,Fog,Low,23,71,67,18,405,95.1,1.401,47928.8,44.51,73.99,189,1,1
1/17/2024 20:00,D004,VH004,Tata,Nexon EV,40.5,465,1400,95,0,61.46,1.09,822.03,70,102,0,2,2,13,Cloudy,High,21,72,50,18,405,95.1,8.732,47990.3,44.62,73.93,189,1,1
1/17/2024 22:00,D004,VH004,Tata,Nexon EV,40.5,465,1400,95,0,36.09,0.89,606.93,55,120,0,3,1,14,Clear,Medium,24,65,51,18,405,95.1,5.341,48026.3,44.75,73.85,190,1,1
1/18/2024 0:00,D004,VH004,Tata,Nexon EV,40.5,465,1400,95,0,44.55,1.07,802.89,53,83,0,0,0,14,Clear,Medium,18,64,47,18,405,95.1,6.593,48070.9,44.76,73.84,190,1,1
1/18/2024 2:00,D004,VH004,Tata,Nexon EV,40.5,465,1400,95,1,165.3,1.67,2033.93,101,134,2,2,2,2,Clear,Medium,19,70,10,27.4,406,95.1,24.0975,48236.2,44.9,73.77,190,1,1
1/18/2024 4:00,D004,VH004,Tata,Nexon EV,40.5,465,1400,95,1,128.05,1.54,2311.02,86,112,1,1,2,3,Fog,Medium,17,85,45,18,406,95.1,15.977,48364.2,44.99,73.73,190,1,1
1/18/2024 6:00,D004,VH004,Tata,Nexon EV,40.5,465,1400,95,0,15.61,0.34,289.67,65,84,0,2,0,6,Clear,Medium,16,49,43,18,406,95.1,2.31,48379.9,45.07,73.68,190,1,1
1/18/2024 8:00,D004,VH004,Tata,Nexon EV,40.5,465,1400,95,0,58.9,1.18,604.19,58,114,2,6,3,10,Cloudy,Low,19,58,36,18,406,95.1,8.703,48438.8,45.33,73.52,190,1,1
1/18/2024 10:00,D004,VH004,Tata,Nexon EV,40.5,465,1400,95,0,50.31,0.88,604.79,67,106,4,2,2,8,Rain,High,24,88,70,18,406,95.09,7.237,48489.1,45.43,73.47,190,1,1
1/18/2024 12:00,D004,VH004,Tata,Nexon EV,40.5,465,1400,95,0,52.81,1.22,677.09,52,108,2,1,5,12,Rain,Medium,21,72,53,18,406,95.09,7.316,48541.9,45.49,73.44,190,1,1
1/18/2024 14:00,D004,VH004,Tata,Nexon EV,40.5,465,1400,95,1,77.06,0.94,1010.8,85,129,6,1,0,2,Cloudy,Medium,21,62,33,19.8,406,95.09,11.649,48618.9,45.56,73.4,190,1,1
1/18/2024 16:00,D004,VH004,Tata,Nexon EV,40.5,465,1400,95,0,46.21,1.04,879.14,49,100,0,3,0,6,Fog,High,18,73,58,18,406,95.09,5.95,48665.1,45.69,73.32,190,1,1
1/18/2024 18:00,D004,VH004,Tata,Nexon EV,40.5,465,1400,95,0,63.28,1.24,1012.16,63,96,0,2,4,14,Clear,Low,17,68,44,18,406,95.09,9.365,48728.4,45.79,73.26,190,1,1
1/18/2024 20:00,D004,VH004,Tata,Nexon EV,40.5,465,1400,95,0,42.84,0.85,670.12,68,113,3,2,1,13,Clear,Medium,18,68,51,18,406,95.09,6.721,48771.3,45.89,73.21,190,1,1
1/18/2024 22:00,D004,VH004,Tata,Nexon EV,40.5,465,1400,95,0,14.3,0.47,251.86,65,100,1,1,1,15,Rain,High,24,59,54,18,406,95.09,1.943,48785.6,45.93,73.18,191,1,1
1/19/2024 0:00,D004,VH004,Tata,Nexon EV,40.5,465,1400,95,0,27.24,0.84,515.23,72,105,0,0,0,28,Cloudy,Medium,13,77,67,18,407,95.09,3.87,48812.8,45.94,73.18,191,1,1
1/19/2024 2:00,D004,VH004,Tata,Nexon EV,40.5,465,1400,95,0,41.08,0.83,807.47,62,106,5,4,0,10,Clear,Medium,16,70,53,18,407,95.09,6.688,48853.9,46.12,73.07,191,1,1
1/19/2024 4:00,D004,VH004,Tata,Nexon EV,40.5,465,1400,95,0,42.17,0.7,718.16,84,99,1,3,1,12,Fog,High,15,74,60,18,407,95.09,5.538,48896.1,46.25,72.99,191,1,1
1/19/2024 6:00,D004,VH004,Tata,Nexon EV,40.5,465,1400,95,0,13.81,0.42,195.67,45,107,1,0,0,7,Fog,Low,27,61,56,18,407,95.09,1.814,48909.9,46.26,72.99,191,1,0
1/19/2024 8:00,D004,VH004,Tata,Nexon EV,40.5,465,1400,95,0,50.96,1.09,792.68,56,99,0,3,3,11,Clear,High,16,54,35,18,407,95.09,7.542,48960.8,46.4,72.91,191,1,1
1/19/2024 10:00,D004,VH004,Tata,Nexon EV,40.5,465,1400,95,0,60.91,1.23,752.59,61,98,2,1,2,14,Clear,Medium,27,60,36,22.4,407,95.09,9.375,49021.7,46.46,72.88,191,1,1
1/19/2024 12:00,D004,VH004,Tata,Nexon EV,40.5,465,1400,95,0,18.76,0.6,217.91,57,98,0,2,3,16,Rain,Medium,16,89,82,18,407,95.09,2.499,49040.5,46.54,72.83,191,1,1
1/19/2024 14:00,D004,VH004,Tata,Nexon EV,40.5,465,1400,95,1,65.75,0.87,1213.9,80,128,0,1,0,3,Clear,Medium,19,58,35,18,407,95.09,9.244,49106.2,46.61,72.79,191,1,1
1/19/2024 16:00,D004,VH004,Tata,Nexon EV,40.5,465,1400,95,1,83.46,1.13,1073.15,76,108,2,1,2,2,Fog,Medium,25,59,32,18,407,95.09,10.617,49189.7,46.68,72.76,191,1,1
1/19/2024 18:00,D004,VH004,Tata,Nexon EV,40.5,465,1400,95,1,142.8,1.94,1910.36,77,112,1,2,2,5,Clear,Low,11,58,10,19,407,95.09,19.9665,49332.5,46.81,72.69,191,1,1
1/19/2024 20:00,D004,VH004,Tata,Nexon EV,40.5,465,1400,95,0,61.02,1.03,1038.71,68,98,2,1,1,8,Cloudy,Low,25,74,51,20.2,407,95.09,9.017,49393.5,46.87,72.66,191,1,1
1/19/2024 22:00,D004,VH004,Tata,Nexon EV,40.5,465,1400,95,0,32.4,0.65,443.9,82,105,1,1,3,15,Fog,Low,17,62,51,18,407,95.09,4.255,49425.9,46.92,72.63,192,1,1
1/20/2024 0:00,D004,VH004,Tata,Nexon EV,40.5,465,1400,95,1,55.1,0.64,602.39,93,148,3,1,3,3,Clear,Medium,18,64,43,18,408,95.09,8.212,49481,46.98,72.6,192,1,1
1/20/2024 2:00,D004,VH004,Tata,Nexon EV,40.5,465,1400,95,1,118.8,1.55,1570.11,82,125,3,3,2,6,Rain,Medium,21,90,50,22.4,408,95.09,15.935,49599.8,47.14,72.51,192,1,1
1/20/2024 4:00,D004,VH004,Tata,Nexon EV,40.5,465,1400,95,1,113.59,1.44,1932.76,81,134,3,3,3,2,Cloudy,Medium,16,85,44,20,408,95.08,16.252,49713.4,47.3,72.42,192,1,1
1/20/2024 6:00,D004,VH004,Tata,Nexon EV,40.5,465,1400,95,0,56.38,1.36,1007.02,51,90,1,2,1,15,Rain,High,23,73,54,18,408,95.08,7.66,49769.8,47.4,72.36,192,1,1
1/20/2024 8:00,D004,VH004,Tata,Nexon EV,40.5,465,1400,95,0,42.79,0.88,566.89,57,85,0,7,1,8,Clear,High,15,64,48,18,408,95.08,6.333,49812.6,47.69,72.18,192,1,1
1/20/2024 10:00,D004,VH004,Tata,Nexon EV,40.5,465,1400,95,0,51.18,1.04,719.24,60,126,1,0,2,11,Clear,Medium,20,68,48,18,408,95.08,7.726,49863.8,47.71,72.18,192,1,1
1/20/2024 12:00,D004,VH004,Tata,Nexon EV,40.5,465,1400,95,1,141.75,1.59,2670.55,90,109,2,2,2,1,Fog,Medium,29,77,32,26.9,408,95.08,18.033,50005.5,47.84,72.11,192,1,1
1/20/2024 14:00,D004,VH004,Tata,Nexon EV,40.5,465,1400,95,0,31.46,0.69,560.48,60,123,0,2,1,10,Clear,High,25,57,45,18,408,95.08,4.656,50037,47.93,72.06,192,1,0
1/20/2024 16:00,D004,VH004,Tata,Nexon EV,40.5,465,1400,95,0,56.17,1.08,815.01,64,98,0,3,2,12,Clear,High,24,65,44,18,409,95.08,8.313,50093.1,48.07,71.98,192,1,1
1/20/2024 18:00,D004,VH004,Tata,Nexon EV,40.5,465,1400,95,1,89.86,1.04,1057.12,94,129,0,1,1,5,Clear,Medium,9,71,39,18,409,95.08,12.634,50183,48.14,71.94,192,1,1
1/20/2024 20:00,D004,VH004,Tata,Nexon EV,40.5,465,1400,95,1,85.87,0.99,1357.68,95,136,4,2,0,5,Clear,Low,26,49,16,21.4,409,95.08,13.039,50268.9,48.25,71.88,192,1,1
1/20/2024 22:00,D004,VH004,Tata,Nexon EV,40.5,465,1400,95,0,17.49,0.49,201.26,61,99,0,4,1,12,Fog,High,18,44,38,18,409,95.08,2.252,50286.4,48.42,71.78,193,1,1
1/21/2024 0:00,D004,VH004,Tata,Nexon EV,40.5,465,1400,95,1,136.46,1.5,1986.85,94,131,1,1,1,3,Clear,Medium,17,75,26,22.5,409,95.08,19.57,50422.8,48.51,71.74,193,1,1
1/21/2024 2:00,D004,VH004,Tata,Nexon EV,40.5,465,1400,95,0,37.59,0.87,401.66,61,115,0,2,3,15,Fog,High,23,73,61,18,409,95.08,4.84,50460.4,48.6,71.68,193,1,1
1/21/2024 4:00,D004,VH004,Tata,Nexon EV,40.5,465,1400,95,0,40.7,1.13,523.4,57,108,2,3,1,25,Clear,Medium,17,72,56,18,409,95.08,6.265,50501.1,48.74,71.6,193,1,1
1/21/2024 6:00,D004,VH004,Tata,Nexon EV,40.5,465,1400,95,1,148,1.58,2657.55,98,118,1,2,2,4,Rain,Medium,20,66,18,23.7,409,95.08,19.102,50649.1,48.87,71.53,193,1,1
1/21/2024 8:00,D004,VH004,Tata,Nexon EV,40.5,465,1400,95,0,23.04,0.6,234.36,65,118,2,0,2,15,Clear,Medium,19,72,63,18,409,95.08,3.546,50672.2,48.88,71.53,193,1,1
1/21/2024 10:00,D004,VH004,Tata,Nexon EV,40.5,465,1400,95,1,77.29,1.01,1311.17,82,119,2,4,0,4,Cloudy,Medium,17,55,28,18,410,95.08,10.85,50749.4,49.06,71.42,193,1,1
1/21/2024 12:00,D004,VH004,Tata,Nexon EV,40.5,465,1400,95,0,39.77,0.9,416.41,66,131,2,2,5,18,Cloudy,Low,14,61,46,18,410,95.08,5.877,50789.2,49.16,71.37,193,1,1
1/21/2024 14:00,D004,VH004,Tata,Nexon EV,40.5,465,1400,95,0,18.74,0.53,300.77,64,92,0,0,1,14,Clear,High,18,76,69,18,410,95.08,2.774,50808,49.16,71.37,193,1,1
1/21/2024 16:00,D004,VH004,Tata,Nexon EV,40.5,465,1400,95,1,98.18,1.36,1898.29,76,114,0,1,0,4,Cloudy,Medium,21,80,47,19,410,95.07,13.252,50906.1,49.24,71.33,193,1,1
1/21/2024 18:00,D004,VH004,Tata,Nexon EV,40.5,465,1400,95,1,86.56,1.05,1668.48,88,129,0,0,2,4,Clear,Medium,22,74,43,18.8,410,95.07,12.17,50992.7,49.27,71.32,193,1,1
1/21/2024 20:00,D004,VH004,Tata,Nexon EV,40.5,465,1400,95,0,51.12,1.18,850.21,57,104,4,2,4,17,Clear,Medium,21,54,33,18,410,95.07,8.171,51043.8,49.37,71.26,193,1,1
1/21/2024 22:00,D004,VH004,Tata,Nexon EV,40.5,465,1400,95,0,21.42,0.69,221.9,53,104,3,4,2,17,Clear,Medium,20,70,61,18,410,95.07,3.36,51065.2,49.53,71.16,194,1,1
1/22/2024 0:00,D004,VH004,Tata,Nexon EV,40.5,465,1400,95,0,11.39,0.58,191.04,64,120,1,2,1,24,Rain,Medium,17,82,78,18,410,95.07,1.547,51076.6,49.62,71.11,194,1,1
1/22/2024 2:00,D004,VH004,Tata,Nexon EV,40.5,465,1400,95,1,75.91,0.95,1467.41,86,104,1,1,3,4,Clear,Low,15,59,32,18,410,95.07,10.886,51152.5,49.68,71.07,194,1,1
1/22/2024 4:00,D004,VH004,Tata,Nexon EV,40.5,465,1400,95,1,83.39,0.9,1120.54,100,114,1,3,0,4,Clear,Medium,15,76,46,19,410,95.07,11.959,51235.9,49.83,70.99,194,1,1
1/22/2024 6:00,D004,VH004,Tata,Nexon EV,40.5,465,1400,95,0,51.97,1.1,731.09,66,102,2,2,1,19,Fog,Low,20,58,40,18,410,95.07,6.959,51287.9,49.93,70.93,194,1,1
1/22/2024 8:00,D004,VH004,Tata,Nexon EV,40.5,465,1400,95,0,32.15,1.05,505.88,48,118,0,4,1,23,Clear,High,26,69,57,18,410,95.07,4.758,51320,50.1,70.83,194,1,1
1/22/2024 10:00,D004,VH004,Tata,Nexon EV,40.5,465,1400,95,1,114.94,1.4,1772.75,87,127,2,1,2,5,Rain,Medium,21,68,30,21.5,411,95.07,15.126,51435,50.18,70.79,194,1,1
1/22/2024 12:00,D004,VH004,Tata,Nexon EV,40.5,465,1400,95,0,10.6,0.3,174.87,73,115,1,1,2,9,Clear,Low,14,67,63,18,411,95.07,1.6,51445.6,50.23,70.76,194,1,1
1/22/2024 14:00,D004,VH004,Tata,Nexon EV,40.5,465,1400,95,0,37.51,0.76,422.88,63,114,1,3,1,10,Clear,Medium,20,54,40,18,411,95.07,5.663,51483.1,50.36,70.68,194,1,1
1/22/2024 16:00,D004,VH004,Tata,Nexon EV,40.5,465,1400,95,0,16.46,0.48,216.66,67,84,1,2,1,14,Cloudy,Low,16,80,74,18,411,95.07,2.385,51499.6,50.44,70.63,194,1,1
1/22/2024 18:00,D004,VH004,Tata,Nexon EV,40.5,465,1400,95,0,9.85,0.53,192.33,75,86,0,1,3,24,Cloudy,Medium,23,56,52,18,411,95.07,1.399,51509.4,50.49,70.61,194,1,1
1/22/2024 20:00,D004,VH004,Tata,Nexon EV,40.5,465,1400,95,1,53.93,0.68,693.32,84,141,2,0,4,2,Rain,Medium,19,83,65,18,411,95.07,7.097,51563.3,50.51,70.6,194,1,0
1/22/2024 22:00,D004,VH004,Tata,Nexon EV,40.5,465,1400,95,0,56.97,1.12,1103.2,67,109,1,3,2,16,Clear,Medium,21,82,60,18,411,95.07,8.6,51620.3,50.65,70.52,195,1,1
1/23/2024 0:00,D004,VH004,Tata,Nexon EV,40.5,465,1400,95,0,54.02,1.28,698.49,54,86,0,3,1,17,Fog,Low,16,77,59,18,411,95.07,6.956,51674.3,50.79,70.44,195,1,1
1/23/2024 2:00,D004,VH004,Tata,Nexon EV,40.5,465,1400,95,0,64.22,1.35,1190.08,61,104,0,6,2,18,Rain,High,17,70,48,18,411,95.07,8.554,51738.5,51.05,70.28,195,1,1
1/23/2024 4:00,D004,VH004,Tata,Nexon EV,40.5,465,1400,95,1,96.43,1.19,1801.01,86,133,0,1,2,4,Cloudy,Medium,25,73,40,23,411,95.07,13.016,51835,51.12,70.24,195,1,1
1/23/2024 6:00,D004,VH004,Tata,Nexon EV,40.5,465,1400,95,1,58.14,0.9,632.72,70,129,0,3,1,4,Rain,Medium,22,57,38,18.7,411,95.07,7.357,51893.1,51.26,70.16,195,1,1
1/23/2024 8:00,D004,VH004,Tata,Nexon EV,40.5,465,1400,95,0,22.87,0.65,392.14,60,93,0,2,2,16,Clear,Medium,19,77,68,18,411,95.07,3.385,51916,51.35,70.11,195,1,1
1/23/2024 10:00,D004,VH004,Tata,Nexon EV,40.5,465,1400,95,1,52.51,0.7,1010.37,83,125,3,1,3,4,Rain,Low,19,63,45,18,411,95.07,7.043,51968.5,51.41,70.08,195,1,1
1/23/2024 12:00,D004,VH004,Tata,Nexon EV,40.5,465,1400,95,0,48.54,1.24,799.76,60,86,0,2,1,26,Rain,Low,17,85,69,18,411,95.07,6.466,52017,51.51,70.02,195,1,1
1/23/2024 14:00,D004,VH004,Tata,Nexon EV,40.5,465,1400,95,0,60.23,1.39,1153.03,59,108,1,3,0,22,Clear,Medium,16,52,29,18,412,95.06,9.092,52077.3,51.65,69.94,195,1,0
1/23/2024 16:00,D004,VH004,Tata,Nexon EV,40.5,465,1400,95,0,52.28,1.07,807.02,61,102,3,2,3,13,Rain,Medium,21,78,59,18,412,95.06,7.382,52129.5,51.75,69.88,195,1,1
1/23/2024 18:00,D004,VH004,Tata,Nexon EV,40.5,465,1400,95,0,59.29,1.16,806.59,73,81,0,4,2,21,Rain,Low,16,82,62,18,412,95.06,7.897,52188.8,51.93,69.77,195,1,0
1/23/2024 20:00,D004,VH004,Tata,Nexon EV,40.5,465,1400,95,0,50.78,1.28,867.76,52,108,3,2,0,18,Clear,Low,18,56,36,18,412,95.06,7.966,52239.6,52.02,69.72,195,1,1
1/23/2024 22:00,D004,VH004,Tata,Nexon EV,40.5,465,1400,95,0,61.76,1.46,1044.65,61,102,1,1,3,27,Fog,Low,19,54,33,18,412,95.06,8.111,52301.4,52.09,69.69,196,1,0
1/24/2024 0:00,D004,VH004,Tata,Nexon EV,40.5,465,1400,95,0,16.35,0.45,267.1,57,109,2,1,1,10,Clear,Low,17,51,44,18,412,95.06,2.517,52317.7,52.13,69.66,196,1,1
1/24/2024 2:00,D004,VH004,Tata,Nexon EV,40.5,465,1400,95,1,66.14,0.7,819.46,102,119,3,0,0,3,Fog,Low,26,72,50,20.7,412,95.06,8.576,52383.9,52.15,69.65,196,1,1
1/24/2024 4:00,D004,VH004,Tata,Nexon EV,40.5,465,1400,95,1,76.53,0.8,798,98,130,3,2,1,1,Clear,Low,18,50,21,18.8,412,95.06,11.406,52460.4,52.26,69.59,196,1,1
1/24/2024 6:00,D004,VH004,Tata,Nexon EV,40.5,465,1400,95,0,9.15,0.51,160.46,63,109,4,2,2,22,Fog,Low,19,79,75,18,412,95.06,1.272,52469.5,52.34,69.54,196,1,1
1/24/2024 8:00,D004,VH004,Tata,Nexon EV,40.5,465,1400,95,0,62.89,1.31,1050.81,72,83,0,4,1,26,Fog,Medium,16,54,34,18,412,95.06,8.098,52532.4,52.53,69.43,196,1,1
1/24/2024 10:00,D004,VH004,Tata,Nexon EV,40.5,465,1400,95,0,9.01,0.47,141.9,68,99,2,1,3,20,Fog,Medium,13,82,79,18,412,95.06,1.207,52541.4,52.57,69.41,196,1,1
1/24/2024 12:00,D004,VH004,Tata,Nexon EV,40.5,465,1400,95,0,57.87,1.73,922.5,43,103,0,1,1,23,Rain,Low,15,82,62,18,412,95.06,7.708,52599.3,52.63,69.38,196,1,0
1/24/2024 14:00,D004,VH004,Tata,Nexon EV,40.5,465,1400,95,0,11.96,0.28,220.95,72,116,0,0,0,7,Clear,Low,25,87,82,18,412,95.06,1.77,52611.3,52.63,69.37,196,1,1
1/24/2024 16:00,D004,VH004,Tata,Nexon EV,40.5,465,1400,95,0,57.38,0.91,582.49,76,105,0,1,1,9,Clear,High,15,87,66,18,413,95.06,8.492,52668.7,52.69,69.34,196,1,1
1/24/2024 18:00,D004,VH004,Tata,Nexon EV,40.5,465,1400,95,0,23.41,0.67,394.83,54,113,1,2,2,14,Rain,High,18,70,62,18,413,95.06,3.181,52692.1,52.78,69.29,196,1,1
1/24/2024 20:00,D004,VH004,Tata,Nexon EV,40.5,465,1400,95,1,159.46,2.15,2457.85,76,107,1,1,3,3,Cloudy,Medium,20,66,11,27.9,413,95.06,21.954,52851.5,52.88,69.25,196,1,1
1/24/2024 22:00,D004,VH004,Tata,Nexon EV,40.5,465,1400,95,1,67.18,0.88,1339.08,84,128,4,1,2,5,Clear,Medium,16,70,44,18,413,95.06,10.201,52918.7,52.94,69.21,197,1,0
1/25/2024 0:00,D004,VH004,Tata,Nexon EV,40.5,465,1400,95,1,98.78,1.07,1342.5,95,126,3,1,3,2,Fog,Low,18,62,30,18.7,413,95.06,12.808,53017.5,53.02,69.18,197,1,1
1/25/2024 2:00,D004,VH004,Tata,Nexon EV,40.5,465,1400,95,1,138.38,1.55,1687.24,91,136,1,1,0,2,Rain,Medium,14,79,34,18,413,95.06,17.861,53155.9,53.1,69.13,197,1,1
1/25/2024 4:00,D004,VH004,Tata,Nexon EV,40.5,465,1400,95,0,52.2,1.22,994.5,48,103,1,1,1,8,Clear,Medium,25,83,63,18,413,95.06,7.88,53208.1,53.16,69.1,197,1,1
1/25/2024 6:00,D004,VH004,Tata,Nexon EV,40.5,465,1400,95,1,127.07,1.62,2033.98,82,116,0,0,1,4,Cloudy,Low,18,74,31,21.6,414,95.05,17.151,53335.1,53.21,69.09,197,1,1
1/25/2024 8:00,D004,VH004,Tata,Nexon EV,40.5,465,1400,95,1,74.09,0.88,764.22,91,146,2,5,0,4,Fog,Medium,17,93,69,18,414,95.05,9.425,53409.2,53.43,68.95,197,1,0
1/25/2024 10:00,D004,VH004,Tata,Nexon EV,40.5,465,1400,95,0,34.25,0.89,439.97,62,93,0,0,0,20,Cloudy,Low,22,68,55,18,414,95.05,4.866,53443.5,53.45,68.95,197,1,1
1/25/2024 12:00,D004,VH004,Tata,Nexon EV,40.5,465,1400,95,0,16.48,0.57,166.82,54,93,0,3,2,16,Clear,Medium,8,80,73,18,414,95.05,2.439,53460,53.57,68.87,197,1,1
1/25/2024 14:00,D004,VH004,Tata,Nexon EV,40.5,465,1400,95,0,25.18,1.1,465.81,39,102,0,0,0,27,Clear,Medium,27,62,52,18,414,95.05,3.727,53485.1,53.58,68.87,197,1,1
1/25/2024 16:00,D004,VH004,Tata,Nexon EV,40.5,465,1400,95,0,44.49,0.82,461.67,76,99,0,1,3,14,Clear,Medium,22,66,49,18,414,95.05,6.585,53529.6,53.64,68.84,197,1,1
1/25/2024 18:00,D004,VH004,Tata,Nexon EV,40.5,465,1400,95,1,176.94,1.84,3366.19,100,119,2,1,2,4,Cloudy,Medium,17,70,10,27.2,414,95.05,24.0975,53706.6,53.74,68.79,197,1,0
1/25/2024 20:00,D004,VH004,Tata,Nexon EV,40.5,465,1400,95,0,50.4,1.4,667.29,46,98,1,1,3,18,Rain,Medium,20,63,46,18,414,95.05,6.848,53757,53.79,68.76,197,1,1
1/25/2024 22:00,D004,VH004,Tata,Nexon EV,40.5,465,1400,95,1,159.06,1.79,1887.2,95,132,2,3,1,7,Rain,Medium,22,60,10,26.9,414,95.05,20.655,53916,53.97,68.67,198,1,1
1/26/2024 0:00,D004,VH004,Tata,Nexon EV,40.5,465,1400,95,0,25.59,0.78,416.65,43,94,0,1,3,11,Rain,Medium,23,85,76,18,414,95.05,3.409,53941.6,54.02,68.64,198,1,1
1/26/2024 2:00,D004,VH004,Tata,Nexon EV,40.5,465,1400,95,0,24.76,0.84,301.66,58,99,0,1,3,25,Fog,Low,10,64,56,18,414,95.05,3.188,53966.4,54.07,68.61,198,1,1
1/26/2024 4:00,D004,VH004,Tata,Nexon EV,40.5,465,1400,95,0,58.27,1.24,607.49,59,94,0,4,4,15,Clear,High,8,72,50,18,415,95.05,8.624,54024.6,54.25,68.5,198,1,1
1/26/2024 6:00,D004,VH004,Tata,Nexon EV,40.5,465,1400,95,1,127.71,2.18,2370.45,60,133,0,3,4,3,Rain,Medium,21,46,10,21.3,415,95.05,15.8355,54152.4,54.41,68.41,198,1,0
1/26/2024 8:00,D004,VH004,Tata,Nexon EV,40.5,465,1400,95,0,26.99,0.79,384.4,83,110,0,3,6,28,Cloudy,Low,16,75,65,18,415,95.05,3.835,54179.3,54.54,68.34,198,1,1
1/26/2024 10:00,D004,VH004,Tata,Nexon EV,40.5,465,1400,95,1,170.66,2.09,2596.45,83,126,5,5,2,2,Clear,Medium,15,50,10,20.1,415,95.05,17.2125,54350,54.8,68.19,198,1,1
1/26/2024 12:00,D004,VH004,Tata,Nexon EV,40.5,465,1400,95,0,26.88,0.76,278.95,59,93,0,0,1,18,Cloudy,Low,17,80,70,18,415,95.05,3.819,54376.9,54.81,68.19,198,1,1
1/26/2024 14:00,D004,VH004,Tata,Nexon EV,40.5,465,1400,95,0,14.78,0.63,290.31,64,95,0,1,2,24,Fog,High,15,91,86,18,415,95.05,1.903,54391.7,54.86,68.16,198,1,1
1/26/2024 16:00,D004,VH004,Tata,Nexon EV,40.5,465,1400,95,0,62.03,1.7,803.62,51,118,3,2,0,29,Cloudy,Medium,17,74,50,18,415,95.05,9.342,54453.7,54.96,68.1,198,1,1
1/26/2024 18:00,D004,VH004,Tata,Nexon EV,40.5,465,1400,95,0,51.97,1.37,865.37,47,100,0,1,5,16,Cloudy,Medium,18,61,42,18,415,95.04,7.384,54505.7,55.02,68.07,198,1,1
1/26/2024 20:00,D004,VH004,Tata,Nexon EV,40.5,465,1400,95,1,137.03,1.32,2068.93,109,114,1,0,1,4,Fog,Medium,27,74,31,25,415,95.04,17.097,54642.7,55.06,68.06,198,1,1
1/26/2024 22:00,D004,VH004,Tata,Nexon EV,40.5,465,1400,95,1,134.71,1.47,1840.95,95,135,2,3,2,3,Clear,Medium,19,75,26,27.3,416,95.04,19.698,54777.4,55.23,67.96,199,1,1
1/27/2024 0:00,D004,VH004,Tata,Nexon EV,40.5,465,1400,95,0,47.03,1.1,544.86,61,99,0,1,3,20,Clear,Medium,16,63,45,18,416,95.04,6.96,54824.4,55.29,67.93,199,1,1
1/27/2024 2:00,D004,VH004,Tata,Nexon EV,40.5,465,1400,95,0,42,0.63,761.29,77,111,2,3,3,5,Clear,Medium,15,57,41,18,416,95.04,6.465,54866.4,55.42,67.85,199,1,1
1/27/2024 4:00,D004,VH004,Tata,Nexon EV,40.5,465,1400,95,0,24.34,0.83,446.26,41,106,2,6,2,14,Rain,High,21,92,83,18,416,95.04,3.372,54890.8,55.67,67.7,199,1,1
1/27/2024 6:00,D004,VH004,Tata,Nexon EV,40.5,465,1400,95,0,21.3,0.58,355.99,65,89,0,1,1,15,Rain,Medium,13,77,69,18,416,95.04,2.837,54912.1,55.72,67.67,199,1,1
1/27/2024 8:00,D004,VH004,Tata,Nexon EV,40.5,465,1400,95,0,58.59,1.26,840.73,58,110,0,3,4,15,Fog,Medium,17,58,39,18,416,95.04,7.544,54970.7,55.86,67.59,199,1,1
1/27/2024 10:00,D004,VH004,Tata,Nexon EV,40.5,465,1400,95,1,156.03,1.77,2426.81,90,137,4,3,5,2,Clear,Medium,18,79,20,28.3,416,95.04,23.693,55126.7,56.03,67.5,199,1,1
1/27/2024 12:00,D004,VH004,Tata,Nexon EV,40.5,465,1400,95,1,82.67,1.01,856.46,89,140,0,1,3,5,Clear,Low,15,69,40,19.1,416,95.04,11.623,55209.4,56.1,67.46,199,1,1
1/27/2024 14:00,D004,VH004,Tata,Nexon EV,40.5,465,1400,95,1,157.33,1.88,2867.28,85,123,1,3,1,2,Clear,Low,18,79,23,24.6,417,95.04,22.563,55366.7,56.28,67.37,199,1,1
1/27/2024 16:00,D004,VH004,Tata,Nexon EV,40.5,465,1400,95,0,62.83,1.2,1132.5,71,102,1,0,1,19,Rain,Medium,22,58,36,18.4,417,95.04,8.536,55429.5,56.3,67.36,199,1,1
1/27/2024 18:00,D004,VH004,Tata,Nexon EV,40.5,465,1400,95,0,42.61,0.84,790.9,54,97,0,1,4,3,Rain,Medium,18,49,34,18,417,95.04,5.676,55472.1,56.36,67.33,199,1,1
1/27/2024 20:00,D004,VH004,Tata,Nexon EV,40.5,465,1400,95,0,47.25,1.29,505.79,52,116,1,2,1,23,Clear,High,21,49,31,18,417,95.04,7.133,55519.4,56.45,67.27,199,1,1
1/27/2024 22:00,D004,VH004,Tata,Nexon EV,40.5,465,1400,95,1,144.46,1.97,2704.76,76,132,3,2,5,4,Cloudy,Low,23,76,24,24.3,417,95.04,20.669,55663.8,56.58,67.21,200,1,1
1/28/2024 0:00,D004,VH004,Tata,Nexon EV,40.5,465,1400,95,0,51.85,1.23,960.56,52,116,1,2,2,14,Fog,Low,14,82,65,18,417,95.03,6.81,55715.7,56.68,67.15,200,1,1
1/28/2024 2:00,D004,VH004,Tata,Nexon EV,40.5,465,1400,95,0,23.51,0.77,342.73,50,112,2,4,0,18,Rain,High,19,53,44,18,417,95.03,3.257,55739.2,56.85,67.05,200,1,1
1/28/2024 4:00,D004,VH004,Tata,Nexon EV,40.5,465,1400,95,0,35.02,0.65,366.66,88,93,0,0,3,15,Clear,High,21,77,64,18,417,95.03,5.183,55774.2,56.86,67.04,200,1,1
1/28/2024 6:00,D004,VH004,Tata,Nexon EV,40.5,465,1400,95,0,44.45,0.63,748.91,74,97,0,1,0,2,Rain,High,17,71,56,18,417,95.03,5.921,55818.7,56.92,67.01,200,1,1
1/28/2024 8:00,D004,VH004,Tata,Nexon EV,40.5,465,1400,95,0,51.23,0.86,874.88,62,104,1,1,0,2,Clear,Medium,16,80,60,18,417,95.03,7.734,55869.9,56.97,66.98,200,1,1
1/28/2024 10:00,D004,VH004,Tata,Nexon EV,40.5,465,1400,95,1,76.52,0.92,852.18,93,98,0,5,1,6,Fog,Medium,22,74,50,18,417,95.03,9.36,55946.4,57.2,66.85,200,1,1
1/28/2024 12:00,D004,VH004,Tata,Nexon EV,40.5,465,1400,95,1,162.86,2,2931.56,83,135,0,2,0,2,Fog,Medium,13,55,10,19.7,418,95.03,18.93375,56109.3,57.34,66.78,200,1,1
1/28/2024 14:00,D004,VH004,Tata,Nexon EV,40.5,465,1400,95,0,29.62,0.8,456.18,59,99,0,5,3,18,Fog,High,19,42,32,18,418,95.03,3.814,56138.9,57.55,66.65,200,1,1
1/28/2024 16:00,D004,VH004,Tata,Nexon EV,40.5,465,1400,95,1,175.25,1.89,1781.29,97,123,0,1,1,5,Cloudy,Medium,16,71,12,28.6,418,95.03,23.655,56314.2,57.65,66.6,200,1,1
1/28/2024 18:00,D004,VH004,Tata,Nexon EV,40.5,465,1400,95,0,35.99,0.74,449.61,61,112,0,1,2,9,Clear,Medium,20,68,54,18,418,95.03,5.327,56350.1,57.7,66.58,200,1,1
1/28/2024 20:00,D004,VH004,Tata,Nexon EV,40.5,465,1400,95,0,28.35,0.47,531.26,81,103,1,3,0,7,Clear,High,15,62,51,18,418,95.03,4.28,56378.5,57.83,66.5,200,1,1
1/28/2024 22:00,D004,VH004,Tata,Nexon EV,40.5,465,1400,95,0,57.65,1.22,796.7,72,77,0,3,1,25,Rain,Medium,20,63,44,18,418,95.03,7.679,56436.1,57.97,66.41,201,1,1
1/29/2024 0:00,D004,VH004,Tata,Nexon EV,40.5,465,1400,95,0,48.98,1.16,560.69,55,84,0,2,0,16,Rain,Medium,19,61,44,19.7,418,95.03,6.524,56485.1,58.07,66.36,201,1,1
1/29/2024 2:00,D004,VH004,Tata,Nexon EV,40.5,465,1400,95,0,26.74,0.63,431.4,65,94,1,1,5,13,Rain,Medium,17,43,34,18,418,95.03,3.633,56511.9,58.12,66.33,201,1,1
1/29/2024 4:00,D004,VH004,Tata,Nexon EV,40.5,465,1400,95,0,50.86,1.06,526.44,64,95,1,2,1,16,Clear,Medium,19,89,70,18,418,95.03,7.678,56562.7,58.22,66.27,201,1,1
1/29/2024 6:00,D004,VH004,Tata,Nexon EV,40.5,465,1400,95,0,21.16,0.31,324.44,72,103,1,3,3,1,Clear,High,24,70,62,18,418,95.03,3.194,56583.9,58.34,66.2,201,1,1
1/29/2024 8:00,D004,VH004,Tata,Nexon EV,40.5,465,1400,95,0,20.72,0.52,226.62,59,108,2,0,1,10,Clear,Low,18,66,58,18,418,95.03,3.189,56604.6,58.35,66.19,201,1,1
1/29/2024 10:00,D004,VH004,Tata,Nexon EV,40.5,465,1400,95,0,46.51,1.29,508.17,42,105,3,1,1,11,Cloudy,High,22,51,33,18,419,95.03,7.005,56651.1,58.41,66.16,201,1,1
1/29/2024 12:00,D004,VH004,Tata,Nexon EV,40.5,465,1400,95,0,12.02,0.4,230.65,61,92,0,5,3,12,Fog,High,15,70,66,18,419,95.03,1.548,56663.1,58.61,66.04,201,1,1
1/29/2024 14:00,D004,VH004,Tata,Nexon EV,40.5,465,1400,95,1,118.16,1.49,1632.44,82,130,2,4,2,3,Rain,Medium,25,62,23,23.3,419,95.03,15.55,56781.3,58.81,65.92,201,1,1
1/29/2024 16:00,D004,VH004,Tata,Nexon EV,40.5,465,1400,95,1,153.09,1.72,2639.26,89,127,3,0,3,0,Fog,Medium,20,56,10,23.7,419,95.02,19.278,56934.4,58.87,65.91,201,1,1
1/29/2024 18:00,D004,VH004,Tata,Nexon EV,40.5,465,1400,95,0,42.88,1.21,583.87,44,104,3,1,1,14,Clear,Medium,19,59,42,18,419,95.02,6.727,56977.3,58.92,65.88,201,1,1
1/29/2024 20:00,D004,VH004,Tata,Nexon EV,40.5,465,1400,95,0,62.09,1.1,991.67,76,93,0,3,2,17,Rain,Medium,15,69,48,18,419,95.02,8.27,57039.4,59.06,65.79,201,1,1
1/29/2024 22:00,D004,VH004,Tata,Nexon EV,40.5,465,1400,95,0,16.71,0.65,284.1,53,98,0,3,2,20,Clear,Medium,19,51,44,18,419,95.02,2.473,57056.1,59.19,65.72,202,1,1
1/30/2024 0:00,D004,VH004,Tata,Nexon EV,40.5,465,1400,95,0,26.14,0.81,341.88,55,105,0,1,0,20,Rain,Low,22,69,60,18,419,95.02,3.482,57082.2,59.24,65.69,202,1,1
1/30/2024 2:00,D004,VH004,Tata,Nexon EV,40.5,465,1400,95,0,38.7,0.82,747.67,56,103,5,1,3,8,Clear,Low,18,65,49,18,419,95.02,6.3,57120.9,59.29,65.66,202,1,1
1/30/2024 4:00,D004,VH004,Tata,Nexon EV,40.5,465,1400,95,1,171.2,1.93,1942.81,92,113,1,3,3,4,Fog,Medium,14,71,18,22.7,419,95.02,21.36,57292.1,59.47,65.56,202,1,1
1/30/2024 6:00,D004,VH004,Tata,Nexon EV,40.5,465,1400,95,0,40.59,0.74,426.98,73,83,0,1,2,11,Fog,Medium,16,50,37,18,420,95.02,5.226,57332.7,59.53,65.53,202,1,1
1/30/2024 8:00,D004,VH004,Tata,Nexon EV,40.5,465,1400,95,1,168.95,1.94,1772.37,87,140,2,1,4,0,Clear,Medium,20,49,10,26.9,420,95.02,16.86825,57501.6,59.63,65.49,202,1,1
1/30/2024 10:00,D004,VH004,Tata,Nexon EV,40.5,465,1400,95,0,16.9,0.62,250.88,72,106,2,1,1,23,Clear,High,17,73,66,18,420,95.02,2.601,57518.5,59.67,65.46,202,1,1
1/30/2024 12:00,D004,VH004,Tata,Nexon EV,40.5,465,1400,95,0,50.15,1.13,509.48,66,100,0,0,1,22,Cloudy,Medium,16,87,69,18,420,95.02,7.125,57568.7,59.69,65.45,202,1,1
1/30/2024 14:00,D004,VH004,Tata,Nexon EV,40.5,465,1400,95,1,109.23,1.17,1279.04,96,118,0,3,2,2,Fog,Low,19,43,10,18.8,420,95.02,13.361,57677.9,59.85,65.37,202,1,1
1/30/2024 16:00,D004,VH004,Tata,Nexon EV,40.5,465,1400,95,0,46.6,1.07,470.93,63,102,1,3,2,20,Clear,High,26,66,48,18,420,95.02,7.035,57724.5,59.98,65.29,202,1,1
1/30/2024 18:00,D004,VH004,Tata,Nexon EV,40.5,465,1400,95,0,32.55,0.84,385.5,66,117,2,2,2,21,Cloudy,Medium,19,77,65,18,420,95.02,4.81,57757.1,60.07,65.23,202,1,1
1/30/2024 20:00,D004,VH004,Tata,Nexon EV,40.5,465,1400,95,0,62,1.64,1224.19,52,109,1,4,2,27,Fog,Low,22,69,48,18.7,420,95.02,8.143,57819.1,60.26,65.12,202,1,1
1/30/2024 22:00,D004,VH004,Tata,Nexon EV,40.5,465,1400,95,0,56.9,1.22,631.52,69,108,0,1,4,24,Rain,High,16,72,53,18,420,95.02,7.579,57876,60.32,65.09,203,1,1
1/31/2024 0:00,D004,VH004,Tata,Nexon EV,40.5,465,1400,95,0,12.27,0.36,242.74,69,129,1,2,1,11,Clear,High,23,62,57,18,420,95.02,1.852,57888.2,60.4,65.04,203,1,1
1/31/2024 2:00,D004,VH004,Tata,Nexon EV,40.5,465,1400,95,0,63.19,1.06,1227.77,71,107,1,3,2,10,Cloudy,Medium,29,89,66,21.9,420,95.02,9.158,57951.4,60.54,64.96,203,1,1
1/31/2024 4:00,D004,VH004,Tata,Nexon EV,40.5,465,1400,95,1,105.59,1.59,1584.49,70,123,3,0,2,5,Clear,Medium,14,76,37,18.5,421,95.02,15.737,58057,60.58,64.95,203,1,1
1/31/2024 6:00,D004,VH004,Tata,Nexon EV,40.5,465,1400,95,0,33.95,0.95,541.4,46,93,1,2,3,13,Clear,Medium,14,77,64,18,421,95.02,5.125,58091,60.67,64.89,203,1,1
1/31/2024 8:00,D004,VH004,Tata,Nexon EV,40.5,465,1400,95,1,79.35,1.04,1168.55,83,140,1,2,2,5,Clear,Medium,19,72,43,20.3,421,95.02,11.38,58170.3,60.78,64.83,203,1,1
1/31/2024 10:00,D004,VH004,Tata,Nexon EV,40.5,465,1400,95,0,53.38,1.11,967.81,66,93,1,3,2,18,Rain,Medium,16,91,73,18,421,95.01,7.252,58223.7,60.92,64.75,203,1,1
1/31/2024 12:00,D004,VH004,Tata,Nexon EV,40.5,465,1400,95,1,168.06,2.03,2926.47,87,129,2,0,2,6,Clear,Medium,23,79,18,28.3,421,95.01,24.574,58391.8,60.98,64.73,203,1,1
1/31/2024 14:00,D004,VH004,Tata,Nexon EV,40.5,465,1400,95,0,10.31,0.41,151.76,52,117,0,5,2,13,Clear,Medium,12,65,61,18,421,95.01,1.526,58402.1,61.18,64.6,203,1,1
1/31/2024 16:00,D004,VH004,Tata,Nexon EV,40.5,465,1400,95,0,10.28,0.51,204.89,59,121,0,6,1,20,Clear,Medium,16,51,47,18,421,95.01,1.521,58412.3,61.42,64.45,203,1,1
1/31/2024 18:00,D004,VH004,Tata,Nexon EV,40.5,465,1400,95,1,83.63,1.01,1227.09,89,128,1,2,0,4,Cloudy,Medium,19,59,30,18,421,95.01,11.514,58496,61.53,64.39,203,1,1
1/31/2024 20:00,D004,VH004,Tata,Nexon EV,40.5,465,1400,95,0,24.65,0.58,339.47,62,88,0,3,0,11,Clear,Low,22,86,76,18,421,95.01,3.648,58520.6,61.66,64.31,203,1,1
1/31/2024 22:00,D004,VH004,Tata,Nexon EV,40.5,465,1400,95,1,161.07,2.27,2532.53,72,114,1,3,1,2,Cloudy,Medium,22,79,24,27.7,422,95.01,22.175,58681.7,61.84,64.22,204,1,1
2/1/2024 0:00,D004,VH004,Tata,Nexon EV,40.5,465,1400,95,1,90.82,1.04,955.88,92,136,2,1,3,3,Clear,Low,14,69,36,18,422,95.01,13.28,58772.5,61.91,64.18,204,1,1
2/1/2024 2:00,D004,VH004,Tata,Nexon EV,40.5,465,1400,95,0,29.62,1.04,357.23,50,106,4,3,3,27,Clear,Low,29,71,59,18,422,95.01,4.734,58802.1,62.04,64.11,204,1,1
2/1/2024 4:00,D004,VH004,Tata,Nexon EV,40.5,465,1400,95,0,8.28,0.45,134.02,64,139,1,4,3,19,Cloudy,Low,26,72,69,18,422,95.01,1.2,58810.4,62.2,64.01,204,1,1
2/1/2024 6:00,D004,VH004,Tata,Nexon EV,40.5,465,1400,95,1,95.3,1.13,1643.39,90,150,0,2,0,4,Clear,Medium,19,62,28,19.9,422,95.01,13.399,58905.7,62.32,63.94,204,1,1
2/1/2024 8:00,D004,VH004,Tata,Nexon EV,40.5,465,1400,95,1,73.57,0.86,1265.48,91,137,0,4,2,3,Fog,Medium,25,80,57,19.7,422,95.01,8.999,58979.3,62.5,63.83,204,1,1
2/1/2024 10:00,D004,VH004,Tata,Nexon EV,40.5,465,1400,95,0,39.27,0.91,498.49,74,111,4,4,0,23,Clear,High,23,66,50,18,422,95.01,6.277,59018.6,62.68,63.73,204,1,1
2/1/2024 12:00,D004,VH004,Tata,Nexon EV,40.5,465,1400,95,0,24.14,0.53,465.64,64,105,2,2,3,9,Clear,Medium,23,75,65,18,422,95.01,3.716,59042.7,62.76,63.68,204,1,1
2/1/2024 14:00,D004,VH004,Tata,Nexon EV,40.5,465,1400,95,0,14.82,0.52,243.23,51,105,1,2,4,14,Rain,High,20,56,51,18,422,95.01,2.014,59057.5,62.85,63.63,204,1,1
2/1/2024 16:00,D004,VH004,Tata,Nexon EV,40.5,465,1400,95,0,57.14,1.05,838.62,73,103,3,2,2,16,Rain,Medium,20,69,49,18,422,95.01,8.068,59114.7,62.95,63.57,204,1,1
2/1/2024 18:00,D004,VH004,Tata,Nexon EV,40.5,465,1400,95,0,16.14,0.62,200.2,42,87,0,2,3,14,Clear,Medium,29,73,67,18,422,95.01,2.389,59130.8,63.04,63.52,204,1,1
2/1/2024 20:00,D004,VH004,Tata,Nexon EV,40.5,465,1400,95,0,54.17,0.96,961.32,64,100,0,1,1,7,Fog,Low,24,57,39,18,422,95.01,6.975,59185,63.09,63.49,204,1,1
2/1/2024 22:00,D004,VH004,Tata,Nexon EV,40.5,465,1400,95,0,30.1,0.82,546.94,66,110,0,1,2,22,Clear,Low,20,75,64,18,422,95.01,4.455,59215.1,63.15,63.46,205,1,1
2/2/2024 0:00,D004,VH004,Tata,Nexon EV,40.5,465,1400,95,0,50.88,1.09,810.33,62,95,1,1,0,16,Rain,Medium,12,78,60,18,422,95.01,6.913,59265.9,63.2,63.43,205,1,1
2/2/2024 2:00,D004,VH004,Tata,Nexon EV,40.5,465,1400,95,0,8.66,0.29,169.01,62,98,0,2,1,9,Fog,Medium,24,78,75,18,422,95.01,1.115,59274.6,63.29,63.37,205,1,1
2/2/2024 4:00,D004,VH004,Tata,Nexon EV,40.5,465,1400,95,0,39.01,0.89,772.22,64,91,0,2,2,17,Fog,Medium,16,57,44,18,423,95.01,5.023,59313.6,63.38,63.32,205,1,1
2/2/2024 6:00,D004,VH004,Tata,Nexon EV,40.5,465,1400,95,0,41.02,1.14,690.14,47,105,1,3,1,16,Clear,Medium,22,63,47,18,423,95.01,6.192,59354.6,63.51,63.24,205,1,1
2/2/2024 8:00,D004,VH004,Tata,Nexon EV,40.5,465,1400,95,0,33.04,0.9,582.69,62,101,0,4,4,22,Fog,Low,24,58,47,18,423,95,4.254,59387.7,63.69,63.14,205,1,1
2/2/2024 10:00,D004,VH004,Tata,Nexon EV,40.5,465,1400,95,0,62.16,1.29,932.94,50,99,0,1,1,3,Fog,Medium,23,63,43,18,423,95,8.004,59449.8,63.75,63.1,205,1,1
2/2/2024 12:00,D004,VH004,Tata,Nexon EV,40.5,465,1400,95,1,163.18,1.78,2045.84,96,130,3,3,2,5,Clear,Low,16,61,10,26.7,423,95,20.99925,59613,63.92,63.01,205,1,1
2/2/2024 14:00,D004,VH004,Tata,Nexon EV,40.5,465,1400,95,1,50.23,0.61,753.73,87,130,0,1,2,2,Fog,Medium,24,50,34,18,423,95,6.144,59663.2,63.98,62.98,205,1,1
2/2/2024 16:00,D004,VH004,Tata,Nexon EV,40.5,465,1400,95,0,59.16,1.24,1141.65,61,92,0,3,2,16,Clear,Low,17,73,51,18,423,95,8.756,59722.4,64.12,62.9,205,1,1
2/2/2024 18:00,D004,VH004,Tata,Nexon EV,40.5,465,1400,95,1,167.81,2.29,2091.54,75,129,1,1,1,3,Clear,Medium,17,84,24,29.1,423,95,24.066,59890.2,64.22,62.85,205,1,1
2/2/2024 20:00,D004,VH004,Tata,Nexon EV,40.5,465,1400,95,0,53.09,0.86,1039.23,81,87,0,3,2,12,Cloudy,High,23,88,69,18,423,95,7.543,59943.3,64.36,62.77,205,1,1
2/2/2024 22:00,D004,VH004,Tata,Nexon EV,40.5,465,1400,95,0,56.91,1.1,1071.05,73,82,0,3,2,19,Clear,Medium,21,69,48,18,424,95,8.423,60000.2,64.5,62.69,206,1,1
2/3/2024 0:00,D004,VH004,Tata,Nexon EV,40.5,465,1400,95,0,15.58,0.62,273.78,57,102,0,2,2,21,Fog,Medium,21,81,76,18,424,95,2.006,60015.8,64.59,62.64,206,1,1
2/3/2024 2:00,D004,VH004,Tata,Nexon EV,40.5,465,1400,95,0,9.93,0.55,153.18,76,100,0,2,3,25,Rain,High,17,69,65,18,424,95,1.323,60025.7,64.67,62.58,206,1,1
2/3/2024 4:00,D004,VH004,Tata,Nexon EV,40.5,465,1400,95,1,163.34,2.06,2864.33,82,141,1,5,0,4,Rain,Medium,16,68,15,24,424,95,21.082,60189.1,64.93,62.44,206,1,1
2/3/2024 6:00,D004,VH004,Tata,Nexon EV,40.5,465,1400,95,0,52.42,0.96,596.33,65,101,4,2,2,9,Rain,High,25,84,65,21.2,424,95,7.541,60241.5,65.02,62.38,206,1,1
2/3/2024 8:00,D004,VH004,Tata,Nexon EV,40.5,465,1400,95,0,10.26,0.47,191.68,67,88,0,2,1,19,Rain,High,19,64,60,18,424,95,1.367,60251.7,65.11,62.33,206,1,1
2/3/2024 10:00,D004,VH004,Tata,Nexon EV,40.5,465,1400,95,0,25.12,0.59,461,68,108,1,2,2,13,Fog,Medium,17,53,44,18,424,95,3.299,60276.9,65.2,62.28,206,1,1
2/3/2024 12:00,D004,VH004,Tata,Nexon EV,40.5,465,1400,95,0,32.73,0.6,424.53,59,115,2,3,4,3,Clear,Medium,19,63,50,18,424,95,5.038,60309.6,65.33,62.2,206,1,1
2/3/2024 14:00,D004,VH004,Tata,Nexon EV,40.5,465,1400,95,1,76.04,0.95,1198.53,86,144,1,1,1,4,Cloudy,Low,18,89,63,18,424,95,10.469,60385.6,65.39,62.17,206,1,1
2/3/2024 16:00,D004,VH004,Tata,Nexon EV,40.5,465,1400,95,0,10.33,0.2,117.8,52,97,0,3,0,0,Fog,High,22,84,80,18,424,95,1.33,60396,65.52,62.09,206,1,1
2/3/2024 18:00,D004,VH004,Tata,Nexon EV,40.5,465,1400,95,1,106.7,1.28,1430.41,88,131,1,0,4,4,Rain,Low,33,57,22,25.8,424,95,13.772,60502.7,65.56,62.08,206,1,0
2/3/2024 20:00,D004,VH004,Tata,Nexon EV,40.5,465,1400,95,0,51.8,1.01,693.08,73,109,2,0,2,18,Clear,Medium,15,71,51,18,424,95,7.973,60554.5,65.57,62.07,206,1,1
2/3/2024 22:00,D004,VH004,Tata,Nexon EV,40.5,465,1400,95,0,36.41,0.89,370.86,69,113,3,5,5,22,Clear,High,18,65,50,18,424,94.99,5.712,60590.9,65.79,61.94,207,1,1
2/4/2024 0:00,D004,VH004,Tata,Nexon EV,40.5,465,1400,95,0,30.12,0.95,382.29,49,95,0,2,1,20,Cloudy,Low,25,71,60,18,425,94.99,4.279,60621,65.88,61.89,207,1,1
2/4/2024 2:00,D004,VH004,Tata,Nexon EV,40.5,465,1400,95,0,62.41,1.46,639.32,53,96,0,2,4,17,Clear,High,22,69,46,21.4,425,94.99,9.237,60683.4,65.98,61.83,207,1,1
2/4/2024 4:00,D004,VH004,Tata,Nexon EV,40.5,465,1400,95,0,55.64,1.24,1005.07,60,86,2,3,1,19,Fog,Medium,21,63,44,19,425,94.99,7.451,60739.1,66.12,61.75,207,1,0
2/4/2024 6:00,D004,VH004,Tata,Nexon EV,40.5,465,1400,95,0,61.08,1.14,668.85,76,84,1,2,6,20,Clear,Medium,12,69,46,18,425,94.99,9.221,60800.1,66.22,61.69,207,1,1
2/4/2024 8:00,D004,VH004,Tata,Nexon EV,40.5,465,1400,95,0,15.55,0.59,187.56,53,97,0,0,3,18,Clear,Low,15,72,66,18,425,94.99,2.301,60815.7,66.23,61.69,207,1,1
2/4/2024 10:00,D004,VH004,Tata,Nexon EV,40.5,465,1400,95,0,60,1.65,746.27,45,104,1,1,4,19,Rain,Medium,18,73,52,18,425,94.99,8.152,60875.7,66.29,61.66,207,1,1
2/4/2024 12:00,D004,VH004,Tata,Nexon EV,40.5,465,1400,95,0,9.87,0.29,104.16,64,117,0,6,3,8,Rain,Low,21,57,53,18,425,94.99,1.315,60885.6,66.53,61.51,207,1,1
2/4/2024 14:00,D004,VH004,Tata,Nexon EV,40.5,465,1400,95,0,57.12,0.92,979.83,67,120,3,5,2,4,Clear,High,23,63,40,19.6,425,94.99,8.961,60942.7,66.75,61.37,207,1,1
2/4/2024 16:00,D004,VH004,Tata,Nexon EV,40.5,465,1400,95,0,41.76,0.64,693.55,85,136,1,3,5,9,Fog,Medium,17,74,60,18,425,94.99,5.485,60984.4,66.88,61.29,207,1,1
2/4/2024 18:00,D004,VH004,Tata,Nexon EV,40.5,465,1400,95,0,16.54,0.46,222.76,59,118,1,3,5,11,Rain,High,26,62,56,18,425,94.99,2.247,61001,67.01,61.22,207,1,1
2/4/2024 20:00,D004,VH004,Tata,Nexon EV,40.5,465,1400,95,1,62.22,0.81,654.74,86,130,1,3,3,5,Clear,Medium,8,63,40,18,425,94.99,8.923,61063.2,67.15,61.13,207,1,1
2/4/2024 22:00,D004,VH004,Tata,Nexon EV,40.5,465,1400,95,1,139.24,1.84,1944.9,77,131,1,1,0,2,Clear,Low,18,69,19,23.3,425,94.99,19.969,61202.4,67.24,61.09,208,1,1
2/5/2024 0:00,D004,VH004,Tata,Nexon EV,40.5,465,1400,95,0,24.38,0.74,476.39,66,109,2,1,2,22,Clear,Medium,22,78,68,18,426,94.99,3.753,61226.8,67.29,61.07,208,1,1
2/5/2024 2:00,D004,VH004,Tata,Nexon EV,40.5,465,1400,95,1,135.55,2.04,1623.18,68,136,1,0,0,3,Clear,Medium,26,67,19,31.5,426,94.99,19.439,61362.4,67.34,61.05,208,1,1
2/5/2024 4:00,D004,VH004,Tata,Nexon EV,40.5,465,1400,95,0,27.62,0.71,535.01,68,112,3,2,1,18,Clear,Medium,20,66,55,18,426,94.99,4.333,61390,67.43,61,208,1,0
2/5/2024 6:00,D004,VH004,Tata,Nexon EV,40.5,465,1400,95,1,147.43,1.69,2354.04,90,133,2,1,1,3,Clear,Medium,20,88,34,25.1,426,94.99,21.558,61537.4,67.52,60.95,208,1,1
2/5/2024 8:00,D004,VH004,Tata,Nexon EV,40.5,465,1400,95,1,177.66,2.24,1895.61,81,139,2,0,2,3,Clear,Medium,22,72,10,29.1,426,94.99,24.786,61715.1,67.58,60.93,208,1,0
2/5/2024 10:00,D004,VH004,Tata,Nexon EV,40.5,465,1400,95,0,63.67,1.46,1052.42,54,96,0,4,1,17,Clear,High,21,57,33,18.1,426,94.98,9.423,61778.7,67.76,60.82,208,1,1
2/5/2024 12:00,D004,VH004,Tata,Nexon EV,40.5,465,1400,95,0,18.4,0.8,314.91,66,95,0,1,3,31,Fog,Medium,19,53,47,18,426,94.98,2.369,61797.1,67.81,60.8,208,1,1
2/5/2024 14:00,D004,VH004,Tata,Nexon EV,40.5,465,1400,95,0,31.93,1.08,416.78,44,117,2,3,4,21,Fog,High,24,54,43,18,426,94.98,4.276,61829.1,67.94,60.72,208,1,1
2/5/2024 16:00,D004,VH004,Tata,Nexon EV,40.5,465,1400,95,1,172.95,2.16,2120.76,82,109,0,2,0,3,Cloudy,Medium,24,67,10,29.2,427,94.98,23.06475,62002,68.08,60.65,208,1,1
2/5/2024 18:00,D004,VH004,Tata,Nexon EV,40.5,465,1400,95,1,70.05,0.93,1320.56,78,137,1,3,0,2,Rain,Low,18,78,55,18,427,94.98,9.041,62072.1,68.23,60.56,208,1,1
2/5/2024 20:00,D004,VH004,Tata,Nexon EV,40.5,465,1400,95,1,87.38,0.93,1667.41,97,134,1,1,4,2,Rain,Low,23,66,38,21.4,427,94.98,11.278,62159.5,68.3,60.53,208,1,1
2/5/2024 22:00,D004,VH004,Tata,Nexon EV,40.5,465,1400,95,0,46.39,1.48,846.38,35,85,1,3,2,9,Rain,Low,22,77,61,18,427,94.98,6.303,62205.8,68.43,60.45,209,1,1
2/6/2024 0:00,D004,VH004,Tata,Nexon EV,40.5,465,1400,95,0,58.9,1.27,958.15,61,117,2,1,4,18,Fog,High,20,63,43,18,427,94.98,7.887,62264.7,68.49,60.42,209,1,1
2/6/2024 2:00,D004,VH004,Tata,Nexon EV,40.5,465,1400,95,1,115.91,1.42,1463.32,88,129,3,0,0,6,Clear,Low,23,66,23,23.8,427,94.98,17.275,62380.7,68.53,60.4,209,1,0
2/6/2024 4:00,D004,VH004,Tata,Nexon EV,40.5,465,1400,95,0,61,1.44,828.55,49,108,3,3,1,12,Cloudy,Low,22,77,54,20.1,427,94.98,9.187,62441.7,68.67,60.32,209,1,1
2/6/2024 6:00,D004,VH004,Tata,Nexon EV,40.5,465,1400,95,0,27.73,0.63,329.79,67,90,0,1,2,13,Clear,Medium,18,53,42,18,427,94.98,4.104,62469.4,68.72,60.29,209,1,1
2/6/2024 8:00,D004,VH004,Tata,Nexon EV,40.5,465,1400,95,0,14.15,0.47,233.28,56,89,0,0,2,13,Clear,Low,22,61,55,18,427,94.98,2.094,62483.5,68.73,60.29,209,1,1
2/6/2024 10:00,D004,VH004,Tata,Nexon EV,40.5,465,1400,95,0,52.01,0.93,864.24,75,94,1,1,0,14,Clear,Medium,20,55,35,18,428,94.98,7.851,62535.5,68.79,60.26,209,1,1
2/6/2024 12:00,D004,VH004,Tata,Nexon EV,40.5,465,1400,95,0,23.04,0.63,328.19,66,106,3,2,4,17,Clear,Medium,12,70,61,18,428,94.98,3.615,62558.6,68.88,60.21,209,1,1
2/6/2024 14:00,D004,VH004,Tata,Nexon EV,40.5,465,1400,95,1,159.97,1.64,1981.3,103,124,1,0,3,5,Clear,Low,27,76,19,31.6,428,94.98,22.942,62718.6,68.93,60.19,209,1,1
2/6/2024 16:00,D004,VH004,Tata,Nexon EV,40.5,465,1400,95,1,85.15,1.03,1454.74,87,130,1,1,1,3,Fog,Medium,21,79,52,18,428,94.98,10.624,62803.7,69,60.15,209,1,1
2/6/2024 18:00,D004,VH004,Tata,Nexon EV,40.5,465,1400,95,0,15.57,0.69,248.65,60,87,1,1,1,26,Clear,Medium,21,87,81,18,428,94.98,2.35,62819.3,69.05,60.12,209,1,1
2/6/2024 20:00,D004,VH004,Tata,Nexon EV,40.5,465,1400,95,0,35.55,0.81,580.25,65,119,0,3,0,16,Clear,Medium,21,73,60,18,428,94.98,5.261,62854.8,69.18,60.04,209,1,1
2/6/2024 22:00,D004,VH004,Tata,Nexon EV,40.5,465,1400,95,0,35.08,0.98,504.3,50,110,3,1,1,17,Rain,Medium,22,60,47,18,428,94.98,4.953,62889.9,69.23,60.02,210,1,1
2/7/2024 0:00,D004,VH004,Tata,Nexon EV,40.5,465,1400,95,0,25.44,0.83,429.21,50,94,0,4,0,19,Cloudy,Medium,9,62,53,18,428,94.98,3.615,62915.3,69.4,59.91,210,1,1
2/7/2024 2:00,D004,VH004,Tata,Nexon EV,40.5,465,1400,95,1,157.04,2.08,2382.73,80,127,1,2,3,7,Fog,Low,24,68,19,31.2,428,94.97,19.594,63072.4,69.54,59.84,210,1,1
2/7/2024 4:00,D004,VH004,Tata,Nexon EV,40.5,465,1400,95,0,63.41,1.45,713.02,46,92,0,2,2,4,Fog,Medium,17,50,29,18,428,94.97,8.165,63135.8,69.64,59.79,210,1,1
2/7/2024 6:00,D004,VH004,Tata,Nexon EV,40.5,465,1400,95,1,144.87,1.87,1663.26,81,126,0,1,0,5,Clear,Medium,16,77,26,26.1,429,94.97,20.369,63280.7,69.73,59.74,210,1,1
2/7/2024 8:00,D004,VH004,Tata,Nexon EV,40.5,465,1400,95,0,35.71,0.74,515.71,57,94,1,1,5,7,Rain,Medium,15,45,33,18,429,94.97,4.852,63316.4,69.78,59.71,210,1,1
2/7/2024 10:00,D004,VH004,Tata,Nexon EV,40.5,465,1400,95,1,122.37,1.33,1904.72,98,114,3,0,3,5,Rain,Low,20,54,13,19.6,429,94.97,16.414,63438.7,69.82,59.7,210,1,1
1/1/2024 0:00,D005,VH005,Tata,Curvv EV,55,585,1500,123,0,18.72,0.51,240.77,68,91,0,4,1,14,Clear,High,17,63,57,18,1004,95.29,2.771,119951.7,80.15,51.92,9,1,1
1/1/2024 2:00,D005,VH005,Tata,Curvv EV,55,585,1500,123,0,39.83,0.67,417.06,74,126,0,5,3,8,Rain,High,25,60,50,18,1004,95.29,5.305,119991.6,80.4,51.78,9,1,1
1/1/2024 4:00,D005,VH005,Tata,Curvv EV,55,585,1500,123,0,58.04,1.18,702.54,58,93,0,2,2,11,Rain,Low,15,88,73,19,1004,95.29,7.731,120049.6,80.56,51.7,9,1,1
1/1/2024 6:00,D005,VH005,Tata,Curvv EV,55,585,1500,123,0,49.49,1.26,770.33,50,95,1,1,2,16,Cloudy,High,19,68,54,18,1004,95.28,7.172,120099.1,80.67,51.65,9,1,1
1/1/2024 8:00,D005,VH005,Tata,Curvv EV,55,585,1500,123,0,35.28,0.69,544.6,68,99,0,1,3,10,Rain,Low,24,47,38,18,1004,95.28,4.699,120134.4,80.76,51.61,9,1,1
1/1/2024 10:00,D005,VH005,Tata,Curvv EV,55,585,1500,123,0,54.66,0.99,948.46,71,136,0,1,1,13,Clear,Medium,19,74,59,18,1004,95.28,8.09,120189,80.88,51.56,9,1,1
1/1/2024 12:00,D005,VH005,Tata,Curvv EV,55,585,1500,123,0,27.43,0.58,317.67,75,93,0,1,5,13,Rain,Medium,19,75,68,18,1004,95.28,3.654,120216.4,80.96,51.52,9,1,1
1/1/2024 14:00,D005,VH005,Tata,Curvv EV,55,585,1500,123,1,167.45,2.43,2181.03,71,116,2,3,1,4,Cloudy,Medium,16,55,12,25.9,1004,95.27,23.506,120383.9,81.31,51.36,9,1,1
1/1/2024 16:00,D005,VH005,Tata,Curvv EV,55,585,1500,123,0,60.89,1.84,1052.79,40,86,1,4,2,19,Clear,Medium,16,64,47,18,1004,95.27,9.192,120444.8,81.56,51.23,9,1,1
1/1/2024 18:00,D005,VH005,Tata,Curvv EV,55,585,1500,123,0,58.83,1.16,777.47,66,110,2,3,1,16,Cloudy,Low,17,64,48,18,1004,95.27,8.693,120503.6,81.76,51.13,9,1,1
1/1/2024 20:00,D005,VH005,Tata,Curvv EV,55,585,1500,123,0,53.64,1.05,1059.66,64,81,0,2,3,13,Cloudy,Medium,19,75,61,18,1004,95.27,7.621,120557.3,81.91,51.06,9,1,1
1/1/2024 22:00,D005,VH005,Tata,Curvv EV,55,585,1500,123,0,58.88,0.99,827.9,87,117,0,6,2,19,Cloudy,High,20,72,56,18,1004,95.27,8.366,120616.1,82.24,50.88,10,1,1
1/2/2024 0:00,D005,VH005,Tata,Curvv EV,55,585,1500,123,0,8.84,0.59,175.69,55,103,1,3,3,26,Rain,Low,19,77,74,18,1004,95.27,1.201,120625,82.37,50.8,10,1,1
1/2/2024 2:00,D005,VH005,Tata,Curvv EV,55,585,1500,123,0,44.51,1.04,473.7,56,97,0,3,1,15,Cloudy,Medium,13,52,40,18,1004,95.26,6.324,120669.5,82.55,50.7,10,1,1
1/2/2024 4:00,D005,VH005,Tata,Curvv EV,55,585,1500,123,0,52.83,1.16,785.69,63,89,0,2,2,19,Fog,Medium,13,81,68,18,1004,95.26,6.802,120722.3,82.71,50.63,10,1,1
1/2/2024 6:00,D005,VH005,Tata,Curvv EV,55,585,1500,123,1,61.89,0.8,876.82,81,144,1,1,2,2,Clear,Medium,16,58,41,18,1004,95.26,8.876,120784.2,82.83,50.57,10,1,1
1/2/2024 8:00,D005,VH005,Tata,Curvv EV,55,585,1500,123,0,12.73,0.45,203.68,58,96,0,3,4,14,Fog,Low,22,77,74,18,1004,95.26,1.639,120796.9,82.97,50.49,10,1,1
1/2/2024 10:00,D005,VH005,Tata,Curvv EV,55,585,1500,123,0,35.67,0.9,639.97,55,82,0,2,3,15,Clear,Medium,22,69,59,18,1005,95.26,5.279,120832.6,83.1,50.42,10,1,1
1/2/2024 12:00,D005,VH005,Tata,Curvv EV,55,585,1500,123,1,68.57,0.91,1195.34,81,115,4,3,0,4,Fog,Medium,19,67,50,18,1005,95.26,9.059,120901.2,83.32,50.32,10,1,1
1/2/2024 14:00,D005,VH005,Tata,Curvv EV,55,585,1500,123,1,153.82,2.03,2816.14,79,158,4,0,1,5,Rain,Medium,15,69,30,23.2,1005,95.25,21.022,121055,83.53,50.24,10,1,1
1/2/2024 16:00,D005,VH005,Tata,Curvv EV,55,585,1500,123,0,9.03,0.33,179.3,54,87,0,5,2,10,Clear,High,21,67,64,18,1005,95.25,1.336,121064,83.74,50.11,10,1,1
1/2/2024 18:00,D005,VH005,Tata,Curvv EV,55,585,1500,123,1,56.17,0.63,700.44,99,126,0,2,2,4,Clear,Medium,15,76,61,18,1005,95.25,7.898,121120.2,83.9,50.04,10,1,1
1/2/2024 20:00,D005,VH005,Tata,Curvv EV,55,585,1500,123,0,62.14,1.52,835.73,51,101,2,3,1,18,Clear,Low,14,58,40,18,1005,95.25,9.565,121182.3,84.11,49.93,10,1,1
1/2/2024 22:00,D005,VH005,Tata,Curvv EV,55,585,1500,123,1,95.14,1.34,1484.93,78,139,1,2,3,7,Clear,Low,24,62,37,22.9,1005,95.24,13.644,121277.5,84.32,49.83,11,1,1
1/3/2024 0:00,D005,VH005,Tata,Curvv EV,55,585,1500,123,1,123.07,1.42,1365.14,89,110,2,2,3,2,Rain,Medium,19,75,45,22.3,1005,95.24,16.196,121400.6,84.57,49.73,11,1,1
1/3/2024 2:00,D005,VH005,Tata,Curvv EV,55,585,1500,123,1,53.49,0.57,645.25,102,128,0,3,1,3,Rain,Medium,19,65,52,18,1005,95.24,6.769,121454,84.77,49.62,11,1,1
1/3/2024 4:00,D005,VH005,Tata,Curvv EV,55,585,1500,123,0,23.59,0.68,383.99,83,109,3,2,1,24,Fog,Low,17,89,83,18,1005,95.24,3.22,121477.6,84.88,49.56,11,1,1
1/3/2024 6:00,D005,VH005,Tata,Curvv EV,55,585,1500,123,0,61.54,1.24,839.83,72,111,4,1,3,23,Rain,Medium,21,59,42,18,1005,95.24,8.853,121539.2,85.01,49.51,11,1,1
1/3/2024 8:00,D005,VH005,Tata,Curvv EV,55,585,1500,123,0,64.06,1.37,1002.67,60,113,1,0,3,18,Clear,Medium,21,68,50,18.5,1005,95.23,9.67,121603.2,85.1,49.48,11,1,1
1/3/2024 10:00,D005,VH005,Tata,Curvv EV,55,585,1500,123,1,154.82,1.91,2961.02,84,135,1,2,4,4,Rain,Medium,19,64,27,27.9,1006,95.23,19.983,121758.1,85.4,49.35,11,1,1
1/3/2024 12:00,D005,VH005,Tata,Curvv EV,55,585,1500,123,0,64.77,1.12,1289.13,77,106,1,1,1,17,Clear,High,27,50,32,19.8,1006,95.23,9.778,121822.8,85.53,49.3,11,1,1
1/3/2024 14:00,D005,VH005,Tata,Curvv EV,55,585,1500,123,0,24.23,0.65,394.37,73,108,0,5,1,19,Rain,Medium,20,70,64,18,1006,95.23,3.227,121847.1,85.76,49.16,11,1,0
1/3/2024 16:00,D005,VH005,Tata,Curvv EV,55,585,1500,123,0,57.22,1.56,738.16,46,111,1,4,0,19,Rain,High,27,72,57,18.6,1006,95.22,7.774,121904.3,86,49.03,11,1,1
1/3/2024 18:00,D005,VH005,Tata,Curvv EV,55,585,1500,123,1,134.59,1.56,1425.38,89,116,1,1,1,3,Fog,Medium,16,75,44,21.7,1006,95.22,16.793,122038.9,86.23,48.94,11,1,1
1/3/2024 20:00,D005,VH005,Tata,Curvv EV,55,585,1500,123,0,38.6,0.89,556.34,72,112,1,1,2,21,Rain,Medium,22,80,70,18.7,1006,95.22,5.244,122077.5,86.32,48.9,11,1,1
1/3/2024 22:00,D005,VH005,Tata,Curvv EV,55,585,1500,123,1,54.32,0.69,958.24,85,128,1,1,1,3,Clear,Medium,18,77,62,18,1006,95.22,7.79,122131.8,86.44,48.85,12,1,1
1/4/2024 0:00,D005,VH005,Tata,Curvv EV,55,585,1500,123,0,32.03,0.72,577.97,71,89,0,2,2,16,Rain,Low,18,85,77,18,1006,95.22,4.266,122163.8,86.56,48.78,12,1,1
1/4/2024 2:00,D005,VH005,Tata,Curvv EV,55,585,1500,123,0,20.08,0.49,373.33,65,96,0,2,1,11,Fog,Medium,19,67,62,18,1006,95.22,2.586,122183.9,86.67,48.72,12,1,1
1/4/2024 4:00,D005,VH005,Tata,Curvv EV,55,585,1500,123,0,23.13,0.79,351.79,57,96,0,1,6,23,Clear,Medium,19,59,52,18,1006,95.21,3.423,122207,86.74,48.69,12,1,0
1/4/2024 6:00,D005,VH005,Tata,Curvv EV,55,585,1500,123,0,9.18,0.28,174.14,83,96,0,2,2,10,Clear,Medium,19,72,69,18,1006,95.21,1.359,122216.2,86.84,48.63,12,1,1
1/4/2024 8:00,D005,VH005,Tata,Curvv EV,55,585,1500,123,0,35.24,0.94,523.29,58,87,1,0,0,20,Clear,Medium,17,64,54,18,1006,95.21,5.32,122251.4,86.89,48.62,12,1,1
1/4/2024 10:00,D005,VH005,Tata,Curvv EV,55,585,1500,123,0,37.16,0.69,449.27,79,108,0,1,2,13,Clear,Low,15,76,66,18,1006,95.21,5.5,122288.6,86.98,48.57,12,1,1
1/4/2024 12:00,D005,VH005,Tata,Curvv EV,55,585,1500,123,0,59.68,1.47,693.58,51,75,0,2,2,18,Clear,Medium,13,83,66,18,1006,95.21,8.833,122348.3,87.14,48.5,12,1,1
1/4/2024 14:00,D005,VH005,Tata,Curvv EV,55,585,1500,123,1,121.73,1.45,1575.25,87,142,1,0,3,3,Clear,Medium,19,67,35,22.7,1006,95.21,17.458,122470,87.31,48.44,12,1,1
1/4/2024 16:00,D005,VH005,Tata,Curvv EV,55,585,1500,123,0,22.16,0.62,298.65,60,105,2,3,2,15,Cloudy,High,23,69,63,18,1006,95.2,3.274,122492.2,87.46,48.35,12,1,1
1/4/2024 18:00,D005,VH005,Tata,Curvv EV,55,585,1500,123,1,124.99,1.69,2389.18,76,135,2,2,3,3,Clear,Low,18,59,25,24.3,1007,95.2,18.277,122617.2,87.72,48.24,12,1,1
1/4/2024 20:00,D005,VH005,Tata,Curvv EV,55,585,1500,123,0,64.28,1.51,1240.71,57,107,1,0,1,23,Clear,High,25,52,34,21.9,1007,95.2,9.704,122681.4,87.81,48.21,12,1,1
1/4/2024 22:00,D005,VH005,Tata,Curvv EV,55,585,1500,123,1,132.85,1.46,2562.65,94,118,2,4,1,3,Rain,Medium,19,80,48,22.1,1007,95.19,17.483,122814.3,88.15,48.05,13,1,1
1/5/2024 0:00,D005,VH005,Tata,Curvv EV,55,585,1500,123,0,28.3,0.68,337.81,63,74,2,1,2,14,Fog,High,28,68,61,18,1007,95.19,3.79,122842.6,88.23,48.01,13,1,1
1/5/2024 2:00,D005,VH005,Tata,Curvv EV,55,585,1500,123,0,52.09,1.51,577.46,43,121,1,3,2,18,Clear,Medium,18,57,42,18,1007,95.19,7.864,122894.7,88.43,47.91,13,1,1
1/5/2024 4:00,D005,VH005,Tata,Curvv EV,55,585,1500,123,0,50.36,1.01,566.26,61,139,0,3,2,11,Clear,Medium,23,66,52,18,1007,95.19,7.453,122945,88.62,47.81,13,1,1
1/5/2024 6:00,D005,VH005,Tata,Curvv EV,55,585,1500,123,0,8.77,0.64,112.96,62,91,0,2,2,30,Rain,Low,16,67,64,18,1007,95.19,1.168,122953.8,88.71,47.76,13,1,1
1/5/2024 8:00,D005,VH005,Tata,Curvv EV,55,585,1500,123,0,17.29,0.78,329.82,53,109,2,9,2,27,Fog,High,18,59,54,18,1007,95.19,2.315,122971.1,89.09,47.52,13,1,1
1/5/2024 10:00,D005,VH005,Tata,Curvv EV,55,585,1500,123,0,53.29,1.3,952.66,58,94,0,0,0,23,Rain,Medium,19,84,71,18,1007,95.19,7.098,123024.4,89.17,47.5,13,1,1
1/5/2024 12:00,D005,VH005,Tata,Curvv EV,55,585,1500,123,1,174.66,2.18,2290.84,82,138,0,3,0,3,Clear,Medium,13,66,21,27.5,1007,95.18,24.557,123199.1,89.53,47.34,13,1,1
1/5/2024 14:00,D005,VH005,Tata,Curvv EV,55,585,1500,123,0,19.23,0.55,347.95,61,95,0,2,4,14,Rain,Low,15,75,70,18,1007,95.18,2.561,123218.3,89.64,47.28,13,1,1
1/5/2024 16:00,D005,VH005,Tata,Curvv EV,55,585,1500,123,1,173.87,1.79,2872.79,98,144,0,1,2,1,Clear,Medium,16,69,24,24.1,1007,95.17,24.446,123392.2,89.92,47.17,13,1,1
1/5/2024 18:00,D005,VH005,Tata,Curvv EV,55,585,1500,123,0,16.2,0.44,178.7,56,100,0,1,1,9,Rain,Medium,21,60,56,18,1007,95.17,2.158,123408.4,89.99,47.14,13,1,0
1/5/2024 20:00,D005,VH005,Tata,Curvv EV,55,585,1500,123,1,161.5,2.29,2090.46,71,109,0,2,2,1,Fog,Low,21,49,13,23.1,1008,95.17,19.755,123569.9,90.29,47.01,13,1,1
1/5/2024 22:00,D005,VH005,Tata,Curvv EV,55,585,1500,123,0,11.2,0.26,200.55,70,106,1,2,1,6,Clear,Medium,17,69,65,18,1008,95.17,1.691,123581.1,90.39,46.95,14,1,1
1/6/2024 0:00,D005,VH005,Tata,Curvv EV,55,585,1500,123,0,18.52,0.41,247.86,66,94,1,1,3,8,Rain,High,19,57,52,18,1008,95.17,2.516,123599.6,90.45,46.92,14,1,1
1/6/2024 2:00,D005,VH005,Tata,Curvv EV,55,585,1500,123,0,33.39,0.66,384.1,72,84,0,4,2,12,Cloudy,Medium,20,76,67,18,1008,95.17,4.744,123633,90.66,46.8,14,1,1
1/6/2024 4:00,D005,VH005,Tata,Curvv EV,55,585,1500,123,0,16.06,0.49,287.57,55,110,3,2,3,12,Clear,High,20,60,55,18,1008,95.17,2.519,123649,90.76,46.75,14,1,1
1/6/2024 6:00,D005,VH005,Tata,Curvv EV,55,585,1500,123,0,15.88,0.46,250.3,58,116,0,6,3,11,Rain,Medium,16,76,72,18,1008,95.17,2.115,123664.9,91.02,46.59,14,1,1
1/6/2024 8:00,D005,VH005,Tata,Curvv EV,55,585,1500,123,0,48.89,1,963.32,64,111,1,2,2,14,Cloudy,Low,16,78,65,18,1008,95.16,7.085,123713.8,91.17,46.52,14,1,1
1/6/2024 10:00,D005,VH005,Tata,Curvv EV,55,585,1500,123,0,36.5,1.02,409.24,64,96,0,3,4,27,Clear,High,14,48,38,18,1008,95.16,5.402,123750.3,91.34,46.42,14,1,1
1/6/2024 12:00,D005,VH005,Tata,Curvv EV,55,585,1500,123,0,61.9,1.56,1175.16,51,103,2,4,0,21,Cloudy,Low,8,77,60,18,1008,95.16,9.147,123812.2,91.59,46.29,14,1,1
1/6/2024 14:00,D005,VH005,Tata,Curvv EV,55,585,1500,123,0,28.68,0.64,543.82,47,116,1,2,1,2,Fog,Low,13,68,61,18,1008,95.16,3.767,123840.9,91.71,46.23,14,1,1
1/6/2024 16:00,D005,VH005,Tata,Curvv EV,55,585,1500,123,0,25.95,0.88,465.51,56,140,0,5,4,25,Clear,Medium,11,56,49,18,1008,95.16,3.841,123866.8,91.95,46.09,14,1,1
1/6/2024 18:00,D005,VH005,Tata,Curvv EV,55,585,1500,123,0,60.5,1.22,1036.92,66,88,0,2,2,18,Clear,Low,16,70,53,18,1008,95.16,8.954,123927.3,92.11,46.01,14,1,1
1/6/2024 20:00,D005,VH005,Tata,Curvv EV,55,585,1500,123,0,15.66,0.37,258.05,55,80,1,2,1,5,Fog,Medium,23,73,69,18,1008,95.16,2.057,123943,92.21,45.96,14,1,1
1/6/2024 22:00,D005,VH005,Tata,Curvv EV,55,585,1500,123,0,33.57,1.09,436.78,50,107,1,2,4,25,Rain,Low,14,60,51,18,1008,95.15,4.561,123976.6,92.34,45.89,15,1,1
1/7/2024 0:00,D005,VH005,Tata,Curvv EV,55,585,1500,123,0,54.59,1.01,1016.78,70,75,0,0,4,14,Rain,High,17,63,49,18,1008,95.15,7.271,124031.1,92.42,45.86,15,1,1
1/7/2024 2:00,D005,VH005,Tata,Curvv EV,55,585,1500,123,0,51.01,1.21,570.68,64,98,0,2,1,25,Clear,High,18,72,58,18,1008,95.15,7.549,124082.1,92.57,45.79,15,1,1
1/7/2024 4:00,D005,VH005,Tata,Curvv EV,55,585,1500,123,1,146.52,1.66,1845.26,91,108,7,2,1,3,Rain,Medium,22,70,31,20.6,1008,95.15,21.136,124228.7,92.85,45.67,15,1,1
1/7/2024 6:00,D005,VH005,Tata,Curvv EV,55,585,1500,123,1,81.86,1.08,1541.87,76,119,3,2,0,0,Rain,Low,18,60,40,18,1008,95.14,10.98,124310.5,93.05,45.58,15,1,1
1/7/2024 8:00,D005,VH005,Tata,Curvv EV,55,585,1500,123,0,14.25,0.55,168.85,66,82,0,3,0,20,Clear,Medium,24,84,80,18,1009,95.14,2.109,124324.8,93.19,45.5,15,1,1
1/7/2024 10:00,D005,VH005,Tata,Curvv EV,55,585,1500,123,0,43.45,0.82,697.64,79,115,2,1,4,16,Clear,High,17,72,59,18,1009,95.14,6.688,124368.2,93.29,45.45,15,1,1
1/7/2024 12:00,D005,VH005,Tata,Curvv EV,55,585,1500,123,1,80.63,0.94,1533.98,91,123,1,2,1,3,Rain,Low,15,88,69,18,1009,95.14,10.407,124448.9,93.48,45.36,15,1,1
1/7/2024 14:00,D005,VH005,Tata,Curvv EV,55,585,1500,123,1,64.88,0.67,1171.84,107,126,1,4,2,4,Rain,Medium,20,65,49,18,1009,95.14,8.374,124513.7,93.73,45.23,15,1,1
1/7/2024 16:00,D005,VH005,Tata,Curvv EV,55,585,1500,123,1,113.62,1.4,1384.91,85,142,1,2,1,4,Rain,Low,16,66,39,18.2,1009,95.13,14.665,124627.4,93.97,45.13,15,1,1
1/7/2024 18:00,D005,VH005,Tata,Curvv EV,55,585,1500,123,0,61.39,1.34,824.16,57,113,2,0,2,16,Cloudy,Medium,13,67,50,18,1009,95.13,9.071,124688.8,94.06,45.1,15,1,1
1/7/2024 20:00,D005,VH005,Tata,Curvv EV,55,585,1500,123,0,46.22,1.09,812.78,46,99,0,2,4,5,Clear,Low,15,76,63,18,1009,95.13,6.841,124735,94.2,45.03,15,1,1
1/7/2024 22:00,D005,VH005,Tata,Curvv EV,55,585,1500,123,0,62.81,1.73,1077.51,45,93,0,3,1,20,Clear,Medium,23,66,49,18,1009,95.13,9.296,124797.8,94.41,44.92,16,1,1
1/8/2024 0:00,D005,VH005,Tata,Curvv EV,55,585,1500,123,0,62.38,1.42,702.18,54,85,0,0,2,16,Rain,Low,8,76,60,18,1009,95.13,8.309,124860.2,94.5,44.89,16,1,1
1/8/2024 2:00,D005,VH005,Tata,Curvv EV,55,585,1500,123,0,8.26,0.48,148.78,56,90,1,3,2,20,Clear,High,17,81,78,18,1009,95.12,1.247,124868.4,94.63,44.81,16,1,1
1/8/2024 4:00,D005,VH005,Tata,Curvv EV,55,585,1500,123,0,53.77,1.01,722.79,71,91,0,3,2,15,Rain,Low,18,70,56,18,1009,95.12,7.162,124922.2,94.82,44.71,16,1,1
1/8/2024 6:00,D005,VH005,Tata,Curvv EV,55,585,1500,123,0,31.3,0.97,339.61,53,100,0,2,4,23,Fog,Low,13,66,58,18,1009,95.12,4.03,124953.5,94.95,44.65,16,1,1
1/8/2024 8:00,D005,VH005,Tata,Curvv EV,55,585,1500,123,0,52.78,1.46,975.41,45,94,0,2,4,17,Clear,High,17,56,41,18,1009,95.12,7.811,125006.3,95.1,44.57,16,1,1
1/8/2024 10:00,D005,VH005,Tata,Curvv EV,55,585,1500,123,1,177.41,1.96,2476.37,92,115,2,0,1,2,Rain,Medium,16,50,10,23.8,1009,95.11,23.347,125183.7,95.35,44.48,16,1,1
1/8/2024 12:00,D005,VH005,Tata,Curvv EV,55,585,1500,123,1,103.31,1.07,1825.9,100,130,0,2,2,2,Clear,Medium,18,82,55,19.6,1010,95.11,14.525,125287,95.58,44.39,16,1,1
1/8/2024 14:00,D005,VH005,Tata,Curvv EV,55,585,1500,123,0,34.81,0.83,494.56,54,106,1,2,1,11,Cloudy,High,18,68,58,18,1010,95.11,5.045,125321.8,95.7,44.32,16,1,1
1/8/2024 16:00,D005,VH005,Tata,Curvv EV,55,585,1500,123,0,26.31,0.74,380.55,58,103,0,1,1,17,Clear,Medium,15,46,38,18,1010,95.11,3.894,125348.1,95.78,44.28,16,1,1
1/8/2024 18:00,D005,VH005,Tata,Curvv EV,55,585,1500,123,0,46.85,1.18,852.02,54,112,1,1,3,19,Clear,Medium,22,91,78,18,1010,95.11,7.072,125395,95.89,44.23,16,1,1
1/8/2024 20:00,D005,VH005,Tata,Curvv EV,55,585,1500,123,1,105.07,1.48,1368.15,75,111,0,3,2,5,Cloudy,Low,20,75,49,18.8,1010,95.1,14.182,125500,96.15,44.11,16,1,1
1/8/2024 22:00,D005,VH005,Tata,Curvv EV,55,585,1500,123,0,57.96,1.22,830.9,55,87,0,4,1,10,Fog,High,22,89,75,18,1010,95.1,7.463,125558,96.39,43.98,17,1,1
1/9/2024 0:00,D005,VH005,Tata,Curvv EV,55,585,1500,123,0,29.3,0.7,316.44,92,97,0,3,3,23,Clear,Low,17,77,69,18,1010,95.1,4.336,125587.3,96.56,43.89,17,1,1
1/9/2024 2:00,D005,VH005,Tata,Curvv EV,55,585,1500,123,1,179.24,2.47,1922.25,74,127,2,2,0,3,Cloudy,Medium,16,64,18,28.3,1010,95.1,25.161,125766.5,96.89,43.75,17,1,1
1/9/2024 4:00,D005,VH005,Tata,Curvv EV,55,585,1500,123,0,53.38,0.99,559.12,54,113,1,3,0,0,Fog,High,15,70,57,18,1010,95.09,7.011,125819.9,97.08,43.65,17,1,1
1/9/2024 6:00,D005,VH005,Tata,Curvv EV,55,585,1500,123,0,22.59,0.79,293.43,61,102,3,2,3,25,Clear,Medium,25,65,58,18,1010,95.09,3.544,125842.5,97.19,43.59,17,1,1
1/9/2024 8:00,D005,VH005,Tata,Curvv EV,55,585,1500,123,1,96.78,1.4,1418.7,71,114,1,1,1,2,Clear,Medium,12,67,41,20.6,1010,95.09,13.879,125939.3,97.37,43.52,17,1,0
1/9/2024 10:00,D005,VH005,Tata,Curvv EV,55,585,1500,123,0,26.62,0.69,372.31,65,112,2,4,0,17,Cloudy,High,13,63,55,18,1010,95.09,3.933,125965.9,97.57,43.41,17,1,1
1/9/2024 12:00,D005,VH005,Tata,Curvv EV,55,585,1500,123,0,55.01,1.15,813.97,56,103,1,3,2,10,Rain,Medium,18,77,63,18,1010,95.09,7.474,126020.9,97.76,43.31,17,1,1
1/9/2024 14:00,D005,VH005,Tata,Curvv EV,55,585,1500,123,0,40.68,0.79,809.62,60,113,0,2,0,7,Rain,Medium,17,63,53,18,1010,95.09,5.419,126061.6,97.9,43.24,17,1,1
1/9/2024 16:00,D005,VH005,Tata,Curvv EV,55,585,1500,123,0,51.54,0.99,621.04,55,113,1,2,1,3,Fog,Low,23,75,62,19.4,1011,95.08,6.769,126113.1,98.05,43.16,17,1,1
1/9/2024 18:00,D005,VH005,Tata,Curvv EV,55,585,1500,123,0,47.72,0.92,597,61,99,0,3,1,8,Clear,High,15,49,36,18,1011,95.08,7.063,126160.9,98.24,43.07,17,1,1
1/9/2024 20:00,D005,VH005,Tata,Curvv EV,55,585,1500,123,0,33.73,0.94,382.85,63,99,0,3,3,24,Clear,Medium,18,57,47,18,1011,95.08,4.992,126194.6,98.41,42.97,17,1,1
1/9/2024 22:00,D005,VH005,Tata,Curvv EV,55,585,1500,123,1,132.81,1.42,1375.69,98,130,3,2,1,4,Clear,Low,15,64,28,21.8,1011,95.08,19.793,126327.4,98.67,42.86,18,1,1
1/10/2024 0:00,D005,VH005,Tata,Curvv EV,55,585,1500,123,1,114,1.55,1259.77,76,114,3,1,0,3,Rain,Low,19,68,40,24.1,1011,95.07,15.291,126441.4,98.87,42.78,18,1,1
1/10/2024 2:00,D005,VH005,Tata,Curvv EV,55,585,1500,123,1,171.17,2.13,2469.27,81,109,1,1,2,1,Rain,Medium,16,73,32,25.1,1011,95.07,22.093,126612.6,99.15,42.67,18,1,1
1/10/2024 4:00,D005,VH005,Tata,Curvv EV,55,585,1500,123,1,128.12,1.41,2500.71,94,124,1,3,2,3,Clear,Low,12,58,24,21.6,1011,95.06,18.374,126740.7,99.45,42.54,18,1,1
1/10/2024 6:00,D005,VH005,Tata,Curvv EV,55,585,1500,123,1,157.01,1.94,2577.24,83,117,0,2,2,3,Fog,Medium,17,71,36,23.2,1011,95.06,19.206,126897.7,99.75,42.41,18,1,1
1/10/2024 8:00,D005,VH005,Tata,Curvv EV,55,585,1500,123,0,32.33,0.86,492.48,59,96,0,3,4,19,Fog,Low,17,88,80,18,1011,95.06,4.163,126930,99.92,42.32,18,1,0
1/10/2024 10:00,D005,VH005,Tata,Curvv EV,55,585,1500,123,1,67.81,0.93,1091.6,79,147,1,0,1,4,Cloudy,Low,14,66,49,18,1012,95.05,9.336,126997.8,100,42.29,18,1,1
1/10/2024 12:00,D005,VH005,Tata,Curvv EV,55,585,1500,123,0,50.47,1.17,604.22,56,97,0,2,1,16,Cloudy,Low,14,86,72,18,1012,95.05,7.171,127048.3,100,42.21,18,1,1
1/10/2024 14:00,D005,VH005,Tata,Curvv EV,55,585,1500,123,0,58.67,1.26,879.17,62,81,0,2,3,19,Rain,High,23,45,30,18,1012,95.05,7.815,127107,100,42.14,18,1,1
1/10/2024 16:00,D005,VH005,Tata,Curvv EV,55,585,1500,123,1,153.26,1.91,2805.09,81,125,4,2,1,1,Clear,Medium,17,72,29,27.3,1012,95.05,23.272,127260.2,100,42.01,18,1,1
1/10/2024 18:00,D005,VH005,Tata,Curvv EV,55,585,1500,123,0,61.15,1.26,1074.95,66,90,0,3,4,20,Fog,Low,21,65,50,19.9,1012,95.04,7.874,127321.4,100,41.91,18,1,1
1/10/2024 20:00,D005,VH005,Tata,Curvv EV,55,585,1500,123,0,8.22,0.28,104.22,64,105,4,2,3,9,Fog,Medium,16,86,83,18,1012,95.04,1.143,127329.6,100,41.85,18,1,1
1/10/2024 22:00,D005,VH005,Tata,Curvv EV,55,585,1500,123,0,21.22,0.77,273.48,51,108,2,2,1,21,Rain,Low,24,72,66,18,1012,95.04,2.94,127350.8,100,41.79,19,1,1
1/11/2024 0:00,D005,VH005,Tata,Curvv EV,55,585,1500,123,0,54.73,1.03,674.37,77,108,0,2,0,19,Cloudy,Medium,13,62,47,18,1012,95.04,7.776,127405.5,100,41.72,19,1,1
1/11/2024 2:00,D005,VH005,Tata,Curvv EV,55,585,1500,123,1,133.32,1.48,1538.47,91,124,2,3,0,1,Clear,Low,15,57,21,22.1,1012,95.04,19.495,127538.9,100,41.58,19,1,1
1/11/2024 4:00,D005,VH005,Tata,Curvv EV,55,585,1500,123,0,19.75,0.57,266.54,61,104,0,1,3,15,Fog,High,13,64,59,18,1012,95.04,2.543,127558.6,100,41.54,19,1,1
1/11/2024 6:00,D005,VH005,Tata,Curvv EV,55,585,1500,123,1,110.34,1.51,1717.71,78,128,1,2,1,6,Clear,Low,17,83,54,18,1012,95.03,15.824,127669,100,41.44,19,1,1
1/11/2024 8:00,D005,VH005,Tata,Curvv EV,55,585,1500,123,0,44.29,0.92,674.6,60,105,4,1,0,11,Rain,Low,20,68,56,18,1012,95.03,6.371,127713.2,100,41.4,19,1,1
1/11/2024 10:00,D005,VH005,Tata,Curvv EV,55,585,1500,123,1,114.56,1.41,1735.02,84,123,0,2,1,3,Clear,Medium,19,81,51,22.1,1012,95.03,16.107,127827.8,100,41.29,19,1,1
1/11/2024 12:00,D005,VH005,Tata,Curvv EV,55,585,1500,123,0,29.65,0.84,360.07,61,113,2,2,5,21,Rain,Low,19,69,61,18,1013,95.03,4.107,127857.5,100,41.23,19,1,1
1/11/2024 14:00,D005,VH005,Tata,Curvv EV,55,585,1500,123,0,21.1,0.65,254.91,70,108,1,1,0,21,Rain,Medium,25,41,35,18,1013,95.02,2.867,127878.6,100,41.19,19,1,1
1/11/2024 16:00,D005,VH005,Tata,Curvv EV,55,585,1500,123,0,56.19,0.95,872.66,82,87,0,1,2,16,Clear,Medium,25,54,38,18,1013,95.02,8.316,127934.7,100,41.14,19,1,1
1/11/2024 18:00,D005,VH005,Tata,Curvv EV,55,585,1500,123,1,89.32,1,907.32,96,125,3,1,1,4,Cloudy,Low,24,42,18,23.1,1013,95.02,12.779,128024.1,100,41.07,19,1,1
1/11/2024 20:00,D005,VH005,Tata,Curvv EV,55,585,1500,123,0,61.62,1,759.65,74,125,1,4,1,10,Cloudy,Medium,14,89,72,18,1013,95.02,8.93,128085.7,100,40.94,19,1,1
1/11/2024 22:00,D005,VH005,Tata,Curvv EV,55,585,1500,123,0,9.96,0.45,159.14,53,99,1,1,1,16,Clear,Low,18,71,68,18,1013,95.02,1.504,128095.6,100,40.91,19,1,1
1/12/2024 0:00,D005,VH005,Tata,Curvv EV,55,585,1500,123,0,25.35,0.92,378.92,36,120,4,3,2,13,Clear,Medium,16,59,51,18,1013,95.02,4.052,128121,100,40.82,20,1,1
1/12/2024 2:00,D005,VH005,Tata,Curvv EV,55,585,1500,123,0,50.42,1.28,591.31,63,86,1,4,3,29,Clear,Medium,16,76,62,18,1013,95.01,7.611,128171.4,100,40.7,20,1,1
1/12/2024 4:00,D005,VH005,Tata,Curvv EV,55,585,1500,123,0,59.93,1.37,642.14,52,105,3,3,3,13,Clear,Medium,14,63,45,18,1013,95.01,9.402,128231.3,100,40.6,20,1,1
1/12/2024 6:00,D005,VH005,Tata,Curvv EV,55,585,1500,123,1,145.65,1.73,1603.87,86,147,3,1,2,2,Rain,Medium,21,60,24,25.1,1013,95.01,19.536,128377,100,40.5,20,1,1
1/12/2024 8:00,D005,VH005,Tata,Curvv EV,55,585,1500,123,0,49.72,0.88,748.42,73,117,1,3,2,12,Rain,High,14,65,52,18,1013,95.01,6.755,128426.7,100,40.4,20,1,1
1/12/2024 10:00,D005,VH005,Tata,Curvv EV,55,585,1500,123,0,62.03,1.32,1012.01,57,117,1,1,2,14,Clear,Medium,17,73,55,18.6,1013,95,9.364,128488.7,100,40.35,20,1,1
1/12/2024 12:00,D005,VH005,Tata,Curvv EV,55,585,1500,123,0,27.92,0.77,401.89,59,122,0,2,2,18,Cloudy,Medium,15,63,55,18,1013,95,3.967,128516.7,100,40.28,20,1,1
1/12/2024 14:00,D005,VH005,Tata,Curvv EV,55,585,1500,123,0,53.91,1.55,932.86,43,108,4,2,2,18,Rain,Medium,12,84,69,18,1013,95,7.755,128570.6,100,40.21,20,1,0
1/12/2024 16:00,D005,VH005,Tata,Curvv EV,55,585,1500,123,0,17.28,0.3,299.5,88,103,3,1,1,6,Clear,Low,20,64,59,18,1013,95,2.711,128587.9,100,40.18,20,1,0
1/12/2024 18:00,D005,VH005,Tata,Curvv EV,55,585,1500,123,0,63.39,1.02,1066.68,74,130,1,4,2,10,Cloudy,Medium,8,73,56,18,1013,95,9.187,128651.2,100,40.05,20,1,0
1/12/2024 20:00,D005,VH005,Tata,Curvv EV,55,585,1500,123,1,130.14,1.8,2483.01,76,127,1,1,3,5,Cloudy,Medium,14,73,40,22,1014,94.99,17.917,128781.4,100,39.96,20,1,0
1/12/2024 22:00,D005,VH005,Tata,Curvv EV,55,585,1500,123,0,59.88,1.17,1083.58,70,121,1,2,0,19,Rain,Medium,26,79,64,18,1014,94.99,8.136,128841.3,100,39.88,20,1,0
1/13/2024 0:00,D005,VH005,Tata,Curvv EV,55,585,1500,123,1,96.3,1.14,1508.79,91,132,1,2,3,5,Fog,Low,13,54,32,18,1014,94.99,12.015,128937.6,100,39.78,21,1,0
1/13/2024 2:00,D005,VH005,Tata,Curvv EV,55,585,1500,123,1,164.61,2.01,2749.7,86,134,2,2,0,6,Rain,Medium,13,65,25,25.2,1014,94.98,21.663,129102.2,100,39.65,21,1,0
1/13/2024 4:00,D005,VH005,Tata,Curvv EV,55,585,1500,123,0,59.39,1.18,888.24,55,110,1,2,1,6,Clear,Low,28,56,39,20.9,1014,94.98,8.966,129161.6,100,39.58,21,1,1
1/13/2024 6:00,D005,VH005,Tata,Curvv EV,55,585,1500,123,1,111.32,1.55,1712.29,75,126,3,2,1,4,Clear,Medium,18,84,53,19.6,1014,94.98,16.591,129272.9,100,39.47,21,1,1
1/13/2024 8:00,D005,VH005,Tata,Curvv EV,55,585,1500,123,1,57.17,0.71,945.14,89,118,2,1,4,4,Clear,Low,18,89,73,18,1014,94.98,8.36,129330.1,100,39.42,21,1,1
1/13/2024 10:00,D005,VH005,Tata,Curvv EV,55,585,1500,123,0,21.88,0.55,385.25,72,93,0,2,5,15,Rain,High,24,48,42,18,1014,94.97,2.914,129351.9,100,39.36,21,1,1
1/13/2024 12:00,D005,VH005,Tata,Curvv EV,55,585,1500,123,1,168.85,1.81,3298.53,94,123,3,1,1,1,Clear,Low,26,79,33,32.2,1014,94.97,25.165,129520.8,100,39.25,21,1,1
1/13/2024 14:00,D005,VH005,Tata,Curvv EV,55,585,1500,123,0,41.42,1.03,559.61,67,89,0,0,3,25,Clear,Medium,18,64,52,18,1015,94.97,6.13,129562.2,100,39.23,21,1,1
1/13/2024 16:00,D005,VH005,Tata,Curvv EV,55,585,1500,123,0,28.56,0.9,553.82,57,104,1,3,1,24,Fog,High,17,60,53,18,1015,94.97,3.751,129590.8,100,39.14,21,1,1
1/13/2024 18:00,D005,VH005,Tata,Curvv EV,55,585,1500,123,1,118.16,1.63,2161.51,75,124,0,0,6,3,Rain,Low,16,44,16,18,1015,94.96,14.952,129708.9,100,39.09,21,1,1
1/13/2024 20:00,D005,VH005,Tata,Curvv EV,55,585,1500,123,0,49.83,1.09,890.23,56,82,1,1,2,12,Clear,High,13,74,60,18,1015,94.96,7.522,129758.8,100,39.04,21,1,1
1/13/2024 22:00,D005,VH005,Tata,Curvv EV,55,585,1500,123,0,54.38,2.05,1048.96,30,97,0,5,1,14,Clear,High,15,63,48,18,1015,94.96,8.048,129813.1,100,38.89,21,1,1
1/14/2024 0:00,D005,VH005,Tata,Curvv EV,55,585,1500,123,0,25.24,0.99,402.39,55,114,1,9,5,32,Rain,Medium,15,63,56,18,1015,94.96,3.429,129838.4,100,38.65,22,1,1
1/14/2024 2:00,D005,VH005,Tata,Curvv EV,55,585,1500,123,0,50.38,0.8,738.04,74,109,2,3,2,7,Clear,Medium,21,63,48,18,1015,94.96,7.754,129888.8,100,38.55,22,1,1
1/14/2024 4:00,D005,VH005,Tata,Curvv EV,55,585,1500,123,0,8.97,0.45,139.68,53,83,0,2,2,17,Fog,Medium,18,73,70,18,1015,94.96,1.155,129897.7,100,38.5,22,1,1
1/14/2024 6:00,D005,VH005,Tata,Curvv EV,55,585,1500,123,0,46,1.07,550.43,54,106,2,4,2,13,Fog,Medium,14,58,46,18,1015,94.95,6.16,129943.7,100,38.37,22,1,1
1/14/2024 8:00,D005,VH005,Tata,Curvv EV,55,585,1500,123,0,17.66,0.58,228.78,56,112,0,2,2,16,Cloudy,Medium,21,88,83,18,1015,94.95,2.509,129961.4,100,38.32,22,1,1
1/14/2024 10:00,D005,VH005,Tata,Curvv EV,55,585,1500,123,0,14.98,0.62,255.47,52,123,0,2,4,20,Cloudy,Medium,26,67,63,18,1015,94.95,2.128,129976.4,100,38.26,22,1,1
1/14/2024 12:00,D005,VH005,Tata,Curvv EV,55,585,1500,123,0,62.63,1.25,1039.46,66,101,1,4,1,18,Clear,High,19,47,29,18,1015,94.95,9.455,130039,100,38.13,22,1,1
1/14/2024 14:00,D005,VH005,Tata,Curvv EV,55,585,1500,123,1,114.12,1.48,1459.2,81,131,3,2,2,4,Cloudy,Medium,12,73,43,18,1015,94.95,16.328,130153.1,100,38.02,22,1,1
1/14/2024 16:00,D005,VH005,Tata,Curvv EV,55,585,1500,123,1,114.8,1.83,1428.08,64,140,0,3,2,2,Clear,Medium,24,74,44,24.9,1015,94.94,16.141,130267.9,100,37.89,22,1,1
1/14/2024 18:00,D005,VH005,Tata,Curvv EV,55,585,1500,123,0,54.68,1.36,640.94,56,109,1,2,5,23,Fog,Medium,25,76,62,18,1015,94.94,7.181,130322.6,100,37.82,22,1,1
1/14/2024 20:00,D005,VH005,Tata,Curvv EV,55,585,1500,123,0,36.17,0.94,588.41,65,95,0,4,2,23,Rain,Medium,15,78,69,18,1015,94.94,4.818,130358.8,100,37.7,22,1,1
1/14/2024 22:00,D005,VH005,Tata,Curvv EV,55,585,1500,123,0,35.54,0.92,445.72,53,86,1,3,1,15,Clear,Medium,12,50,40,18,1015,94.94,5.365,130394.3,100,37.61,22,1,1
1/15/2024 0:00,D005,VH005,Tata,Curvv EV,55,585,1500,123,0,44.86,1.25,786.17,52,94,0,1,1,23,Clear,Medium,16,81,68,18,1016,94.94,6.639,130439.2,100,37.56,23,1,1
1/15/2024 2:00,D005,VH005,Tata,Curvv EV,55,585,1500,123,1,88.47,1.02,1192.84,91,134,1,1,0,3,Clear,Medium,15,68,44,18,1016,94.93,12.688,130527.6,100,37.49,23,1,1
1/15/2024 4:00,D005,VH005,Tata,Curvv EV,55,585,1500,123,0,37.71,0.79,405.05,79,107,2,2,3,19,Fog,Low,13,75,65,18,1016,94.93,5.05,130565.4,100,37.43,23,1,1
1/15/2024 6:00,D005,VH005,Tata,Curvv EV,55,585,1500,123,0,31.46,0.65,567.35,61,88,1,5,2,8,Fog,Medium,23,72,64,18,1016,94.93,4.132,130596.8,100,37.29,23,1,1
1/15/2024 8:00,D005,VH005,Tata,Curvv EV,55,585,1500,123,0,59.45,1.46,1030.17,53,109,1,1,3,20,Rain,Medium,21,77,62,18,1016,94.93,8.077,130656.3,100,37.23,23,1,1
1/15/2024 10:00,D005,VH005,Tata,Curvv EV,55,585,1500,123,1,172.51,1.63,2669.04,108,135,2,2,4,2,Fog,Medium,13,50,10,23.9,1016,94.93,21.946,130828.8,100,37.1,23,1,0
1/15/2024 12:00,D005,VH005,Tata,Curvv EV,55,585,1500,123,0,32.72,0.78,397.19,55,111,3,4,3,11,Cloudy,High,16,69,60,18,1016,94.92,4.928,130861.5,100,36.98,23,1,0
1/15/2024 14:00,D005,VH005,Tata,Curvv EV,55,585,1500,123,0,20.95,0.62,388.1,82,100,1,3,0,22,Rain,Medium,15,76,70,18,1016,94.92,2.846,130882.4,100,36.9,23,1,0
1/15/2024 16:00,D005,VH005,Tata,Curvv EV,55,585,1500,123,0,35.64,0.6,606.15,76,123,4,0,4,8,Fog,Low,27,68,58,18,1016,94.92,4.956,130918.1,100,36.88,23,1,0
1/15/2024 18:00,D005,VH005,Tata,Curvv EV,55,585,1500,123,0,28.51,0.71,532.99,60,91,0,2,2,14,Rain,Low,17,87,80,18,1016,94.92,3.798,130946.6,100,36.82,23,1,0
1/15/2024 20:00,D005,VH005,Tata,Curvv EV,55,585,1500,123,1,147.9,1.71,2028.61,90,122,1,1,0,4,Clear,Low,10,75,36,24.5,1016,94.92,21.211,131094.5,100,36.72,23,1,0
1/15/2024 22:00,D005,VH005,Tata,Curvv EV,55,585,1500,123,1,169.4,2.21,2705.97,78,133,1,1,1,2,Fog,Medium,22,77,38,25.8,1016,94.91,21.136,131263.9,100,36.62,23,1,0
1/16/2024 0:00,D005,VH005,Tata,Curvv EV,55,585,1500,123,0,31.2,0.8,469.91,57,99,1,4,2,15,Cloudy,High,16,87,78,18,1016,94.91,4.522,131295.1,100,36.5,24,1,1
1/16/2024 2:00,D005,VH005,Tata,Curvv EV,55,585,1500,123,0,18.74,0.54,357.41,46,121,1,3,2,8,Clear,High,16,59,53,18,1016,94.91,2.829,131313.8,100,36.42,24,1,1
1/16/2024 4:00,D005,VH005,Tata,Curvv EV,55,585,1500,123,0,44.66,0.8,875.01,79,91,0,2,3,14,Rain,High,13,72,61,18,1017,94.91,5.949,131358.5,100,36.35,24,1,1
1/16/2024 6:00,D005,VH005,Tata,Curvv EV,55,585,1500,123,1,112.2,1.44,1304.53,80,134,0,2,3,2,Rain,Low,16,71,45,19.4,1017,94.9,14.198,131470.7,100,36.24,24,1,1
1/16/2024 8:00,D005,VH005,Tata,Curvv EV,55,585,1500,123,0,58.14,1.1,1080.74,68,90,1,0,5,15,Rain,High,25,77,62,18,1017,94.9,7.899,131528.8,100,36.21,24,1,1
1/16/2024 10:00,D005,VH005,Tata,Curvv EV,55,585,1500,123,1,178.77,2.62,3088.83,70,134,0,0,4,4,Clear,Medium,13,62,16,24.7,1017,94.9,25.135,131707.6,100,36.13,24,1,1
1/16/2024 12:00,D005,VH005,Tata,Curvv EV,55,585,1500,123,0,26.82,0.72,275.22,66,90,1,2,1,19,Cloudy,Low,18,58,50,18,1017,94.9,3.887,131734.4,100,36.07,24,1,1
1/16/2024 14:00,D005,VH005,Tata,Curvv EV,55,585,1500,123,0,44.62,0.99,791.87,72,117,3,2,2,22,Rain,Medium,18,87,75,18,1017,94.89,6.3,131779,100,35.99,24,1,1
1/16/2024 16:00,D005,VH005,Tata,Curvv EV,55,585,1500,123,0,29.2,0.92,348.43,72,109,4,0,2,31,Fog,Low,25,73,65,18,1017,94.89,4.061,131808.2,100,35.98,24,1,1
1/16/2024 18:00,D005,VH005,Tata,Curvv EV,55,585,1500,123,1,171.97,2.8,2002.52,63,137,5,4,1,4,Clear,Medium,24,67,18,32.1,1017,94.89,26.597,131980.2,100,35.8,24,1,1
1/16/2024 20:00,D005,VH005,Tata,Curvv EV,55,585,1500,123,1,131.04,1.61,2371.49,86,130,2,1,3,5,Cloudy,Medium,16,86,52,21.7,1017,94.88,18.395,132111.3,100,35.71,24,1,1
1/16/2024 22:00,D005,VH005,Tata,Curvv EV,55,585,1500,123,0,31.46,0.72,623.01,51,96,0,1,2,6,Rain,Low,23,79,71,18,1017,94.88,4.19,132142.7,100,35.67,24,1,1
1/17/2024 0:00,D005,VH005,Tata,Curvv EV,55,585,1500,123,0,30.4,0.6,370.85,76,91,1,2,4,12,Clear,Medium,21,56,47,18,1017,94.88,4.589,132173.1,100,35.6,25,1,0
1/17/2024 2:00,D005,VH005,Tata,Curvv EV,55,585,1500,123,1,107.93,1.22,1779.37,95,144,3,0,2,5,Clear,Low,17,72,42,20.8,1018,94.88,16.085,132281,100,35.55,25,1,1
1/17/2024 4:00,D005,VH005,Tata,Curvv EV,55,585,1500,123,0,22.05,0.54,241.84,75,95,1,1,2,15,Rain,Medium,23,65,59,18,1018,94.88,2.996,132303.1,100,35.52,25,1,1
1/17/2024 6:00,D005,VH005,Tata,Curvv EV,55,585,1500,123,1,119.88,1.35,2357.53,92,98,1,2,3,3,Cloudy,Medium,21,59,28,20.3,1018,94.87,16.505,132423,100,35.41,25,1,0
1/17/2024 8:00,D005,VH005,Tata,Curvv EV,55,585,1500,123,0,21.78,0.67,347.65,65,116,2,2,2,20,Cloudy,Medium,20,67,61,18,1018,94.87,3.218,132444.8,100,35.35,25,1,1
1/17/2024 10:00,D005,VH005,Tata,Curvv EV,55,585,1500,123,0,40.65,0.81,531.68,71,96,0,3,5,14,Clear,High,27,67,56,18,1018,94.87,6.016,132485.4,100,35.25,25,1,1
1/17/2024 12:00,D005,VH005,Tata,Curvv EV,55,585,1500,123,0,30.21,0.75,443.14,58,94,0,3,0,14,Rain,High,12,58,50,18,1018,94.87,4.024,132515.6,100,35.17,25,1,1
1/17/2024 14:00,D005,VH005,Tata,Curvv EV,55,585,1500,123,0,15.76,0.45,270.05,53,109,1,1,1,9,Rain,Low,17,66,62,18,1018,94.87,2.141,132531.4,100,35.13,25,1,1
1/17/2024 16:00,D005,VH005,Tata,Curvv EV,55,585,1500,123,0,41.43,0.8,468.4,59,116,3,2,1,6,Rain,High,22,58,47,18,1018,94.87,5.85,132572.8,100,35.06,25,1,1
1/17/2024 18:00,D005,VH005,Tata,Curvv EV,55,585,1500,123,1,99.54,1.22,1617.49,86,129,1,4,0,4,Clear,Medium,20,67,41,19.3,1018,94.86,14.275,132672.3,100,34.92,25,1,1
1/17/2024 20:00,D005,VH005,Tata,Curvv EV,55,585,1500,123,1,158.77,1.85,3161.24,89,141,3,3,2,4,Rain,Medium,22,75,36,22.1,1018,94.86,21.296,132831.1,100,34.76,25,1,1
1/17/2024 22:00,D005,VH005,Tata,Curvv EV,55,585,1500,123,1,160.73,2.11,2210.02,78,146,1,3,3,3,Cloudy,Medium,19,78,37,25.7,1018,94.85,22.129,132991.8,100,34.61,25,1,1
1/18/2024 0:00,D005,VH005,Tata,Curvv EV,55,585,1500,123,0,32.77,0.95,428.19,49,108,0,0,1,17,Clear,Medium,17,61,52,18,1018,94.85,4.85,133024.6,100,34.6,26,1,1
1/18/2024 2:00,D005,VH005,Tata,Curvv EV,55,585,1500,123,0,19.04,0.63,223.87,67,79,0,6,1,21,Clear,Medium,13,82,76,18,1018,94.85,2.818,133043.6,100,34.44,26,1,1
1/18/2024 4:00,D005,VH005,Tata,Curvv EV,55,585,1500,123,0,16.4,0.38,200.18,70,103,1,2,4,9,Fog,Low,22,91,87,18,1018,94.85,2.154,133060,100,34.38,26,1,0
1/18/2024 6:00,D005,VH005,Tata,Curvv EV,55,585,1500,123,1,141.72,1.48,1875.64,100,112,2,2,0,4,Fog,Medium,10,62,29,19.9,1019,94.85,18.029,133201.8,100,34.26,26,1,1
1/18/2024 8:00,D005,VH005,Tata,Curvv EV,55,585,1500,123,0,26.88,0.69,277.09,64,108,0,2,3,16,Rain,Medium,17,77,70,18,1019,94.85,3.58,133228.6,100,34.2,26,1,1
1/18/2024 10:00,D005,VH005,Tata,Curvv EV,55,585,1500,123,0,10.63,0.41,198.93,66,80,1,1,2,15,Rain,Low,22,87,84,18,1019,94.84,1.444,133239.3,100,34.17,26,1,1
1/18/2024 12:00,D005,VH005,Tata,Curvv EV,55,585,1500,123,1,152.76,1.89,1716.29,83,132,2,2,0,3,Fog,Low,19,88,52,25.5,1019,94.84,19.433,133392,100,34.04,26,1,1
1/18/2024 14:00,D005,VH005,Tata,Curvv EV,55,585,1500,123,1,55.22,0.65,755.05,85,129,4,4,4,0,Clear,Low,19,80,64,18,1019,94.84,8.385,133447.3,100,33.92,26,1,1
1/18/2024 16:00,D005,VH005,Tata,Curvv EV,55,585,1500,123,0,64.74,1.38,1201.01,66,109,0,2,4,24,Cloudy,Medium,17,63,46,18,1019,94.84,9.198,133512,100,33.84,26,1,1
1/18/2024 18:00,D005,VH005,Tata,Curvv EV,55,585,1500,123,0,50.75,0.98,923.35,76,102,1,5,1,19,Clear,High,16,86,72,18,1019,94.83,7.661,133562.8,100,33.69,26,1,1
1/18/2024 20:00,D005,VH005,Tata,Curvv EV,55,585,1500,123,1,130.16,1.62,1413.14,82,139,2,2,3,2,Cloudy,Medium,21,72,38,27.3,1019,94.83,18.271,133692.9,100,33.58,26,1,1
1/18/2024 22:00,D005,VH005,Tata,Curvv EV,55,585,1500,123,1,103.02,1.23,1888.69,87,122,2,2,3,3,Cloudy,Medium,17,75,48,20.3,1019,94.83,14.461,133795.9,100,33.48,26,1,1
1/19/2024 0:00,D005,VH005,Tata,Curvv EV,55,585,1500,123,0,33.12,0.6,485.02,57,89,0,2,5,1,Fog,Medium,29,51,43,18,1019,94.83,4.265,133829,100,33.41,27,1,1
1/19/2024 2:00,D005,VH005,Tata,Curvv EV,55,585,1500,123,0,8.67,0.43,139.35,61,100,0,3,3,17,Cloudy,High,10,71,68,18,1019,94.82,1.232,133837.7,100,33.33,27,1,1
1/19/2024 4:00,D005,VH005,Tata,Curvv EV,55,585,1500,123,1,96.14,1.13,1352.9,88,118,0,1,4,2,Cloudy,Medium,22,81,57,19.8,1019,94.82,12.977,133933.9,100,33.26,27,1,1
1/19/2024 6:00,D005,VH005,Tata,Curvv EV,55,585,1500,123,1,169.34,2.08,1716.74,84,137,2,1,1,4,Clear,Medium,14,61,15,26.1,1020,94.82,24.762,134103.2,100,33.15,27,1,1
1/19/2024 8:00,D005,VH005,Tata,Curvv EV,55,585,1500,123,1,163.74,1.67,3249.16,102,142,1,3,2,4,Clear,Medium,13,63,20,21.1,1020,94.81,23.482,134266.9,100,33,27,1,1
1/19/2024 10:00,D005,VH005,Tata,Curvv EV,55,585,1500,123,0,39.15,0.77,451.96,71,96,1,5,1,13,Clear,High,21,58,47,18,1020,94.81,5.91,134306.1,100,32.86,27,1,1
1/19/2024 12:00,D005,VH005,Tata,Curvv EV,55,585,1500,123,0,24.59,0.57,352.52,69,100,0,2,2,13,Fog,Medium,27,52,46,18,1020,94.81,3.166,134330.7,100,32.79,27,1,1
1/19/2024 14:00,D005,VH005,Tata,Curvv EV,55,585,1500,123,0,62.62,1.31,1035.52,63,94,1,1,1,19,Fog,Medium,22,71,56,18,1020,94.81,8.224,134393.3,100,32.74,27,1,1
1/19/2024 16:00,D005,VH005,Tata,Curvv EV,55,585,1500,123,0,17.68,0.68,234.17,60,71,0,1,1,23,Clear,Medium,16,82,77,18,1020,94.81,2.617,134411,100,32.71,27,1,1
1/19/2024 18:00,D005,VH005,Tata,Curvv EV,55,585,1500,123,0,17.73,0.55,186.76,67,120,0,1,3,17,Fog,Medium,14,58,53,18,1020,94.8,2.283,134428.7,100,32.67,27,1,1
1/19/2024 20:00,D005,VH005,Tata,Curvv EV,55,585,1500,123,0,12.62,0.71,166.88,43,99,2,2,2,25,Rain,Medium,25,55,51,18,1020,94.8,1.748,134441.3,100,32.62,27,1,1
1/19/2024 22:00,D005,VH005,Tata,Curvv EV,55,585,1500,123,0,19.3,0.56,363.97,69,74,0,1,1,17,Rain,Medium,15,76,71,18,1020,94.8,2.571,134460.6,100,32.58,27,1,1
1/20/2024 0:00,D005,VH005,Tata,Curvv EV,55,585,1500,123,0,56.51,1.24,673.75,57,113,2,0,5,15,Rain,Low,18,62,47,18,1020,94.8,7.828,134517.1,100,32.55,28,1,1
1/20/2024 2:00,D005,VH005,Tata,Curvv EV,55,585,1500,123,1,68.95,0.73,1361.16,99,124,1,2,3,2,Clear,Medium,27,75,57,18,1020,94.8,9.888,134586.1,100,32.47,28,1,1
1/20/2024 4:00,D005,VH005,Tata,Curvv EV,55,585,1500,123,0,15.86,0.41,301.49,57,108,0,1,2,8,Fog,Medium,19,64,60,18,1020,94.8,2.042,134601.9,100,32.44,28,1,0
1/20/2024 6:00,D005,VH005,Tata,Curvv EV,55,585,1500,123,0,44.49,0.87,511.85,72,113,0,2,4,15,Fog,Medium,13,65,54,18,1020,94.8,5.729,134646.4,100,32.37,28,1,1
1/20/2024 8:00,D005,VH005,Tata,Curvv EV,55,585,1500,123,0,36.59,0.8,491.91,73,86,1,0,3,18,Rain,High,17,63,53,18,1020,94.8,4.971,134683,100,32.35,28,1,1
1/20/2024 10:00,D005,VH005,Tata,Curvv EV,55,585,1500,123,0,55.87,1.6,1116.28,41,111,2,3,3,14,Rain,High,18,63,48,18,1020,94.79,7.74,134738.9,100,32.25,28,1,1
1/20/2024 12:00,D005,VH005,Tata,Curvv EV,55,585,1500,123,1,139.44,1.99,2051.4,73,144,0,2,1,5,Clear,Medium,13,91,55,24.3,1021,94.79,19.605,134878.3,100,32.13,28,1,1
1/20/2024 14:00,D005,VH005,Tata,Curvv EV,55,585,1500,123,0,59.75,1.26,644.78,62,112,1,2,0,18,Clear,Medium,16,48,31,18,1021,94.79,9.02,134938.1,100,32.05,28,1,1
1/20/2024 16:00,D005,VH005,Tata,Curvv EV,55,585,1500,123,0,38.28,1.09,763.81,44,108,0,2,2,13,Clear,Low,20,74,63,18,1021,94.79,5.665,134976.4,100,31.98,28,1,1
1/20/2024 18:00,D005,VH005,Tata,Curvv EV,55,585,1500,123,0,60.23,1.14,681.32,60,104,1,2,1,8,Clear,High,16,75,58,19.2,1021,94.78,9.092,135036.6,100,31.91,28,1,1
1/20/2024 20:00,D005,VH005,Tata,Curvv EV,55,585,1500,123,0,41.25,0.94,812.1,61,115,3,1,1,16,Rain,Medium,16,70,59,18,1021,94.78,5.824,135077.8,100,31.86,28,1,1
1/20/2024 22:00,D005,VH005,Tata,Curvv EV,55,585,1500,123,1,80.49,0.89,848.42,96,112,2,0,1,3,Clear,Medium,20,64,42,19.6,1021,94.78,11.77,135158.3,100,31.82,28,1,1
1/21/2024 0:00,D005,VH005,Tata,Curvv EV,55,585,1500,123,0,14.45,0.42,156.97,66,101,1,0,1,12,Clear,Low,21,78,74,18,1021,94.78,2.181,135172.8,100,31.81,29,1,1
1/21/2024 2:00,D005,VH005,Tata,Curvv EV,55,585,1500,123,1,100.15,1.31,1308.83,83,121,0,2,3,6,Rain,Medium,16,59,35,18,1021,94.78,12.673,135272.9,100,31.72,29,1,1
1/21/2024 4:00,D005,VH005,Tata,Curvv EV,55,585,1500,123,1,76.79,0.96,1504.66,83,141,3,2,0,2,Rain,Medium,20,60,41,18,1021,94.77,10.3,135349.7,100,31.63,29,1,1
1/21/2024 6:00,D005,VH005,Tata,Curvv EV,55,585,1500,123,1,135.14,1.42,2501.6,101,122,0,2,2,5,Clear,Low,15,58,23,20.6,1021,94.77,19.001,135484.9,100,31.52,29,1,1
1/21/2024 8:00,D005,VH005,Tata,Curvv EV,55,585,1500,123,0,26,0.7,315.62,74,109,0,2,2,21,Rain,Medium,17,75,68,18,1021,94.77,3.463,135510.9,100,31.45,29,1,1
1/21/2024 10:00,D005,VH005,Tata,Curvv EV,55,585,1500,123,0,51.97,1.23,700.99,49,104,0,2,4,10,Clear,Medium,19,79,65,18,1021,94.77,7.692,135562.8,100,31.38,29,1,1
1/21/2024 12:00,D005,VH005,Tata,Curvv EV,55,585,1500,123,0,37.34,0.9,692.88,66,109,1,2,2,20,Clear,Low,27,55,44,18,1021,94.77,5.637,135600.2,100,31.31,29,1,1
1/21/2024 14:00,D005,VH005,Tata,Curvv EV,55,585,1500,123,0,56.38,2.04,699.83,35,103,0,3,3,26,Rain,Low,14,80,66,18,1021,94.76,7.51,135656.6,100,31.21,29,1,1
1/21/2024 16:00,D005,VH005,Tata,Curvv EV,55,585,1500,123,1,50.69,0.62,752.22,84,128,4,3,2,1,Rain,Medium,25,82,69,19,1022,94.76,6.927,135707.2,100,31.11,29,1,1
1/21/2024 18:00,D005,VH005,Tata,Curvv EV,55,585,1500,123,0,62.34,1.63,770.38,44,123,2,1,0,13,Rain,Low,19,63,47,18,1022,94.76,8.636,135769.6,100,31.05,29,1,0
1/21/2024 20:00,D005,VH005,Tata,Curvv EV,55,585,1500,123,0,57.41,1.32,631.22,60,99,0,1,0,22,Clear,Low,13,71,55,18,1022,94.76,8.497,135827,100,31,29,1,0
1/21/2024 22:00,D005,VH005,Tata,Curvv EV,55,585,1500,123,1,86.06,1.25,1315.92,73,111,2,1,4,4,Clear,Medium,15,59,36,18,1022,94.75,12.584,135913.1,100,30.93,29,1,0
1/22/2024 0:00,D005,VH005,Tata,Curvv EV,55,585,1500,123,0,64.4,1.08,1089.52,78,84,0,1,1,15,Clear,Medium,18,44,26,18,1022,94.75,9.531,135977.5,100,30.88,30,1,0
1/22/2024 2:00,D005,VH005,Tata,Curvv EV,55,585,1500,123,0,55.17,1.21,952.84,63,121,4,1,2,20,Fog,Medium,21,79,65,18,1022,94.75,7.672,136032.6,100,30.83,30,1,0
1/22/2024 4:00,D005,VH005,Tata,Curvv EV,55,585,1500,123,0,31.31,0.79,385.2,56,89,2,4,2,14,Fog,High,23,61,53,18,1022,94.75,4.193,136063.9,100,30.71,30,1,0
1/22/2024 6:00,D005,VH005,Tata,Curvv EV,55,585,1500,123,1,78.34,0.92,1233.82,90,131,3,0,3,3,Clear,Medium,28,52,30,21.4,1022,94.75,11.675,136142.3,100,30.67,30,1,0
1/22/2024 8:00,D005,VH005,Tata,Curvv EV,55,585,1500,123,0,21.25,0.64,342.85,73,91,1,2,2,21,Clear,Medium,16,74,68,18,1022,94.75,3.208,136163.5,100,30.61,30,1,0
1/22/2024 10:00,D005,VH005,Tata,Curvv EV,55,585,1500,123,0,48.61,0.85,902.24,75,111,1,3,0,12,Fog,High,18,65,53,18,1022,94.74,6.384,136212.1,100,30.52,30,1,1
1/22/2024 12:00,D005,VH005,Tata,Curvv EV,55,585,1500,123,0,13.92,0.6,243.27,40,125,3,3,3,15,Clear,High,20,69,65,18,1022,94.74,2.184,136226.1,100,30.43,30,1,1
1/22/2024 14:00,D005,VH005,Tata,Curvv EV,55,585,1500,123,0,30.86,0.97,441.12,46,116,1,1,1,18,Clear,Medium,15,67,58,18,1022,94.74,4.659,136256.9,100,30.39,30,1,1
1/22/2024 16:00,D005,VH005,Tata,Curvv EV,55,585,1500,123,1,115.63,1.61,1947.52,74,109,1,1,2,3,Rain,Medium,22,63,35,20.3,1022,94.74,14.924,136372.5,100,30.31,30,1,1
1/22/2024 18:00,D005,VH005,Tata,Curvv EV,55,585,1500,123,0,30.7,1.04,402.69,38,107,2,1,2,14,Rain,Low,15,71,63,18,1022,94.74,4.253,136403.2,100,30.27,30,1,0
1/22/2024 20:00,D005,VH005,Tata,Curvv EV,55,585,1500,123,0,20.88,0.62,375.25,68,79,0,2,3,19,Cloudy,Low,27,63,57,18,1022,94.74,2.967,136424.1,100,30.21,30,1,1
1/22/2024 22:00,D005,VH005,Tata,Curvv EV,55,585,1500,123,0,63.84,1.35,727.66,59,92,0,4,1,16,Rain,Medium,15,55,39,18,1022,94.74,8.503,136488,100,30.08,30,1,1
1/23/2024 0:00,D005,VH005,Tata,Curvv EV,55,585,1500,123,1,110.99,1.2,1320.85,95,133,1,3,4,2,Rain,Low,17,46,19,20,1023,94.73,14.326,136599,100,29.96,31,1,1
1/23/2024 2:00,D005,VH005,Tata,Curvv EV,55,585,1500,123,0,38.44,0.7,397.88,79,103,0,2,5,13,Rain,Low,20,77,67,18,1023,94.73,5.12,136637.4,100,29.89,31,1,1
1/23/2024 4:00,D005,VH005,Tata,Curvv EV,55,585,1500,123,0,39.91,0.82,767.88,70,93,1,0,1,15,Rain,High,25,77,67,18,1023,94.73,5.422,136677.3,100,29.87,31,1,1
1/23/2024 6:00,D005,VH005,Tata,Curvv EV,55,585,1500,123,1,178.15,2.44,3137.83,76,124,0,1,3,6,Rain,Medium,17,54,13,25.9,1023,94.72,22.543,136855.5,100,29.76,31,1,1
1/23/2024 8:00,D005,VH005,Tata,Curvv EV,55,585,1500,123,0,52.14,1.15,699,61,121,1,4,3,18,Cloudy,High,20,48,34,18,1023,94.72,7.556,136907.6,100,29.63,31,1,1
1/23/2024 10:00,D005,VH005,Tata,Curvv EV,55,585,1500,123,0,53.76,0.9,641.32,83,98,0,2,3,15,Clear,Medium,24,60,45,18,1023,94.72,7.956,136961.4,100,29.56,31,1,1
1/23/2024 12:00,D005,VH005,Tata,Curvv EV,55,585,1500,123,1,51.35,0.66,540.82,89,123,1,1,4,5,Rain,Low,22,52,39,18,1023,94.72,6.628,137012.7,100,29.51,31,1,1
1/23/2024 14:00,D005,VH005,Tata,Curvv EV,55,585,1500,123,0,53.54,0.92,603.04,74,110,3,3,2,12,Clear,Low,14,64,48,18,1023,94.72,8.399,137066.3,100,29.41,31,1,1
1/23/2024 16:00,D005,VH005,Tata,Curvv EV,55,585,1500,123,1,55.38,0.75,1085.66,81,139,4,2,2,4,Clear,Low,20,69,53,18,1023,94.71,8.409,137121.6,100,29.33,31,1,1
1/23/2024 18:00,D005,VH005,Tata,Curvv EV,55,585,1500,123,1,124.53,1.47,2471.53,92,135,3,2,4,7,Clear,Medium,21,72,38,24.6,1023,94.71,18.559,137246.2,100,29.22,31,1,1
1/23/2024 20:00,D005,VH005,Tata,Curvv EV,55,585,1500,123,0,36.85,0.73,481.38,65,92,0,3,2,10,Fog,High,18,66,57,18,1023,94.71,4.745,137283,100,29.13,31,1,1
1/23/2024 22:00,D005,VH005,Tata,Curvv EV,55,585,1500,123,1,164.19,1.95,3200.6,88,93,0,3,1,5,Clear,Medium,15,73,31,27.8,1023,94.7,23.085,137447.2,100,28.97,31,1,1
1/24/2024 0:00,D005,VH005,Tata,Curvv EV,55,585,1500,123,1,101.42,1.15,1592.28,95,117,1,1,2,5,Clear,Medium,25,88,61,22.2,1024,94.7,14.545,137548.6,100,28.9,32,1,1
1/24/2024 2:00,D005,VH005,Tata,Curvv EV,55,585,1500,123,0,64.13,1.3,760.65,64,98,0,4,0,18,Cloudy,High,15,50,33,18,1024,94.7,9.112,137612.8,100,28.77,32,1,1
1/24/2024 4:00,D005,VH005,Tata,Curvv EV,55,585,1500,123,0,24.82,0.55,347.46,64,102,2,1,3,10,Clear,Medium,21,50,43,18,1024,94.7,3.82,137637.6,100,28.73,32,1,1
1/24/2024 6:00,D005,VH005,Tata,Curvv EV,55,585,1500,123,1,72.51,0.82,1200.15,99,125,3,0,2,5,Rain,Medium,26,67,49,20.5,1024,94.69,9.726,137710.1,100,28.7,32,1,0
1/24/2024 8:00,D005,VH005,Tata,Curvv EV,55,585,1500,123,0,56.68,1.23,620.76,56,129,2,2,2,13,Fog,Medium,20,60,46,18,1024,94.69,7.59,137766.8,100,28.62,32,1,0
1/24/2024 10:00,D005,VH005,Tata,Curvv EV,55,585,1500,123,0,34,0.6,587.56,78,120,0,3,1,10,Clear,Medium,13,53,43,18,1024,94.69,5.032,137800.8,100,28.53,32,1,0
1/24/2024 12:00,D005,VH005,Tata,Curvv EV,55,585,1500,123,1,73.62,0.81,814.1,101,143,2,2,4,5,Fog,Medium,21,81,63,18.5,1024,94.69,9.366,137874.4,100,28.44,32,1,1
1/24/2024 14:00,D005,VH005,Tata,Curvv EV,55,585,1500,123,0,25.79,0.66,449.19,60,120,2,1,2,14,Clear,Medium,22,67,59,18,1024,94.69,3.97,137900.2,100,28.41,32,1,1
1/24/2024 16:00,D005,VH005,Tata,Curvv EV,55,585,1500,123,0,9.44,0.55,165.63,56,100,0,0,1,23,Fog,Low,14,86,83,18,1024,94.69,1.215,137909.6,100,28.4,32,1,1
1/24/2024 18:00,D005,VH005,Tata,Curvv EV,55,585,1500,123,1,107.96,1.32,1509.9,85,132,3,2,1,3,Rain,Low,24,84,57,23.9,1024,94.68,14.481,138017.6,100,28.3,32,1,1
1/24/2024 20:00,D005,VH005,Tata,Curvv EV,55,585,1500,123,0,45.27,1.37,898.84,37,131,3,2,0,9,Clear,High,19,84,71,18,1024,94.68,7.102,138062.8,100,28.23,32,1,0
1/24/2024 22:00,D005,VH005,Tata,Curvv EV,55,585,1500,123,0,55.36,1.22,1054.59,66,114,2,2,5,23,Clear,Low,14,56,40,18,1024,94.68,8.521,138118.2,100,28.15,32,1,0
1/25/2024 0:00,D005,VH005,Tata,Curvv EV,55,585,1500,123,0,9.55,0.47,119.23,64,101,2,0,2,19,Rain,Low,21,73,70,18,1024,94.68,1.323,138127.8,100,28.15,33,1,0
1/25/2024 2:00,D005,VH005,Tata,Curvv EV,55,585,1500,123,0,57.24,0.94,851.32,68,107,1,3,2,6,Clear,High,16,50,34,18,1024,94.68,8.641,138185,100,28.04,33,1,0
1/25/2024 4:00,D005,VH005,Tata,Curvv EV,55,585,1500,123,0,22.3,0.66,435.37,55,110,0,2,4,15,Rain,Medium,21,60,54,18,1024,94.68,2.97,138207.3,100,27.98,33,1,0
1/25/2024 6:00,D005,VH005,Tata,Curvv EV,55,585,1500,123,0,56.09,1.17,729.44,68,110,0,1,1,21,Rain,Low,9,82,68,18,1024,94.68,7.471,138263.4,100,27.93,33,1,0
1/25/2024 8:00,D005,VH005,Tata,Curvv EV,55,585,1500,123,1,88.97,1.07,1548.44,87,114,3,1,1,3,Rain,Medium,22,68,46,19,1025,94.67,11.934,138352.4,100,27.86,33,1,0
1/25/2024 10:00,D005,VH005,Tata,Curvv EV,55,585,1500,123,0,38.63,0.68,647.22,73,123,2,1,1,9,Clear,Medium,10,64,53,18,1025,94.67,5.946,138391,100,27.82,33,1,0
1/25/2024 12:00,D005,VH005,Tata,Curvv EV,55,585,1500,123,1,123.29,1.5,1749.85,86,150,1,3,0,4,Fog,Medium,23,61,33,21.3,1025,94.67,15.383,138514.3,100,27.69,33,1,1
1/25/2024 14:00,D005,VH005,Tata,Curvv EV,55,585,1500,123,0,56.43,1.26,994.27,59,116,1,2,0,18,Clear,Medium,21,65,49,18,1025,94.67,8.519,138570.7,100,27.61,33,1,1
1/25/2024 16:00,D005,VH005,Tata,Curvv EV,55,585,1500,123,0,43.46,0.87,835.68,76,118,4,0,4,18,Cloudy,Low,16,76,63,18,1025,94.66,6.669,138614.2,100,27.59,33,1,1
1/25/2024 18:00,D005,VH005,Tata,Curvv EV,55,585,1500,123,0,17.12,0.57,327.11,49,118,1,4,2,13,Clear,High,22,77,72,18,1025,94.66,2.584,138631.3,100,27.48,33,1,1
1/25/2024 20:00,D005,VH005,Tata,Curvv EV,55,585,1500,123,0,51.5,1.12,625.07,56,75,0,0,1,12,Clear,Medium,24,52,38,18,1025,94.66,7.622,138682.8,100,27.46,33,1,1
1/25/2024 22:00,D005,VH005,Tata,Curvv EV,55,585,1500,123,1,90.28,0.94,1742.39,101,121,0,1,2,3,Clear,Low,22,60,36,21.4,1025,94.66,12.693,138773.1,100,27.39,33,1,1
1/26/2024 0:00,D005,VH005,Tata,Curvv EV,55,585,1500,123,1,144.02,2.13,1510.73,68,127,1,2,1,1,Clear,Medium,18,70,32,22.7,1025,94.65,20.654,138917.1,100,27.27,34,1,1
1/26/2024 2:00,D005,VH005,Tata,Curvv EV,55,585,1500,123,0,33.59,0.92,486.2,54,117,1,2,5,18,Clear,High,21,83,73,18,1025,94.65,5.071,138950.7,100,27.2,34,1,1
1/26/2024 4:00,D005,VH005,Tata,Curvv EV,55,585,1500,123,0,18.17,0.55,222.96,57,118,1,1,2,14,Rain,High,19,48,43,18,1025,94.65,2.469,138968.8,100,27.17,34,1,0
1/26/2024 6:00,D005,VH005,Tata,Curvv EV,55,585,1500,123,1,84.12,1.09,1267.31,81,127,0,1,0,3,Rain,Medium,25,70,50,20.4,1025,94.65,10.645,139053,100,27.1,34,1,1
1/26/2024 8:00,D005,VH005,Tata,Curvv EV,55,585,1500,123,0,53.09,1.28,864.41,56,85,1,0,0,20,Clear,High,23,69,54,18,1025,94.65,8.014,139106,100,27.08,34,1,1
1/26/2024 10:00,D005,VH005,Tata,Curvv EV,55,585,1500,123,0,19.76,0.41,275.44,72,108,1,3,1,8,Fog,High,15,71,66,18,1025,94.65,2.595,139125.8,100,26.99,34,1,1
1/26/2024 12:00,D005,VH005,Tata,Curvv EV,55,585,1500,123,1,126.4,1.3,1763.17,97,118,1,1,2,0,Clear,Low,17,76,43,20.7,1026,94.64,18.127,139252.2,100,26.91,34,1,1
1/26/2024 14:00,D005,VH005,Tata,Curvv EV,55,585,1500,123,1,112.31,1.31,1744.74,90,122,0,1,1,4,Rain,Medium,17,78,52,19.5,1026,94.64,14.212,139364.5,100,26.83,34,1,1
1/26/2024 16:00,D005,VH005,Tata,Curvv EV,55,585,1500,123,1,139.63,2.18,1731.18,64,130,1,2,5,0,Rain,Medium,20,76,43,19.7,1026,94.64,18.022,139504.1,100,26.71,34,1,1
1/26/2024 18:00,D005,VH005,Tata,Curvv EV,55,585,1500,123,0,13.5,0.24,142.69,60,90,0,3,3,1,Rain,Medium,18,57,53,18,1026,94.63,1.798,139517.6,100,26.63,34,1,1
1/26/2024 20:00,D005,VH005,Tata,Curvv EV,55,585,1500,123,1,176.75,2.05,3017.28,87,120,0,5,2,1,Rain,Medium,18,79,38,25.4,1026,94.63,22.366,139694.4,100,26.42,34,1,1
1/26/2024 22:00,D005,VH005,Tata,Curvv EV,55,585,1500,123,1,151.46,1.6,2722.73,99,134,1,5,3,4,Rain,Medium,17,73,37,22.9,1026,94.62,19.549,139845.9,100,26.22,34,1,1
1/27/2024 0:00,D005,VH005,Tata,Curvv EV,55,585,1500,123,0,62.38,1.09,931.89,76,102,3,2,3,16,Fog,Medium,20,64,48,18,1026,94.62,8.514,139908.2,100,26.14,35,1,1
1/27/2024 2:00,D005,VH005,Tata,Curvv EV,55,585,1500,123,0,35.63,0.81,436.21,60,103,4,1,4,13,Rain,Medium,18,54,44,18,1026,94.62,5.126,139943.9,100,26.1,35,1,0
1/27/2024 4:00,D005,VH005,Tata,Curvv EV,55,585,1500,123,1,80.01,1.05,1471.18,81,122,3,0,4,4,Clear,Medium,16,65,43,18,1026,94.62,11.924,140023.9,100,26.06,35,1,0
1/27/2024 6:00,D005,VH005,Tata,Curvv EV,55,585,1500,123,0,37.23,1.26,389.51,47,120,0,0,1,28,Clear,Medium,15,70,59,18,1026,94.62,5.51,140061.1,100,26.04,35,1,0
1/27/2024 8:00,D005,VH005,Tata,Curvv EV,55,585,1500,123,0,29.54,0.76,575.01,51,96,0,2,0,11,Clear,Medium,21,51,43,18,1026,94.62,4.372,140090.7,100,25.98,35,1,0
1/27/2024 10:00,D005,VH005,Tata,Curvv EV,55,585,1500,123,0,18.91,0.6,291.96,63,101,2,2,1,18,Clear,Medium,16,70,64,18,1026,94.62,2.911,140109.6,100,25.92,35,1,0
1/27/2024 12:00,D005,VH005,Tata,Curvv EV,55,585,1500,123,0,44.87,1,765.48,60,104,2,4,1,15,Fog,Medium,18,88,77,18,1027,94.61,6.009,140154.4,100,25.8,35,1,0
1/27/2024 14:00,D005,VH005,Tata,Curvv EV,55,585,1500,123,1,106.44,1.35,1299.49,83,136,3,1,2,4,Fog,Medium,13,54,28,20.6,1027,94.61,13.801,140260.9,100,25.72,35,1,1
1/27/2024 16:00,D005,VH005,Tata,Curvv EV,55,585,1500,123,1,109.52,1.34,1727.69,85,113,0,2,2,3,Cloudy,Medium,16,55,28,18,1027,94.61,14.783,140370.4,100,25.62,35,1,1
1/27/2024 18:00,D005,VH005,Tata,Curvv EV,55,585,1500,123,0,18.32,0.49,190.66,67,116,1,1,2,13,Cloudy,Medium,18,66,61,18,1027,94.61,2.655,140388.7,100,25.59,35,1,1
1/27/2024 20:00,D005,VH005,Tata,Curvv EV,55,585,1500,123,1,137.75,1.51,2302.08,92,141,2,2,3,1,Rain,Medium,17,87,54,19.9,1027,94.6,18.128,140526.5,100,25.47,35,1,1
1/27/2024 22:00,D005,VH005,Tata,Curvv EV,55,585,1500,123,0,37.52,1.14,513.71,40,107,0,2,1,12,Clear,Medium,21,68,57,18,1027,94.6,5.553,140564,100,25.4,35,1,1
1/28/2024 0:00,D005,VH005,Tata,Curvv EV,55,585,1500,123,1,156.9,1.85,1918.44,87,132,4,2,2,3,Rain,Medium,15,66,27,21.4,1027,94.6,21.442,140720.9,100,25.28,36,1,0
1/28/2024 2:00,D005,VH005,Tata,Curvv EV,55,585,1500,123,0,53.89,1.06,758.62,64,102,2,4,2,13,Rain,Medium,13,70,56,18,1027,94.59,7.465,140774.8,100,25.15,36,1,0
1/28/2024 4:00,D005,VH005,Tata,Curvv EV,55,585,1500,123,0,50.71,1.21,700.38,53,117,1,1,4,15,Cloudy,Medium,17,57,43,18,1027,94.59,7.349,140825.5,100,25.1,36,1,0
1/28/2024 6:00,D005,VH005,Tata,Curvv EV,55,585,1500,123,0,36.38,0.99,597.81,57,119,3,3,4,21,Clear,Medium,24,63,52,18,1027,94.59,5.707,140861.9,100,25.01,36,1,0
1/28/2024 8:00,D005,VH005,Tata,Curvv EV,55,585,1500,123,1,91.34,0.91,1607.84,110,125,0,3,1,5,Clear,Medium,19,74,50,18,1027,94.59,12.842,140953.2,100,24.89,36,1,1
1/28/2024 10:00,D005,VH005,Tata,Curvv EV,55,585,1500,123,0,29.81,0.48,391.97,78,96,0,1,5,6,Clear,Low,14,77,68,18,1027,94.59,4.412,140983,100,24.85,36,1,1
1/28/2024 12:00,D005,VH005,Tata,Curvv EV,55,585,1500,123,1,136.24,1.28,2220.47,108,137,0,3,1,1,Clear,Medium,17,67,32,24.2,1028,94.58,19.155,141119.2,100,24.71,36,1,1
1/28/2024 14:00,D005,VH005,Tata,Curvv EV,55,585,1500,123,1,128.64,1.76,1898.52,76,138,2,1,1,4,Clear,Medium,10,72,37,18.4,1028,94.58,18.81,141247.9,100,24.62,36,1,1
1/28/2024 16:00,D005,VH005,Tata,Curvv EV,55,585,1500,123,0,36.06,0.74,504.84,58,102,1,0,0,7,Clear,Medium,11,70,60,18,1028,94.58,5.444,141284,100,24.61,36,1,1
1/28/2024 18:00,D005,VH005,Tata,Curvv EV,55,585,1500,123,0,62.39,1.58,950.83,53,114,2,2,2,24,Fog,Medium,21,72,56,18,1028,94.57,8.355,141346.3,100,24.53,36,1,1
1/28/2024 20:00,D005,VH005,Tata,Curvv EV,55,585,1500,123,0,12.56,0.44,249.7,71,118,1,1,1,16,Clear,Medium,19,74,70,18,1028,94.57,1.896,141358.9,100,24.5,36,1,1
1/28/2024 22:00,D005,VH005,Tata,Curvv EV,55,585,1500,123,1,166.58,2.48,2269.08,68,132,1,3,1,2,Rain,Low,19,45,10,25.8,1028,94.57,21.0375,141525.5,100,24.34,36,1,1
1/29/2024 0:00,D005,VH005,Tata,Curvv EV,55,585,1500,123,1,62.22,0.7,624.69,95,133,2,1,3,3,Cloudy,Low,17,83,67,18,1028,94.57,8.734,141587.7,100,24.29,37,1,0
1/29/2024 2:00,D005,VH005,Tata,Curvv EV,55,585,1500,123,1,87.75,1.05,936.03,89,130,1,1,7,4,Fog,Medium,22,66,46,22.6,1028,94.56,10.948,141675.5,100,24.22,37,1,0
1/29/2024 4:00,D005,VH005,Tata,Curvv EV,55,585,1500,123,1,89.95,1.37,1209,71,118,2,0,0,6,Rain,Low,29,86,64,18.8,1028,94.56,11.838,141765.4,100,24.18,37,1,0
1/29/2024 6:00,D005,VH005,Tata,Curvv EV,55,585,1500,123,0,49.73,0.97,697.68,78,85,1,3,5,20,Clear,Medium,23,75,61,18,1028,94.56,7.507,141815.1,100,24.08,37,1,0
1/29/2024 8:00,D005,VH005,Tata,Curvv EV,55,585,1500,123,1,75.35,1.05,1000.55,77,164,2,4,2,4,Rain,Low,15,62,43,18,1028,94.56,9.916,141890.5,100,23.94,37,1,1
1/29/2024 10:00,D005,VH005,Tata,Curvv EV,55,585,1500,123,1,175.21,2.26,2369.33,80,127,1,2,2,4,Rain,Medium,25,63,21,29.3,1029,94.55,22.614,142065.7,100,23.81,37,1,0
1/29/2024 12:00,D005,VH005,Tata,Curvv EV,55,585,1500,123,0,64.87,1.31,1089.15,64,113,1,2,3,18,Fog,Medium,19,69,53,18,1029,94.55,8.52,142130.6,100,23.73,37,1,0
1/29/2024 14:00,D005,VH005,Tata,Curvv EV,55,585,1500,123,1,108.48,1.44,1835.55,81,112,2,0,0,6,Rain,Low,24,64,38,24.3,1029,94.55,14.276,142239,100,23.67,37,1,0
1/29/2024 16:00,D005,VH005,Tata,Curvv EV,55,585,1500,123,1,158.91,1.61,1944.7,102,120,1,3,3,3,Rain,Low,19,71,33,22.3,1029,94.54,20.511,142398,100,23.52,37,1,0
1/29/2024 18:00,D005,VH005,Tata,Curvv EV,55,585,1500,123,0,30.39,0.83,569.04,61,121,2,3,3,20,Rain,High,22,72,64,18,1029,94.54,4.21,142428.3,100,23.43,37,1,1
1/29/2024 20:00,D005,VH005,Tata,Curvv EV,55,585,1500,123,1,68.36,0.86,790.03,84,132,0,5,0,3,Clear,Medium,24,52,34,18,1029,94.54,9.611,142496.7,100,23.27,37,1,1
1/29/2024 22:00,D005,VH005,Tata,Curvv EV,55,585,1500,123,0,40.28,0.77,501.45,83,103,0,1,5,17,Fog,Low,8,67,57,18,1029,94.54,5.186,142537,100,23.23,37,1,1
1/30/2024 0:00,D005,VH005,Tata,Curvv EV,55,585,1500,123,0,63.46,1.15,908.5,72,98,1,2,3,16,Clear,Low,15,68,50,18,1029,94.53,9.58,142600.4,100,23.15,38,1,1
1/30/2024 2:00,D005,VH005,Tata,Curvv EV,55,585,1500,123,1,68.86,0.86,1203.09,87,129,2,2,3,4,Clear,Medium,18,88,69,18,1029,94.53,10.069,142669.3,100,23.07,38,1,1
1/30/2024 4:00,D005,VH005,Tata,Curvv EV,55,585,1500,123,0,23.64,0.65,243.81,72,128,0,0,6,19,Rain,High,18,54,48,18,1029,94.53,3.149,142692.9,100,23.06,38,1,1
1/30/2024 6:00,D005,VH005,Tata,Curvv EV,55,585,1500,123,0,40.97,0.79,724.43,64,74,1,4,2,9,Clear,High,22,65,53,18,1029,94.53,6.185,142733.9,100,22.94,38,1,1
1/30/2024 8:00,D005,VH005,Tata,Curvv EV,55,585,1500,123,1,89.95,1.23,1444.77,76,123,2,3,2,3,Rain,Low,20,86,64,18.8,1030,94.53,11.838,142823.9,100,22.82,38,1,0
1/30/2024 10:00,D005,VH005,Tata,Curvv EV,55,585,1500,123,0,31.38,0.93,466.12,45,88,3,5,3,14,Clear,Medium,20,79,70,18,1030,94.53,4.923,142855.2,100,22.68,38,1,0
1/30/2024 12:00,D005,VH005,Tata,Curvv EV,55,585,1500,123,0,63.45,1.33,651.23,59,101,1,5,1,15,Cloudy,Medium,16,83,66,18,1030,94.52,9.195,142918.7,100,22.52,38,1,0
1/30/2024 14:00,D005,VH005,Tata,Curvv EV,55,585,1500,123,0,38.78,1.32,743.82,42,113,1,3,2,24,Clear,High,22,59,48,18,1030,94.52,5.854,142957.5,100,22.43,38,1,0
1/30/2024 16:00,D005,VH005,Tata,Curvv EV,55,585,1500,123,0,22.99,0.49,369.77,74,125,1,0,3,11,Clear,Medium,20,88,81,18,1030,94.52,3.471,142980.5,100,22.42,38,1,0
1/30/2024 18:00,D005,VH005,Tata,Curvv EV,55,585,1500,123,0,18.38,0.52,345.06,58,82,0,1,1,12,Fog,Medium,10,85,80,18,1030,94.52,2.367,142998.8,100,22.38,38,1,0
1/30/2024 20:00,D005,VH005,Tata,Curvv EV,55,585,1500,123,0,13.42,0.36,206.66,63,106,1,1,4,9,Rain,Low,17,75,71,18,1030,94.52,1.823,143012.3,100,22.35,38,1,1
1/30/2024 22:00,D005,VH005,Tata,Curvv EV,55,585,1500,123,0,47.14,1.62,808.87,42,106,0,3,2,30,Fog,Low,14,62,50,18,1030,94.52,6.07,143059.4,100,22.25,39,1,1
1/31/2024 0:00,D005,VH005,Tata,Curvv EV,55,585,1500,123,1,99.27,0.94,1074.5,112,131,1,1,1,3,Clear,Medium,21,74,48,23.1,1030,94.52,14.237,143158.7,100,22.18,39,1,1
1/31/2024 2:00,D005,VH005,Tata,Curvv EV,55,585,1500,123,0,35.35,0.89,699.37,64,95,0,1,3,20,Rain,Low,18,88,79,18,1030,94.51,4.709,143194,100,22.14,39,1,1
1/31/2024 4:00,D005,VH005,Tata,Curvv EV,55,585,1500,123,1,120.07,1.57,1631.66,80,123,1,5,2,4,Cloudy,Medium,11,70,39,20.7,1030,94.51,16.531,143314.1,100,21.96,39,1,1
1/31/2024 6:00,D005,VH005,Tata,Curvv EV,55,585,1500,123,0,32.42,0.97,565,54,112,1,2,2,22,Fog,High,16,79,71,18,1030,94.51,4.258,143346.5,100,21.89,39,1,1
1/31/2024 8:00,D005,VH005,Tata,Curvv EV,55,585,1500,123,1,179.93,2.04,2727.3,92,114,1,3,4,5,Rain,Medium,23,68,25,24.4,1030,94.5,23.224,143526.4,100,21.73,39,1,0
1/31/2024 10:00,D005,VH005,Tata,Curvv EV,55,585,1500,123,0,21.73,0.36,387.96,75,117,1,1,0,4,Clear,Medium,15,86,80,18,1030,94.5,3.28,143548.2,100,21.69,39,1,0
1/31/2024 12:00,D005,VH005,Tata,Curvv EV,55,585,1500,123,0,20.27,0.46,327.43,70,99,2,2,5,10,Cloudy,Low,14,78,72,18,1030,94.5,2.995,143568.4,100,21.63,39,1,0
1/31/2024 14:00,D005,VH005,Tata,Curvv EV,55,585,1500,123,0,15.09,0.52,218.2,59,110,1,1,2,16,Clear,Medium,26,59,54,18,1030,94.5,2.278,143583.5,100,21.6,39,1,0
1/31/2024 16:00,D005,VH005,Tata,Curvv EV,55,585,1500,123,0,62.74,1.43,713.17,59,101,0,2,1,22,Cloudy,Low,10,82,65,18,1030,94.5,8.914,143646.3,100,21.52,39,1,0
1/31/2024 18:00,D005,VH005,Tata,Curvv EV,55,585,1500,123,1,105.07,1.43,1209.92,76,129,2,0,3,3,Clear,Medium,26,65,37,22.7,1031,94.5,15.364,143751.3,100,21.47,39,1,0
1/31/2024 20:00,D005,VH005,Tata,Curvv EV,55,585,1500,123,0,33.49,0.83,433.64,58,92,0,1,2,15,Cloudy,Medium,24,51,42,18,1031,94.49,4.758,143784.8,100,21.43,39,1,1
1/31/2024 22:00,D005,VH005,Tata,Curvv EV,55,585,1500,123,1,119.68,1.36,1412.18,90,115,1,3,1,2,Clear,Medium,13,71,39,20.6,1031,94.49,17.164,143904.5,100,21.3,40,1,0
2/1/2024 0:00,D005,VH005,Tata,Curvv EV,55,585,1500,123,0,12.41,0.64,128.54,51,102,2,2,1,24,Clear,Low,29,75,71,18,1031,94.49,1.91,143916.9,100,21.24,40,1,0
2/1/2024 2:00,D005,VH005,Tata,Curvv EV,55,585,1500,123,0,56.55,1.17,674.43,70,103,1,1,3,22,Fog,High,24,85,71,18,1031,94.49,7.427,143973.5,100,21.19,40,1,0
2/1/2024 4:00,D005,VH005,Tata,Curvv EV,55,585,1500,123,0,62.17,1.12,796.15,62,112,0,2,0,7,Clear,High,23,63,46,18,1031,94.49,9.201,144035.6,100,21.11,40,1,0
2/1/2024 6:00,D005,VH005,Tata,Curvv EV,55,585,1500,123,0,36.28,0.72,674.88,66,105,1,1,1,10,Clear,Medium,18,57,47,18,1031,94.48,5.477,144071.9,100,21.07,40,1,0
2/1/2024 8:00,D005,VH005,Tata,Curvv EV,55,585,1500,123,1,53.03,0.71,749.61,80,125,1,1,1,3,Fog,Low,17,81,68,18,1031,94.48,6.616,144125,100,21.02,40,1,0
2/1/2024 10:00,D005,VH005,Tata,Curvv EV,55,585,1500,123,0,46.45,1.15,524.45,45,91,1,1,1,7,Cloudy,Medium,14,64,51,18,1031,94.48,6.732,144171.4,100,20.97,40,1,0
2/1/2024 12:00,D005,VH005,Tata,Curvv EV,55,585,1500,123,1,110.69,1.38,1313.27,83,124,3,3,1,3,Clear,Low,24,58,28,22.9,1031,94.48,16.497,144282.1,100,20.84,40,1,1
2/1/2024 14:00,D005,VH005,Tata,Curvv EV,55,585,1500,123,1,142.49,1.65,2520.92,89,153,3,2,1,3,Cloudy,Medium,22,61,23,23.8,1031,94.47,20.387,144424.6,100,20.72,40,1,1
2/1/2024 16:00,D005,VH005,Tata,Curvv EV,55,585,1500,123,1,53.75,0.65,1006.13,98,135,1,3,4,6,Clear,Medium,9,91,76,18,1031,94.47,7.708,144478.3,100,20.62,40,1,1
2/1/2024 18:00,D005,VH005,Tata,Curvv EV,55,585,1500,123,0,48.8,1.03,940.38,60,127,1,2,2,13,Rain,Medium,19,69,56,18,1031,94.47,6.63,144527.1,100,20.55,40,1,1
2/1/2024 20:00,D005,VH005,Tata,Curvv EV,55,585,1500,123,0,40.78,0.81,613.17,69,113,1,7,5,13,Cloudy,Medium,20,54,43,18,1032,94.47,5.91,144567.9,100,20.36,40,1,1
2/1/2024 22:00,D005,VH005,Tata,Curvv EV,55,585,1500,123,1,102.78,1.2,1472.54,89,119,4,2,2,3,Rain,Low,19,62,36,20,1032,94.46,14.046,144670.7,100,20.26,41,1,0
2/2/2024 0:00,D005,VH005,Tata,Curvv EV,55,585,1500,123,1,138.62,1.73,2472.04,84,120,0,1,2,5,Cloudy,Medium,15,57,22,22.8,1032,94.46,18.71,144809.3,100,20.16,41,1,0
2/2/2024 2:00,D005,VH005,Tata,Curvv EV,55,585,1500,123,1,76.81,1.04,1176.71,79,112,2,1,2,4,Clear,Medium,19,56,35,23.2,1032,94.46,11.231,144886.1,100,20.1,41,1,0
2/2/2024 4:00,D005,VH005,Tata,Curvv EV,55,585,1500,123,1,86.42,1.11,1718.44,84,111,3,1,2,5,Fog,Medium,20,66,45,18.1,1032,94.45,11.205,144972.5,100,20.04,41,1,0
2/2/2024 6:00,D005,VH005,Tata,Curvv EV,55,585,1500,123,0,20.08,0.78,235.34,55,110,1,2,3,25,Clear,Medium,12,57,51,18,1032,94.45,3.031,144992.6,100,19.98,41,1,0
2/2/2024 8:00,D005,VH005,Tata,Curvv EV,55,585,1500,123,0,30.25,0.97,383.88,46,114,2,1,1,19,Clear,High,27,59,50,18,1032,94.45,4.656,145022.9,100,19.94,41,1,1
2/2/2024 10:00,D005,VH005,Tata,Curvv EV,55,585,1500,123,0,50.57,1.14,842.52,64,80,0,0,4,21,Clear,Medium,21,66,52,20.6,1032,94.45,7.484,145073.4,100,19.91,41,1,1
2/2/2024 12:00,D005,VH005,Tata,Curvv EV,55,585,1500,123,1,84.2,1.02,1118,87,103,1,2,1,3,Clear,Low,13,76,54,18,1032,94.45,12.075,145157.6,100,19.82,41,1,1
2/2/2024 14:00,D005,VH005,Tata,Curvv EV,55,585,1500,123,0,59.53,1.08,1043.47,65,119,2,3,1,10,Rain,Low,20,72,57,18,1032,94.45,8.247,145217.2,100,19.72,41,1,1
2/2/2024 16:00,D005,VH005,Tata,Curvv EV,55,585,1500,123,0,41.97,0.69,513.9,86,123,4,1,4,12,Rain,High,15,71,60,18,1032,94.44,6.038,145259.1,100,19.67,41,1,1
2/2/2024 18:00,D005,VH005,Tata,Curvv EV,55,585,1500,123,0,15.18,0.57,223.31,57,103,1,4,0,18,Rain,Medium,20,56,52,18,1032,94.44,2.062,145274.3,100,19.57,41,1,1
2/2/2024 20:00,D005,VH005,Tata,Curvv EV,55,585,1500,123,1,115.52,1.44,1781.63,82,120,2,1,5,2,Cloudy,Low,16,67,37,18,1032,94.44,16.216,145389.8,100,19.49,41,1,0
2/2/2024 22:00,D005,VH005,Tata,Curvv EV,55,585,1500,123,0,37.09,0.85,527.96,70,104,3,2,0,19,Clear,Medium,14,51,40,18,1033,94.44,5.819,145426.9,100,19.42,42,1,0
2/3/2024 0:00,D005,VH005,Tata,Curvv EV,55,585,1500,123,0,11.15,0.43,190.23,57,91,0,3,2,14,Rain,Low,20,83,80,18,1033,94.44,1.485,145438.1,100,19.34,42,1,0
2/3/2024 2:00,D005,VH005,Tata,Curvv EV,55,585,1500,123,0,59.33,1.16,681.28,70,111,2,4,2,19,Clear,Low,20,78,61,20.2,1033,94.44,9.132,145497.4,100,19.21,42,1,1
2/3/2024 4:00,D005,VH005,Tata,Curvv EV,55,585,1500,123,0,31.15,0.79,476.02,66,119,1,3,3,19,Rain,High,19,76,68,18,1033,94.44,4.232,145528.6,100,19.12,42,1,1
2/3/2024 6:00,D005,VH005,Tata,Curvv EV,55,585,1500,123,0,47.93,0.95,587.5,76,98,1,0,2,19,Clear,Low,22,78,64,18,1033,94.43,7.236,145576.5,100,19.1,42,1,0
2/3/2024 8:00,D005,VH005,Tata,Curvv EV,55,585,1500,123,1,155.59,1.84,2568.31,86,130,2,3,0,2,Clear,Medium,12,80,38,25.9,1033,94.43,22.751,145732.1,100,18.95,42,1,0
2/3/2024 10:00,D005,VH005,Tata,Curvv EV,55,585,1500,123,0,34.83,0.85,682.91,63,98,0,0,3,18,Clear,Medium,23,61,51,18,1033,94.43,5.155,145766.9,100,18.93,42,1,0
2/3/2024 12:00,D005,VH005,Tata,Curvv EV,55,585,1500,123,0,46.93,1.17,892.84,47,99,0,1,2,10,Rain,High,19,70,58,18,1033,94.43,6.251,145813.8,100,18.88,42,1,0
2/3/2024 14:00,D005,VH005,Tata,Curvv EV,55,585,1500,123,0,42.26,1.16,744.12,50,96,0,1,1,19,Rain,High,19,82,71,18,1033,94.42,5.629,145856.1,100,18.84,42,1,0
2/3/2024 16:00,D005,VH005,Tata,Curvv EV,55,585,1500,123,0,20.23,0.51,275.11,61,108,1,3,4,11,Clear,Medium,15,54,48,18,1033,94.42,3.054,145876.3,100,18.75,42,1,1
2/3/2024 18:00,D005,VH005,Tata,Curvv EV,55,585,1500,123,0,39.7,0.93,401.73,69,86,0,2,2,21,Rain,High,19,66,56,18,1033,94.42,5.288,145916,100,18.68,42,1,1
2/3/2024 20:00,D005,VH005,Tata,Curvv EV,55,585,1500,123,0,27.71,0.74,379.7,65,94,0,6,2,19,Cloudy,Medium,14,76,68,18,1033,94.42,3.937,145943.7,100,18.52,42,1,1
2/3/2024 22:00,D005,VH005,Tata,Curvv EV,55,585,1500,123,0,42.49,0.92,490.37,55,106,2,2,2,9,Rain,Medium,19,55,44,18,1033,94.42,5.886,145986.2,100,18.45,43,1,0
2/4/2024 0:00,D005,VH005,Tata,Curvv EV,55,585,1500,123,0,17.23,0.65,182.1,78,114,0,0,1,26,Clear,Medium,19,54,49,18,1033,94.42,2.55,146003.5,100,18.44,43,1,0
2/4/2024 2:00,D005,VH005,Tata,Curvv EV,55,585,1500,123,1,92.08,1.38,993.84,71,146,4,1,2,5,Clear,Medium,22,71,45,21.6,1033,94.42,13.982,146095.5,100,18.37,43,1,0
2/4/2024 4:00,D005,VH005,Tata,Curvv EV,55,585,1500,123,1,146.03,2.4,2313.62,63,112,1,1,1,5,Rain,Medium,20,72,37,25.6,1033,94.41,18.848,146241.6,100,18.28,43,1,0
2/4/2024 6:00,D005,VH005,Tata,Curvv EV,55,585,1500,123,0,48.41,1.22,761.1,60,99,0,3,0,25,Cloudy,Medium,23,57,44,18,1034,94.41,6.878,146290,100,18.18,43,1,1
2/4/2024 8:00,D005,VH005,Tata,Curvv EV,55,585,1500,123,0,38.02,0.69,571.88,77,95,0,7,2,12,Clear,High,17,76,65,18,1034,94.41,5.627,146328,100,17.99,43,1,1
2/4/2024 10:00,D005,VH005,Tata,Curvv EV,55,585,1500,123,1,85.28,1.1,1654.41,81,128,0,3,0,3,Rain,Medium,13,81,61,18.3,1034,94.41,10.791,146413.3,100,17.87,43,1,0
2/4/2024 12:00,D005,VH005,Tata,Curvv EV,55,585,1500,123,0,9.55,0.3,114.33,52,102,0,0,2,7,Clear,Medium,10,72,69,18,1034,94.4,1.413,146422.8,100,17.86,43,1,0
2/4/2024 14:00,D005,VH005,Tata,Curvv EV,55,585,1500,123,0,24.11,0.73,298.66,66,108,4,2,0,22,Rain,Low,23,81,74,18,1034,94.4,3.468,146446.9,100,17.8,43,1,0
2/4/2024 16:00,D005,VH005,Tata,Curvv EV,55,585,1500,123,0,37.49,0.78,629.61,75,88,1,4,3,17,Rain,High,21,66,56,18,1034,94.4,5.094,146484.4,100,17.69,43,1,1
2/4/2024 18:00,D005,VH005,Tata,Curvv EV,55,585,1500,123,0,49.08,0.91,673.47,73,95,1,2,2,14,Rain,High,17,56,43,18,1034,94.4,6.668,146533.5,100,17.61,43,1,1
2/4/2024 20:00,D005,VH005,Tata,Curvv EV,55,585,1500,123,0,33.11,0.9,341.29,74,116,1,0,2,27,Clear,Low,10,59,49,18,1034,94.4,4.998,146566.6,100,17.6,43,1,1
2/4/2024 22:00,D005,VH005,Tata,Curvv EV,55,585,1500,123,1,65.8,0.7,1091.98,101,129,0,5,3,3,Clear,Medium,19,42,25,18,1034,94.4,9.251,146632.4,100,17.44,44,1,1
2/5/2024 0:00,D005,VH005,Tata,Curvv EV,55,585,1500,123,1,139.43,2.2,2104.29,65,124,3,1,0,3,Clear,Medium,19,72,34,25.7,1034,94.39,20.78,146771.8,100,17.35,44,1,0
2/5/2024 2:00,D005,VH005,Tata,Curvv EV,55,585,1500,123,1,164.22,1.73,2805.7,100,125,3,3,1,5,Rain,Low,20,70,29,26.6,1034,94.39,22.027,146936.1,100,17.19,44,1,0
2/5/2024 4:00,D005,VH005,Tata,Curvv EV,55,585,1500,123,0,20.43,0.64,287.41,58,94,1,2,4,17,Cloudy,Low,17,70,64,18,1034,94.39,2.961,146956.5,100,17.13,44,1,0
2/5/2024 6:00,D005,VH005,Tata,Curvv EV,55,585,1500,123,0,11.92,0.49,125.63,57,90,0,4,1,17,Rain,High,27,83,80,18,1034,94.39,1.588,146968.4,100,17.03,44,1,0
2/5/2024 8:00,D005,VH005,Tata,Curvv EV,55,585,1500,123,0,18.63,0.57,276.73,68,99,0,3,2,18,Rain,Medium,13,59,54,18,1034,94.39,2.482,146987,100,16.94,44,1,0
2/5/2024 10:00,D005,VH005,Tata,Curvv EV,55,585,1500,123,0,39.2,0.87,483.8,67,103,3,0,0,17,Rain,High,11,62,51,18,1034,94.38,5.535,147026.2,100,16.93,44,1,0
2/5/2024 12:00,D005,VH005,Tata,Curvv EV,55,585,1500,123,1,147.41,2.15,1769.95,69,130,2,2,1,1,Rain,Medium,11,66,30,24.7,1035,94.38,19.399,147173.7,100,16.8,44,1,1
2/5/2024 14:00,D005,VH005,Tata,Curvv EV,55,585,1500,123,0,10.98,0.55,187.15,51,110,0,3,4,20,Clear,High,22,74,71,18,1035,94.38,1.625,147184.6,100,16.72,44,1,1
2/5/2024 16:00,D005,VH005,Tata,Curvv EV,55,585,1500,123,0,19.03,0.53,354.71,53,115,3,3,0,10,Rain,High,23,74,69,18,1035,94.38,2.687,147203.7,100,16.64,44,1,1
2/5/2024 18:00,D005,VH005,Tata,Curvv EV,55,585,1500,123,1,143.67,2.03,2046.74,73,118,4,4,2,4,Clear,Medium,21,68,28,24.9,1035,94.37,21.816,147347.3,100,16.47,44,1,0
2/5/2024 20:00,D005,VH005,Tata,Curvv EV,55,585,1500,123,1,52.95,0.67,724.97,88,128,1,2,0,4,Rain,Medium,26,78,65,18,1035,94.37,6.834,147400.3,100,16.4,44,1,0
2/5/2024 22:00,D005,VH005,Tata,Curvv EV,55,585,1500,123,1,57.11,0.63,1025.66,107,125,3,0,1,6,Clear,Medium,21,63,47,18,1035,94.37,8.511,147457.4,100,16.37,45,1,0
2/6/2024 0:00,D005,VH005,Tata,Curvv EV,55,585,1500,123,0,53.28,1.14,669.01,62,86,0,2,3,17,Rain,Medium,21,60,47,18,1035,94.37,7.097,147510.7,100,16.29,45,1,0
2/6/2024 2:00,D005,VH005,Tata,Curvv EV,55,585,1500,123,1,72.98,0.97,1336.32,79,130,3,2,0,3,Clear,Medium,18,74,54,18,1035,94.37,10.877,147583.7,100,16.21,45,1,1
2/6/2024 4:00,D005,VH005,Tata,Curvv EV,55,585,1500,123,1,148.54,2.16,2460.23,72,128,0,2,0,6,Clear,Medium,21,78,40,22.9,1035,94.36,20.885,147732.2,100,16.09,45,1,1
2/6/2024 6:00,D005,VH005,Tata,Curvv EV,55,585,1500,123,1,91.03,1.2,1345.15,80,116,2,2,4,4,Rain,Low,24,80,58,22.2,1035,94.36,11.98,147823.2,100,15.99,45,1,0
2/6/2024 8:00,D005,VH005,Tata,Curvv EV,55,585,1500,123,0,8.02,0.36,99.49,50,101,3,3,1,12,Clear,Medium,26,75,72,18,1035,94.36,1.258,147831.2,100,15.91,45,1,0
2/6/2024 10:00,D005,VH005,Tata,Curvv EV,55,585,1500,123,0,41.26,0.91,706.26,72,83,0,2,0,20,Clear,High,27,57,45,20.2,1035,94.36,6.106,147872.5,100,15.84,45,1,0
2/6/2024 12:00,D005,VH005,Tata,Curvv EV,55,585,1500,123,0,42.83,0.9,524.01,63,96,0,2,0,13,Rain,Medium,19,72,61,18,1035,94.35,5.705,147915.3,100,15.77,45,1,0
2/6/2024 14:00,D005,VH005,Tata,Curvv EV,55,585,1500,123,0,53.06,1.55,916.72,42,107,2,6,4,17,Rain,Low,18,78,64,18,1035,94.35,7.35,147968.4,100,15.6,45,1,0
2/6/2024 16:00,D005,VH005,Tata,Curvv EV,55,585,1500,123,0,35.04,0.76,439.37,74,99,0,2,3,17,Clear,Medium,14,75,65,18,1035,94.35,5.186,148003.4,100,15.53,45,1,1
2/6/2024 18:00,D005,VH005,Tata,Curvv EV,55,585,1500,123,1,55.85,0.73,963.79,84,119,2,3,1,4,Clear,Low,15,73,58,18,1036,94.35,8.167,148059.3,100,15.43,45,1,0
2/6/2024 20:00,D005,VH005,Tata,Curvv EV,55,585,1500,123,0,64.64,1.01,1084.65,66,98,0,1,4,2,Clear,Low,20,63,45,18,1036,94.35,9.567,148123.9,100,15.37,45,1,0
2/6/2024 22:00,D005,VH005,Tata,Curvv EV,55,585,1500,123,0,37.36,0.94,495.48,62,102,3,1,1,20,Rain,Medium,20,68,58,18,1036,94.35,5.275,148161.3,100,15.33,46,1,0
2/7/2024 0:00,D005,VH005,Tata,Curvv EV,55,585,1500,123,1,53.79,0.8,746.76,75,112,1,0,1,5,Rain,Medium,18,65,52,18,1036,94.34,6.943,148215.1,100,15.3,46,1,0
2/7/2024 2:00,D005,VH005,Tata,Curvv EV,55,585,1500,123,0,20.73,0.63,233.61,60,71,0,4,3,17,Fog,Medium,19,48,43,18,1036,94.34,2.669,148235.8,100,15.19,46,1,0
2/7/2024 4:00,D005,VH005,Tata,Curvv EV,55,585,1500,123,0,14.65,0.42,245.8,61,90,0,3,1,11,Clear,Medium,25,66,62,18,1036,94.34,2.168,148250.5,100,15.11,46,1,1
2/7/2024 6:00,D005,VH005,Tata,Curvv EV,55,585,1500,123,1,117.86,1.35,1210.56,93,128,2,1,3,5,Clear,Medium,18,44,12,24.8,1036,94.34,17.234,148368.3,100,15.03,46,1,1
2/7/2024 8:00,D005,VH005,Tata,Curvv EV,55,585,1500,123,0,46.07,0.82,605.34,86,108,3,2,1,17,Clear,Low,15,54,40,18,1036,94.34,7.227,148414.4,100,14.96,46,1,0
2/7/2024 10:00,D005,VH005,Tata,Curvv EV,55,585,1500,123,0,33.27,0.89,446.11,66,113,2,5,2,23,Cloudy,Medium,16,71,62,18,1036,94.34,4.916,148447.7,100,14.82,46,1,0
1/1/2024 0:00,D006,VH006,Tata,Punch EV,35,421,1250,90,0,21.88,0.73,353.21,46,98,0,1,7,15,Clear,Medium,15,70,60,18,802,96.57,3.238,34721.9,23.18,86.09,151,1,1
1/1/2024 2:00,D006,VH006,Tata,Punch EV,35,421,1250,90,1,142.96,1.6,1787.67,91,120,2,0,5,2,Clear,Low,20,51,10,21.5,802,96.57,15.1725,34864.8,23.23,86.08,151,1,1
1/1/2024 4:00,D006,VH006,Tata,Punch EV,35,421,1250,90,0,64.68,1.35,1172.89,59,111,1,2,2,15,Fog,High,18,61,36,18,802,96.57,8.495,34929.5,23.33,86.02,151,1,1
1/1/2024 6:00,D006,VH006,Tata,Punch EV,35,421,1250,90,0,56.71,0.99,591.33,78,92,0,2,4,16,Clear,Medium,22,47,23,18,802,96.57,8.393,34986.2,23.43,85.96,151,1,1
1/1/2024 8:00,D006,VH006,Tata,Punch EV,35,421,1250,90,0,43,0.8,693.79,66,82,1,5,2,9,Fog,Medium,25,60,43,18,802,96.57,5.647,35029.2,23.65,85.83,151,1,1
1/1/2024 10:00,D006,VH006,Tata,Punch EV,35,421,1250,90,0,54.63,1.45,891.92,49,123,4,2,4,20,Clear,Low,26,72,47,18,802,96.57,8.732,35083.9,23.74,85.77,151,1,1
1/1/2024 12:00,D006,VH006,Tata,Punch EV,35,421,1250,90,0,60.65,1.06,755.69,63,106,4,1,4,6,Cloudy,Medium,24,60,33,19.2,802,96.57,9.307,35144.5,23.81,85.74,151,1,1
1/1/2024 14:00,D006,VH006,Tata,Punch EV,35,421,1250,90,1,90.65,1.26,996.18,76,152,3,1,1,4,Clear,Medium,22,50,11,18.7,802,96.57,13.51,35235.2,23.88,85.71,151,1,1
1/1/2024 16:00,D006,VH006,Tata,Punch EV,35,421,1250,90,1,93.27,1.01,1060.94,102,139,1,3,4,6,Clear,Medium,19,74,35,18,803,96.56,13.376,35328.4,24.03,85.62,151,1,1
1/1/2024 18:00,D006,VH006,Tata,Punch EV,35,421,1250,90,0,62.29,1.14,1205.57,57,89,0,3,4,3,Fog,Low,21,72,49,18,803,96.56,8.02,35390.7,24.17,85.54,151,1,1
1/1/2024 20:00,D006,VH006,Tata,Punch EV,35,421,1250,90,0,27.04,0.79,377.81,52,111,2,2,2,16,Cloudy,Medium,15,84,72,18,803,96.56,3.996,35417.8,24.26,85.48,151,1,1
1/1/2024 22:00,D006,VH006,Tata,Punch EV,35,421,1250,90,1,150.93,1.69,2143.06,93,133,1,0,1,4,Rain,Low,20,70,14,23.4,803,96.56,19.481,35568.7,24.31,85.47,152,1,1
1/2/2024 0:00,D006,VH006,Tata,Punch EV,35,421,1250,90,1,123.41,1.25,2281.12,104,111,1,2,1,4,Clear,Low,22,60,10,26.5,803,96.56,17.698,35692.1,24.44,85.4,152,1,1
1/2/2024 2:00,D006,VH006,Tata,Punch EV,35,421,1250,90,0,14.33,0.51,226.46,60,93,0,1,3,16,Rain,Medium,21,47,41,18,803,96.56,1.909,35706.4,24.48,85.37,152,1,1
1/2/2024 4:00,D006,VH006,Tata,Punch EV,35,421,1250,90,0,23.38,0.57,423.51,78,87,0,4,1,16,Rain,Medium,25,59,50,18,803,96.56,3.114,35729.8,24.65,85.27,152,1,0
1/2/2024 6:00,D006,VH006,Tata,Punch EV,35,421,1250,90,1,99.35,1.38,1031.62,74,113,0,1,1,2,Clear,Medium,16,57,17,18,803,96.56,13.969,35829.2,24.73,85.23,152,1,1
1/2/2024 8:00,D006,VH006,Tata,Punch EV,35,421,1250,90,0,61.8,1.11,1090.78,76,108,0,3,0,18,Clear,Low,13,85,58,18,804,96.56,9.146,35891,24.87,85.15,152,1,1
1/2/2024 10:00,D006,VH006,Tata,Punch EV,35,421,1250,90,0,45.96,1.03,654.38,63,111,1,0,4,18,Fog,Low,8,50,32,18,804,96.56,6.036,35936.9,24.88,85.15,152,1,1
1/2/2024 12:00,D006,VH006,Tata,Punch EV,35,421,1250,90,0,47.47,0.79,741.19,71,105,1,4,2,7,Clear,Medium,16,59,38,18,804,96.56,7.166,35984.4,25.06,85.04,152,1,1
1/2/2024 14:00,D006,VH006,Tata,Punch EV,35,421,1250,90,0,46.3,1.05,675.3,59,100,1,0,3,16,Clear,Medium,21,60,40,18,804,96.56,6.989,36030.7,25.08,85.04,152,1,1
1/2/2024 16:00,D006,VH006,Tata,Punch EV,35,421,1250,90,0,34.22,0.88,513.31,54,101,2,1,1,15,Clear,Medium,17,66,50,18,804,96.56,5.267,36064.9,25.13,85.01,152,1,1
1/2/2024 18:00,D006,VH006,Tata,Punch EV,35,421,1250,90,1,127.28,1.5,2440.45,91,143,1,1,5,6,Rain,Medium,20,72,25,21.1,804,96.56,16.428,36192.2,25.21,84.97,152,1,1
1/2/2024 20:00,D006,VH006,Tata,Punch EV,35,421,1250,90,0,31.46,0.89,430.4,52,80,0,4,2,17,Cloudy,Low,24,47,34,18,804,96.56,4.47,36223.7,25.38,84.86,152,1,1
1/2/2024 22:00,D006,VH006,Tata,Punch EV,35,421,1250,90,0,10.89,0.24,146.68,56,103,3,2,0,3,Fog,Medium,20,77,72,18,804,96.56,1.486,36234.5,25.47,84.81,153,1,1
1/3/2024 0:00,D006,VH006,Tata,Punch EV,35,421,1250,90,1,60.44,0.86,1013.54,75,123,1,2,2,3,Rain,Medium,14,69,46,18,804,96.56,7.801,36295,25.57,84.75,153,1,1
1/3/2024 2:00,D006,VH006,Tata,Punch EV,35,421,1250,90,0,15.03,0.41,202.43,66,101,2,2,1,11,Clear,Medium,17,62,55,18,804,96.56,2.313,36310,25.65,84.7,153,1,1
1/3/2024 4:00,D006,VH006,Tata,Punch EV,35,421,1250,90,0,30.56,0.8,566.41,59,101,3,3,4,17,Clear,Medium,12,61,47,18,804,96.56,4.794,36340.6,25.78,84.62,153,1,1
1/3/2024 6:00,D006,VH006,Tata,Punch EV,35,421,1250,90,1,60.11,0.63,918.17,103,116,0,1,1,3,Clear,Low,16,64,39,18,805,96.56,8.451,36400.7,25.85,84.59,153,1,1
1/3/2024 8:00,D006,VH006,Tata,Punch EV,35,421,1250,90,1,134.1,1.66,1588.7,84,153,1,1,0,4,Fog,Low,23,72,24,23.9,805,96.55,16.731,36534.8,25.93,84.55,153,1,1
1/3/2024 10:00,D006,VH006,Tata,Punch EV,35,421,1250,90,0,36.74,0.89,525.51,62,116,0,1,2,18,Clear,Medium,21,62,46,18,805,96.55,5.438,36571.5,25.99,84.52,153,1,1
1/3/2024 12:00,D006,VH006,Tata,Punch EV,35,421,1250,90,0,27.85,0.77,443.14,46,103,2,1,1,10,Fog,Medium,22,68,57,18,805,96.55,3.729,36599.4,26.03,84.49,153,1,1
1/3/2024 14:00,D006,VH006,Tata,Punch EV,35,421,1250,90,0,13.16,0.6,222.28,79,96,0,3,3,26,Cloudy,Medium,19,73,67,18,805,96.55,1.87,36612.5,26.16,84.42,153,1,1
1/3/2024 16:00,D006,VH006,Tata,Punch EV,35,421,1250,90,0,9.33,0.4,156.71,57,94,1,2,1,14,Clear,Low,15,61,56,18,805,96.55,1.408,36621.9,26.24,84.36,153,1,1
1/3/2024 18:00,D006,VH006,Tata,Punch EV,35,421,1250,90,0,9.61,0.41,122.11,68,107,2,2,1,16,Clear,Medium,31,76,71,18,805,96.55,1.479,36631.5,26.33,84.31,153,1,1
1/3/2024 20:00,D006,VH006,Tata,Punch EV,35,421,1250,90,0,25.23,0.64,289.96,62,107,4,0,2,14,Fog,High,16,66,55,18,805,96.55,3.509,36656.7,26.33,84.31,153,1,1
1/3/2024 22:00,D006,VH006,Tata,Punch EV,35,421,1250,90,0,46.81,1.01,601.81,71,103,2,1,0,21,Rain,Medium,16,87,68,18,805,96.55,6.484,36703.5,26.39,84.28,154,1,1
1/4/2024 0:00,D006,VH006,Tata,Punch EV,35,421,1250,90,1,61,0.75,909.53,83,120,4,3,1,1,Fog,Medium,20,51,27,18,805,96.55,8.059,36764.5,26.53,84.2,154,1,1
1/4/2024 2:00,D006,VH006,Tata,Punch EV,35,421,1250,90,0,44.07,0.97,545.08,60,82,0,2,1,14,Rain,Medium,16,89,72,18,805,96.55,5.87,36808.6,26.63,84.14,154,1,1
1/4/2024 4:00,D006,VH006,Tata,Punch EV,35,421,1250,90,0,35.42,0.81,586.24,55,109,1,4,3,10,Clear,Low,20,75,59,18,805,96.55,5.347,36844,26.8,84.04,154,1,1
1/4/2024 6:00,D006,VH006,Tata,Punch EV,35,421,1250,90,0,10.8,0.38,164.9,61,87,1,1,2,12,Clear,Medium,21,80,75,18,805,96.55,1.63,36854.8,26.84,84.01,154,1,1
1/4/2024 8:00,D006,VH006,Tata,Punch EV,35,421,1250,90,0,18.94,0.82,321.49,56,110,2,1,2,29,Cloudy,Medium,20,66,58,18,805,96.55,2.799,36873.7,26.89,83.98,154,1,1
1/4/2024 10:00,D006,VH006,Tata,Punch EV,35,421,1250,90,0,32.33,0.78,567.23,65,104,2,1,3,17,Fog,Low,22,41,28,18,805,96.55,4.329,36906.1,26.94,83.96,154,1,1
1/4/2024 12:00,D006,VH006,Tata,Punch EV,35,421,1250,90,0,26.4,0.8,406.97,55,82,0,0,1,19,Clear,Medium,15,55,43,18,805,96.55,3.907,36932.5,26.95,83.95,154,1,1
1/4/2024 14:00,D006,VH006,Tata,Punch EV,35,421,1250,90,1,62.54,0.74,1074.76,90,129,1,3,1,3,Cloudy,Low,14,80,55,18,806,96.55,8.61,36995,27.09,83.87,154,1,1
1/4/2024 16:00,D006,VH006,Tata,Punch EV,35,421,1250,90,1,78.68,1.16,1556.28,72,115,2,2,2,4,Clear,Medium,17,65,32,18,806,96.55,11.505,37073.7,27.2,83.81,154,1,1
1/4/2024 18:00,D006,VH006,Tata,Punch EV,35,421,1250,90,1,120.6,1.47,1757.8,87,103,1,3,4,5,Cloudy,Medium,19,76,28,22.3,806,96.55,16.604,37194.3,27.36,83.72,154,1,1
1/4/2024 20:00,D006,VH006,Tata,Punch EV,35,421,1250,90,0,27.41,0.44,312.45,86,114,1,3,3,7,Fog,Medium,13,87,76,18,806,96.55,3.6,37221.7,27.49,83.64,154,1,1
1/4/2024 22:00,D006,VH006,Tata,Punch EV,35,421,1250,90,0,56.63,1.1,822.31,65,114,0,4,1,14,Clear,High,20,72,48,18,806,96.55,8.381,37278.3,27.67,83.54,155,1,1
1/5/2024 0:00,D006,VH006,Tata,Punch EV,35,421,1250,90,1,96.36,1.03,1162.25,97,112,0,1,1,2,Rain,Medium,21,69,34,19.2,806,96.55,12.193,37374.7,27.75,83.5,155,1,1
1/5/2024 2:00,D006,VH006,Tata,Punch EV,35,421,1250,90,0,60.41,1.02,735.22,67,89,0,2,6,7,Clear,High,22,64,38,18,806,96.55,8.941,37435.1,27.85,83.44,155,1,1
1/5/2024 4:00,D006,VH006,Tata,Punch EV,35,421,1250,90,0,54.75,0.97,709.34,82,101,0,1,3,18,Fog,Low,20,57,36,18,806,96.55,7.05,37489.9,27.91,83.41,155,1,1
1/5/2024 6:00,D006,VH006,Tata,Punch EV,35,421,1250,90,0,13.34,0.51,248.8,65,113,2,4,0,18,Rain,Medium,24,79,73,18,806,96.55,1.848,37503.2,28.07,83.31,155,1,1
1/5/2024 8:00,D006,VH006,Tata,Punch EV,35,421,1250,90,0,32.02,1.01,527.86,51,110,3,0,2,23,Rain,Medium,20,61,48,18,807,96.55,4.521,37535.2,28.08,83.3,155,1,1
1/5/2024 10:00,D006,VH006,Tata,Punch EV,35,421,1250,90,1,137.45,1.59,2367.11,90,125,2,3,4,4,Cloudy,Low,21,74,18,24.6,807,96.55,19.295,37672.7,28.25,83.21,155,1,1
1/5/2024 12:00,D006,VH006,Tata,Punch EV,35,421,1250,90,0,36.61,0.71,566.1,67,94,0,3,1,10,Fog,Medium,20,54,40,18,807,96.55,4.714,37709.3,28.38,83.13,155,1,1
1/5/2024 14:00,D006,VH006,Tata,Punch EV,35,421,1250,90,0,62.28,1.24,1001.51,51,102,2,2,2,1,Rain,Medium,18,61,36,18,807,96.54,8.628,37771.6,28.49,83.08,155,1,1
1/5/2024 16:00,D006,VH006,Tata,Punch EV,35,421,1250,90,1,104.67,1.39,1759.7,80,125,1,2,2,5,Clear,Medium,12,60,17,21,807,96.54,15.011,37876.2,28.6,83.01,155,1,1
1/5/2024 18:00,D006,VH006,Tata,Punch EV,35,421,1250,90,1,115.84,1.22,1223.73,98,142,3,2,4,2,Fog,Medium,27,80,37,18.7,807,96.54,15.02,37992.1,28.72,82.95,155,1,1
1/5/2024 20:00,D006,VH006,Tata,Punch EV,35,421,1250,90,0,8.32,0.38,130.52,56,114,3,3,1,14,Rain,High,18,91,87,18,807,96.54,1.175,38000.4,28.85,82.87,155,1,1
1/5/2024 22:00,D006,VH006,Tata,Punch EV,35,421,1250,90,1,99.55,1.22,1499.07,85,125,2,1,1,3,Clear,Low,9,64,22,18,808,96.54,14.557,38099.9,28.92,82.84,156,1,1
1/6/2024 0:00,D006,VH006,Tata,Punch EV,35,421,1250,90,1,86.17,0.93,1442.75,100,124,3,4,3,4,Rain,Low,16,79,45,18,808,96.54,11.558,38186.1,29.11,82.73,156,1,0
1/6/2024 2:00,D006,VH006,Tata,Punch EV,35,421,1250,90,1,106.71,1.21,1527.99,92,113,0,0,2,3,Rain,Low,16,84,45,18.5,808,96.54,13.503,38292.8,29.15,82.71,156,1,1
1/6/2024 4:00,D006,VH006,Tata,Punch EV,35,421,1250,90,1,161.91,1.85,2793.42,89,127,0,1,2,2,Fog,Medium,23,82,25,24.4,808,96.54,19.805,38454.7,29.24,82.67,156,1,1
1/6/2024 6:00,D006,VH006,Tata,Punch EV,35,421,1250,90,0,17.32,0.37,335.56,79,104,0,3,1,9,Fog,High,14,51,44,18,808,96.54,2.23,38472,29.37,82.59,156,1,1
1/6/2024 8:00,D006,VH006,Tata,Punch EV,35,421,1250,90,1,51.25,0.72,739.94,78,108,1,6,1,4,Clear,Medium,16,73,52,18,808,96.54,7.35,38523.3,29.63,82.44,156,1,1
1/6/2024 10:00,D006,VH006,Tata,Punch EV,35,421,1250,90,0,59.46,1.15,632.43,65,99,0,1,2,14,Rain,High,24,68,45,20,808,96.54,7.92,38582.8,29.69,82.4,156,1,1
1/6/2024 12:00,D006,VH006,Tata,Punch EV,35,421,1250,90,0,23.92,0.5,351.72,69,113,3,3,0,9,Rain,Medium,22,91,81,18,808,96.54,3.377,38606.7,29.82,82.33,156,1,1
1/6/2024 14:00,D006,VH006,Tata,Punch EV,35,421,1250,90,0,61.83,1.12,783.53,74,98,1,3,1,17,Clear,High,18,53,26,18,808,96.54,9.334,38668.5,29.96,82.24,156,1,1
1/6/2024 16:00,D006,VH006,Tata,Punch EV,35,421,1250,90,0,37.21,1.09,732.7,58,106,1,0,0,27,Clear,Low,14,74,57,18,809,96.54,5.617,38705.7,29.97,82.24,156,1,1
1/6/2024 18:00,D006,VH006,Tata,Punch EV,35,421,1250,90,1,53.64,0.77,941.73,76,116,0,1,4,4,Cloudy,Low,17,61,40,18,809,96.54,7.24,38759.3,30.03,82.21,156,1,1
1/6/2024 20:00,D006,VH006,Tata,Punch EV,35,421,1250,90,1,144.36,1.66,2708.97,89,129,2,1,0,2,Rain,Medium,20,67,12,20.4,809,96.54,18.998,38903.7,30.12,82.17,156,1,1
1/6/2024 22:00,D006,VH006,Tata,Punch EV,35,421,1250,90,0,18.96,0.49,245.18,59,87,0,6,2,10,Rain,Medium,22,60,52,18,809,96.54,2.525,38922.7,30.37,82.01,157,1,1
1/7/2024 0:00,D006,VH006,Tata,Punch EV,35,421,1250,90,0,24.14,0.53,457.92,77,94,1,4,3,13,Rain,Medium,11,66,56,18,809,96.54,3.28,38946.8,30.54,81.91,157,1,1
1/7/2024 2:00,D006,VH006,Tata,Punch EV,35,421,1250,90,0,47.02,1.01,722.31,63,99,0,6,2,16,Rain,Low,21,47,29,18,809,96.53,6.263,38993.8,30.79,81.75,157,1,1
1/7/2024 4:00,D006,VH006,Tata,Punch EV,35,421,1250,90,0,60.95,1.2,1064.23,61,93,0,2,3,12,Clear,Medium,16,70,44,18,809,96.53,9.021,39054.8,30.89,81.7,157,1,1
1/7/2024 6:00,D006,VH006,Tata,Punch EV,35,421,1250,90,0,54.14,1.27,1069.92,58,81,0,0,3,20,Rain,Medium,17,58,37,18,809,96.53,7.211,39108.9,30.91,81.69,157,1,1
1/7/2024 8:00,D006,VH006,Tata,Punch EV,35,421,1250,90,0,21.99,0.69,333.05,45,116,2,5,0,12,Clear,Medium,27,77,67,18.2,809,96.53,3.385,39130.9,31.12,81.56,157,1,1
1/7/2024 10:00,D006,VH006,Tata,Punch EV,35,421,1250,90,0,61.43,1.12,1009.6,69,103,1,2,3,14,Clear,High,26,66,39,19.5,809,96.53,9.273,39192.3,31.22,81.51,157,1,1
1/7/2024 12:00,D006,VH006,Tata,Punch EV,35,421,1250,90,0,34.4,1.03,492.5,44,92,0,0,1,15,Fog,Low,29,72,59,18,809,96.53,4.429,39226.7,31.23,81.5,157,1,1
1/7/2024 14:00,D006,VH006,Tata,Punch EV,35,421,1250,90,0,56.34,1.11,600.33,57,87,0,3,4,7,Clear,High,12,78,54,18,810,96.53,8.338,39283.1,31.37,81.42,157,1,0
1/7/2024 16:00,D006,VH006,Tata,Punch EV,35,421,1250,90,0,40.06,0.98,687.95,65,110,2,0,2,22,Rain,Medium,26,64,48,18,810,96.53,5.549,39323.1,31.39,81.42,157,1,1
1/7/2024 18:00,D006,VH006,Tata,Punch EV,35,421,1250,90,1,66.2,0.78,884.43,89,146,1,0,7,2,Rain,Medium,11,65,40,18,810,96.53,8.544,39389.3,31.41,81.41,157,1,1
1/7/2024 20:00,D006,VH006,Tata,Punch EV,35,421,1250,90,1,69.85,0.84,753.94,88,119,0,2,3,3,Clear,Low,20,64,35,19.9,810,96.53,9.821,39459.2,31.52,81.35,157,1,1
1/7/2024 22:00,D006,VH006,Tata,Punch EV,35,421,1250,90,0,52.8,0.83,882.88,78,90,0,1,1,9,Fog,Low,17,67,47,18,810,96.53,6.799,39512,31.57,81.32,158,1,1
1/8/2024 0:00,D006,VH006,Tata,Punch EV,35,421,1250,90,1,142.4,1.56,2347.1,92,121,1,2,6,1,Rain,Medium,15,84,31,20.6,810,96.53,18.38,39654.4,31.7,81.25,158,1,1
1/8/2024 2:00,D006,VH006,Tata,Punch EV,35,421,1250,90,0,56.97,1.08,647.2,73,89,0,0,3,18,Clear,Medium,18,69,44,18,810,96.53,8.432,39711.4,31.72,81.24,158,1,1
1/8/2024 4:00,D006,VH006,Tata,Punch EV,35,421,1250,90,1,84.59,0.96,1336.11,95,123,1,1,2,4,Fog,Medium,9,60,29,18,810,96.53,10.554,39795.9,31.79,81.21,158,1,1
1/8/2024 6:00,D006,VH006,Tata,Punch EV,35,421,1250,90,1,159.97,1.65,2574.9,99,109,4,2,0,2,Rain,Medium,11,63,10,18.6,811,96.53,18.7425,39955.9,31.93,81.14,158,1,1
1/8/2024 8:00,D006,VH006,Tata,Punch EV,35,421,1250,90,0,28.12,0.52,390.17,72,103,2,2,2,8,Rain,Low,16,74,62,18,811,96.53,3.895,39984,32.02,81.09,158,1,1
1/8/2024 10:00,D006,VH006,Tata,Punch EV,35,421,1250,90,1,99.38,1.11,1546.35,100,128,1,3,1,7,Clear,Medium,20,89,48,20,811,96.53,14.252,40083.4,32.17,81,158,1,1
1/8/2024 12:00,D006,VH006,Tata,Punch EV,35,421,1250,90,0,19.62,0.62,252.9,55,110,2,4,1,16,Rain,Medium,12,50,42,18,811,96.53,2.718,40103,32.34,80.9,158,1,1
1/8/2024 14:00,D006,VH006,Tata,Punch EV,35,421,1250,90,1,104.03,1.35,1139.87,80,131,1,0,2,3,Clear,Medium,23,68,25,26,811,96.52,14.919,40207.1,32.38,80.88,158,1,1
1/8/2024 16:00,D006,VH006,Tata,Punch EV,35,421,1250,90,0,41.65,0.77,730.16,71,109,2,3,4,11,Cloudy,Medium,19,77,59,18,811,96.52,6.154,40248.7,32.51,80.8,158,1,1
1/8/2024 18:00,D006,VH006,Tata,Punch EV,35,421,1250,90,0,43.01,1.1,578.62,57,117,2,5,3,21,Clear,High,21,61,42,18,811,96.52,6.62,40291.7,32.73,80.67,158,1,1
1/8/2024 20:00,D006,VH006,Tata,Punch EV,35,421,1250,90,0,20.91,0.75,317.33,60,111,0,1,1,24,Fog,Medium,11,63,55,18,811,96.52,2.692,40312.6,32.77,80.65,158,1,1
1/8/2024 22:00,D006,VH006,Tata,Punch EV,35,421,1250,90,1,140.69,1.67,2055.72,88,117,2,1,3,4,Rain,Medium,21,76,23,22.6,812,96.52,18.515,40453.3,32.86,80.6,159,1,1
1/9/2024 0:00,D006,VH006,Tata,Punch EV,35,421,1250,90,0,47.39,0.86,881.2,80,105,3,1,2,16,Clear,Medium,23,71,49,18,812,96.52,7.435,40500.7,32.92,80.57,159,1,1
1/9/2024 2:00,D006,VH006,Tata,Punch EV,35,421,1250,90,1,57.66,0.81,962.78,79,117,4,2,3,5,Cloudy,Medium,18,70,45,18,812,96.52,8.405,40558.4,33.02,80.52,159,1,1
1/9/2024 4:00,D006,VH006,Tata,Punch EV,35,421,1250,90,1,113.34,1.56,2213.51,75,127,0,3,1,3,Cloudy,Low,26,54,10,30.9,812,96.52,15.298,40671.7,33.18,80.43,159,1,1
1/9/2024 6:00,D006,VH006,Tata,Punch EV,35,421,1250,90,1,141.3,1.6,2234.55,92,105,1,3,2,4,Clear,Medium,21,91,33,26.1,812,96.52,20.264,40813,33.35,80.34,159,1,1
1/9/2024 8:00,D006,VH006,Tata,Punch EV,35,421,1250,90,0,50.98,1.62,580.35,43,103,1,1,1,26,Cloudy,Medium,16,80,58,18,812,96.52,7.388,40864,33.41,80.31,159,1,1
1/9/2024 10:00,D006,VH006,Tata,Punch EV,35,421,1250,90,0,54.09,0.94,727.17,80,102,3,5,1,16,Rain,Medium,15,71,49,18,812,96.52,7.637,40918.1,33.63,80.17,159,1,1
1/9/2024 12:00,D006,VH006,Tata,Punch EV,35,421,1250,90,0,55.6,1.18,689.15,61,111,1,4,2,16,Clear,High,18,87,63,18,813,96.52,8.393,40973.7,33.81,80.07,159,1,1
1/9/2024 14:00,D006,VH006,Tata,Punch EV,35,421,1250,90,1,136.3,1.71,2474.45,82,111,1,1,3,3,Fog,Medium,15,74,25,19.5,813,96.52,17.006,41110,33.89,80.03,159,1,1
1/9/2024 16:00,D006,VH006,Tata,Punch EV,35,421,1250,90,0,47.54,1.18,543.81,50,112,1,2,2,14,Fog,Low,18,79,61,18,813,96.52,6.244,41157.5,33.99,79.97,159,1,1
1/9/2024 18:00,D006,VH006,Tata,Punch EV,35,421,1250,90,1,126.04,1.57,1692.51,83,123,2,2,1,3,Clear,Medium,18,74,21,23.7,813,96.52,18.43,41283.6,34.11,79.9,159,1,1
1/9/2024 20:00,D006,VH006,Tata,Punch EV,35,421,1250,90,0,52.7,0.88,901.8,83,121,1,2,2,15,Fog,Medium,18,74,54,18,813,96.52,6.921,41336.3,34.21,79.85,159,1,1
1/9/2024 22:00,D006,VH006,Tata,Punch EV,35,421,1250,90,0,17.52,0.35,224.68,87,95,0,0,2,9,Clear,Medium,17,70,62,18,813,96.52,2.593,41353.8,34.22,79.85,160,1,0
1/10/2024 0:00,D006,VH006,Tata,Punch EV,35,421,1250,90,0,8.92,0.56,98.03,61,110,1,1,1,25,Clear,Medium,22,55,51,18,813,96.52,1.347,41362.7,34.26,79.82,160,1,1
1/10/2024 2:00,D006,VH006,Tata,Punch EV,35,421,1250,90,0,17.47,0.48,214.18,62,67,2,2,1,12,Cloudy,High,23,65,57,18,813,96.52,2.581,41380.2,34.35,79.77,160,1,1
1/10/2024 4:00,D006,VH006,Tata,Punch EV,35,421,1250,90,0,49.07,0.92,751.83,70,105,1,1,3,13,Rain,Medium,22,72,52,19.5,813,96.51,6.667,41429.2,34.41,79.74,160,1,1
1/10/2024 6:00,D006,VH006,Tata,Punch EV,35,421,1250,90,0,35.22,0.71,380.41,69,110,4,2,3,12,Fog,High,18,63,49,18,813,96.51,4.898,41464.5,34.5,79.68,160,1,0
1/10/2024 8:00,D006,VH006,Tata,Punch EV,35,421,1250,90,0,31.83,0.83,599.93,58,104,1,0,3,17,Clear,Medium,19,80,66,18,813,96.51,4.805,41496.3,34.51,79.68,160,1,1
1/10/2024 10:00,D006,VH006,Tata,Punch EV,35,421,1250,90,0,32.46,0.71,339.32,70,94,1,2,0,15,Clear,Low,16,50,36,18,814,96.51,4.9,41528.8,34.6,79.63,160,1,1
1/10/2024 12:00,D006,VH006,Tata,Punch EV,35,421,1250,90,0,26.87,0.86,430.41,58,78,0,3,1,24,Clear,High,21,82,70,18,814,96.51,3.977,41555.6,34.73,79.55,160,1,1
1/10/2024 14:00,D006,VH006,Tata,Punch EV,35,421,1250,90,0,51.38,1.49,748.82,41,108,1,1,2,14,Fog,Medium,22,59,39,18,814,96.51,6.748,41607,34.79,79.52,160,1,1
1/10/2024 16:00,D006,VH006,Tata,Punch EV,35,421,1250,90,0,18.19,0.78,282.56,52,112,3,2,2,26,Fog,High,18,76,68,18,814,96.51,2.483,41625.2,34.87,79.46,160,1,1
1/10/2024 18:00,D006,VH006,Tata,Punch EV,35,421,1250,90,1,53.6,0.63,882.1,95,122,1,4,1,4,Cloudy,Medium,20,68,46,18,814,96.51,7.379,41678.8,35.05,79.36,160,1,1
1/10/2024 20:00,D006,VH006,Tata,Punch EV,35,421,1250,90,0,41.69,1.14,585.59,56,109,2,1,3,24,Clear,High,19,52,33,18,814,96.51,6.417,41720.5,35.11,79.33,160,1,1
1/10/2024 22:00,D006,VH006,Tata,Punch EV,35,421,1250,90,0,11.55,0.61,126.53,67,99,1,0,1,26,Rain,Medium,21,64,59,18,814,96.51,1.569,41732,35.11,79.33,161,1,1
1/11/2024 0:00,D006,VH006,Tata,Punch EV,35,421,1250,90,0,59.63,1.2,734.33,62,109,1,0,0,14,Rain,Medium,25,75,51,18,814,96.51,8.102,41791.7,35.13,79.32,161,1,1
1/11/2024 2:00,D006,VH006,Tata,Punch EV,35,421,1250,90,0,58.02,1.18,1144.86,59,104,4,1,1,12,Clear,Medium,14,56,29,18,814,96.51,9.274,41849.7,35.19,79.29,161,1,0
1/11/2024 4:00,D006,VH006,Tata,Punch EV,35,421,1250,90,1,67.57,0.87,813.01,86,139,3,0,0,5,Clear,Medium,18,68,39,18,814,96.51,10.07,41917.3,35.22,79.28,161,1,1
1/11/2024 6:00,D006,VH006,Tata,Punch EV,35,421,1250,90,0,52.62,1.18,805.43,65,105,0,4,1,22,Rain,Medium,21,86,65,18,814,96.51,7.009,41969.9,35.39,79.17,161,1,1
1/11/2024 8:00,D006,VH006,Tata,Punch EV,35,421,1250,90,0,36.12,0.97,395.91,62,79,0,2,3,23,Clear,Medium,14,56,40,18,814,96.51,5.346,42006,35.49,79.12,161,1,1
1/11/2024 10:00,D006,VH006,Tata,Punch EV,35,421,1250,90,1,91.13,1.44,1637.88,70,145,1,1,2,8,Cloudy,Medium,13,68,32,18,815,96.51,12.546,42097.1,35.56,79.08,161,1,1
1/11/2024 12:00,D006,VH006,Tata,Punch EV,35,421,1250,90,0,41.33,0.96,812.53,57,86,0,6,2,14,Fog,High,21,78,62,18,815,96.51,5.322,42138.5,35.81,78.93,161,1,1
1/11/2024 14:00,D006,VH006,Tata,Punch EV,35,421,1250,90,0,9.96,0.29,180.34,72,90,1,5,2,9,Clear,High,22,72,67,18,815,96.51,1.504,42148.4,36.02,78.8,161,1,1
1/11/2024 16:00,D006,VH006,Tata,Punch EV,35,421,1250,90,1,170.39,2.28,2491.83,77,156,2,1,3,4,Clear,Medium,15,56,10,18,815,96.51,16.66,42318.8,36.12,78.76,161,1,1
1/11/2024 18:00,D006,VH006,Tata,Punch EV,35,421,1250,90,1,88.66,1.31,1086.24,72,139,3,0,2,5,Clear,Medium,19,82,44,18,815,96.51,13.214,42407.5,36.15,78.75,161,1,1
1/11/2024 20:00,D006,VH006,Tata,Punch EV,35,421,1250,90,0,59.99,1.34,982.57,55,121,0,0,2,15,Cloudy,Low,16,68,43,18,815,96.51,8.523,42467.5,36.17,78.74,161,1,1
1/11/2024 22:00,D006,VH006,Tata,Punch EV,35,421,1250,90,0,53.31,1.42,1058.5,45,88,0,2,3,14,Clear,High,19,83,60,18,815,96.51,7.89,42520.8,36.27,78.68,162,1,1
1/12/2024 0:00,D006,VH006,Tata,Punch EV,35,421,1250,90,0,31.16,1.24,352.47,42,96,0,1,0,30,Clear,Low,14,73,59,18,815,96.51,4.612,42551.9,36.32,78.65,162,1,1
1/12/2024 2:00,D006,VH006,Tata,Punch EV,35,421,1250,90,0,32.18,0.69,501.96,64,95,1,0,2,11,Fog,Medium,22,54,41,18,815,96.51,4.226,42584.1,36.33,78.65,162,1,1
1/12/2024 4:00,D006,VH006,Tata,Punch EV,35,421,1250,90,0,48.47,1.39,933.32,45,107,1,0,3,19,Rain,Medium,20,65,46,18,815,96.5,6.585,42632.6,36.35,78.64,162,1,1
1/12/2024 6:00,D006,VH006,Tata,Punch EV,35,421,1250,90,1,177.45,2.07,2646.35,88,134,3,0,0,3,Fog,Medium,19,45,10,18.2,816,96.5,13.3875,42810,36.41,78.62,162,1,1
1/12/2024 8:00,D006,VH006,Tata,Punch EV,35,421,1250,90,0,56.67,1.23,849.52,54,118,0,2,2,11,Fog,High,23,72,51,18,816,96.5,7.297,42866.7,36.51,78.56,162,1,1
1/12/2024 10:00,D006,VH006,Tata,Punch EV,35,421,1250,90,0,61.71,1.21,1148.1,63,98,1,3,0,14,Rain,Medium,8,48,24,18,816,96.5,8.384,42928.4,36.65,78.48,162,1,1
1/12/2024 12:00,D006,VH006,Tata,Punch EV,35,421,1250,90,0,51.94,0.91,885.78,59,109,1,2,1,2,Rain,Medium,20,67,46,18,816,96.5,7.057,42980.3,36.75,78.43,162,1,1
1/12/2024 14:00,D006,VH006,Tata,Punch EV,35,421,1250,90,0,43.54,0.96,536.97,63,126,3,2,2,16,Fog,High,18,68,51,18,816,96.5,5.943,43023.9,36.84,78.37,162,1,0
1/12/2024 16:00,D006,VH006,Tata,Punch EV,35,421,1250,90,1,74.21,0.88,1342.5,91,114,3,3,1,4,Clear,Medium,20,69,37,18.5,816,96.5,11.06,43098.1,36.99,78.29,162,1,1
1/12/2024 18:00,D006,VH006,Tata,Punch EV,35,421,1250,90,1,97.38,1.31,1155.49,77,137,0,0,0,3,Clear,Medium,11,86,46,18,816,96.5,13.692,43195.5,37.02,78.28,162,1,1
1/12/2024 20:00,D006,VH006,Tata,Punch EV,35,421,1250,90,0,24.09,0.63,369.39,66,105,1,1,2,16,Cloudy,Medium,26,67,57,18,816,96.5,3.491,43219.6,37.07,78.25,162,1,1
1/12/2024 22:00,D006,VH006,Tata,Punch EV,35,421,1250,90,1,61.76,0.76,1217.77,89,118,2,1,1,4,Fog,Medium,19,63,40,18,816,96.5,7.857,43281.3,37.13,78.22,163,1,1
1/13/2024 0:00,D006,VH006,Tata,Punch EV,35,421,1250,90,0,14.66,0.44,226.53,53,103,1,0,2,10,Clear,Medium,18,68,61,18,817,96.5,2.213,43296,37.14,78.21,163,1,1
1/13/2024 2:00,D006,VH006,Tata,Punch EV,35,421,1250,90,1,150.43,2.07,1853.33,75,102,3,4,3,4,Rain,Medium,17,71,13,26.7,817,96.5,20.178,43446.4,37.35,78.1,163,1,1
1/13/2024 4:00,D006,VH006,Tata,Punch EV,35,421,1250,90,0,49.94,0.95,577.78,70,111,0,3,4,14,Clear,Medium,19,41,19,18,817,96.5,7.391,43496.4,37.49,78.01,163,1,0
1/13/2024 6:00,D006,VH006,Tata,Punch EV,35,421,1250,90,0,57.4,1.69,1139.53,39,100,0,1,5,13,Clear,Medium,14,77,52,18,817,96.5,8.495,43553.8,37.55,77.98,163,1,1
1/13/2024 8:00,D006,VH006,Tata,Punch EV,35,421,1250,90,1,102.11,1.15,1434.03,93,123,2,2,0,3,Clear,Medium,19,46,10,22.1,817,96.5,13.685,43655.9,37.66,77.92,163,1,1
1/13/2024 10:00,D006,VH006,Tata,Punch EV,35,421,1250,90,0,15.95,0.62,309.44,73,100,1,0,2,24,Clear,Medium,19,52,45,18,817,96.5,2.408,43671.8,37.67,77.92,163,1,1
1/13/2024 12:00,D006,VH006,Tata,Punch EV,35,421,1250,90,1,96.18,1.19,1355.39,86,117,1,2,1,4,Rain,Medium,18,43,10,20.1,817,96.5,12.414,43768,37.78,77.86,163,1,1
1/13/2024 14:00,D006,VH006,Tata,Punch EV,35,421,1250,90,1,100.48,1.15,1730.06,91,116,0,2,3,3,Rain,Medium,29,78,41,22.8,817,96.5,12.715,43868.5,37.9,77.79,163,1,1
1/13/2024 16:00,D006,VH006,Tata,Punch EV,35,421,1250,90,0,35.18,0.75,666.55,64,117,1,3,2,12,Fog,Medium,8,64,50,18,818,96.5,4.62,43903.7,38.03,77.72,163,1,1
1/13/2024 18:00,D006,VH006,Tata,Punch EV,35,421,1250,90,0,48.73,0.82,724.38,71,90,0,1,0,8,Clear,Low,17,65,44,18,818,96.49,7.212,43952.4,38.09,77.68,163,1,1
1/13/2024 20:00,D006,VH006,Tata,Punch EV,35,421,1250,90,0,24.97,0.62,362.18,79,113,1,3,0,18,Rain,High,17,85,75,18,818,96.49,3.393,43977.4,38.22,77.61,163,1,1
1/13/2024 22:00,D006,VH006,Tata,Punch EV,35,421,1250,90,0,12.37,0.53,142.53,59,110,0,1,3,19,Rain,Medium,17,74,69,18,818,96.49,1.648,43989.7,38.26,77.58,164,1,1
1/14/2024 0:00,D006,VH006,Tata,Punch EV,35,421,1250,90,0,38.13,0.89,709.52,80,85,0,3,1,25,Clear,Low,23,67,50,18,818,96.49,5.643,44027.9,38.39,77.5,164,1,1
1/14/2024 2:00,D006,VH006,Tata,Punch EV,35,421,1250,90,0,44.6,1.08,784.75,50,105,3,0,5,11,Rain,Low,13,49,31,18,818,96.49,6.297,44072.5,38.41,77.5,164,1,1
1/14/2024 4:00,D006,VH006,Tata,Punch EV,35,421,1250,90,1,63.36,0.85,1052.46,81,129,1,2,3,4,Rain,Medium,20,59,35,18,818,96.49,8.178,44135.8,38.51,77.44,164,1,1
1/14/2024 6:00,D006,VH006,Tata,Punch EV,35,421,1250,90,1,106.19,1.41,1610.26,80,139,0,3,5,5,Rain,Medium,25,71,32,22,818,96.49,13.437,44242,38.67,77.35,164,1,1
1/14/2024 8:00,D006,VH006,Tata,Punch EV,35,421,1250,90,0,20.81,0.52,383.57,46,85,0,2,4,4,Clear,Low,18,75,66,18,818,96.49,3.08,44262.8,38.76,77.3,164,1,1
1/14/2024 10:00,D006,VH006,Tata,Punch EV,35,421,1250,90,1,80.6,1.17,1497.33,73,158,1,4,3,4,Fog,Medium,23,66,37,18,818,96.49,10.056,44343.4,38.95,77.19,164,1,1
1/14/2024 12:00,D006,VH006,Tata,Punch EV,35,421,1250,90,0,41.24,1.42,677.97,33,90,2,0,4,10,Rain,Medium,15,75,58,18,818,96.49,5.713,44384.7,38.96,77.18,164,1,1
1/14/2024 14:00,D006,VH006,Tata,Punch EV,35,421,1250,90,0,15.35,0.43,296.96,79,97,0,4,2,14,Fog,Low,23,59,53,18,818,96.49,1.976,44400,39.13,77.08,164,1,0
1/14/2024 16:00,D006,VH006,Tata,Punch EV,35,421,1250,90,0,12.14,0.47,150.13,59,102,1,1,3,16,Rain,Medium,18,56,51,18,818,96.49,1.649,44412.2,39.17,77.05,164,1,1
1/14/2024 18:00,D006,VH006,Tata,Punch EV,35,421,1250,90,0,20.92,0.54,332.04,68,98,1,3,3,14,Clear,Low,19,72,62,18,818,96.49,3.158,44433.1,39.3,76.98,164,1,1
1/14/2024 20:00,D006,VH006,Tata,Punch EV,35,421,1250,90,0,25.2,0.5,433.26,65,100,0,4,3,7,Fog,High,17,60,50,18,819,96.49,3.245,44458.3,39.47,76.87,164,1,1
1/14/2024 22:00,D006,VH006,Tata,Punch EV,35,421,1250,90,0,22.58,0.58,378.61,68,89,0,2,4,15,Fog,High,27,74,65,18,819,96.49,2.907,44480.8,39.55,76.82,165,1,1
1/15/2024 0:00,D006,VH006,Tata,Punch EV,35,421,1250,90,1,136.24,2.07,1786.2,68,120,1,0,6,4,Rain,Low,19,75,24,20.3,819,96.49,17.585,44617.1,39.6,76.8,165,1,1
1/15/2024 2:00,D006,VH006,Tata,Punch EV,35,421,1250,90,0,59.96,1.38,1185.19,47,103,1,5,3,6,Fog,Medium,21,81,58,18.4,819,96.49,7.875,44677,39.82,76.67,165,1,1
1/15/2024 4:00,D006,VH006,Tata,Punch EV,35,421,1250,90,0,15.56,0.45,262.77,77,97,0,2,1,15,Cloudy,Low,21,79,72,18,819,96.49,2.211,44692.6,39.91,76.62,165,1,1
1/15/2024 6:00,D006,VH006,Tata,Punch EV,35,421,1250,90,0,63.7,1.25,886.79,64,116,1,0,0,15,Clear,Low,24,54,26,18.5,819,96.49,9.616,44756.3,39.93,76.61,165,1,1
1/15/2024 8:00,D006,VH006,Tata,Punch EV,35,421,1250,90,0,9.09,0.32,143.63,54,96,0,1,5,9,Rain,High,22,73,69,18,819,96.49,1.211,44765.4,39.97,76.59,165,1,1
1/15/2024 10:00,D006,VH006,Tata,Punch EV,35,421,1250,90,1,122.72,1.35,1593.39,92,150,0,3,1,1,Rain,Medium,23,43,10,18,819,96.49,12.7925,44888.1,40.14,76.5,165,1,1
1/15/2024 12:00,D006,VH006,Tata,Punch EV,35,421,1250,90,1,74.12,0.91,924.3,91,122,1,2,2,6,Clear,Medium,18,50,19,18,819,96.49,10.63,44962.2,40.24,76.44,165,1,1
1/15/2024 14:00,D006,VH006,Tata,Punch EV,35,421,1250,90,0,12.14,0.49,229.22,60,94,0,2,1,17,Cloudy,Medium,16,52,47,18,819,96.49,1.725,44974.4,40.33,76.39,165,1,1
1/15/2024 16:00,D006,VH006,Tata,Punch EV,35,421,1250,90,0,17.7,0.68,189.12,53,106,0,4,3,21,Fog,Medium,12,86,79,18,819,96.49,2.279,44992.1,40.49,76.28,165,1,1
1/15/2024 18:00,D006,VH006,Tata,Punch EV,35,421,1250,90,0,54.56,1.38,777.93,60,109,1,0,2,28,Clear,Medium,21,61,37,18,820,96.49,8.236,45046.6,40.51,76.28,165,1,1
1/15/2024 20:00,D006,VH006,Tata,Punch EV,35,421,1250,90,1,55.75,0.62,605.44,97,136,1,5,2,3,Clear,Low,22,64,41,18,820,96.49,7.995,45102.4,40.73,76.15,165,1,1
1/15/2024 22:00,D006,VH006,Tata,Punch EV,35,421,1250,90,1,179.82,2.1,2112.52,87,127,0,2,1,2,Fog,Medium,19,65,10,23.3,820,96.48,19.3375,45282.2,40.87,76.08,166,1,1
1/16/2024 0:00,D006,VH006,Tata,Punch EV,35,421,1250,90,0,64.74,1.34,1109.3,64,86,0,0,1,20,Rain,Low,13,73,48,18,820,96.48,8.623,45346.9,40.9,76.07,166,1,1
1/16/2024 2:00,D006,VH006,Tata,Punch EV,35,421,1250,90,0,33.12,0.77,593.14,64,80,0,2,1,15,Fog,High,21,69,56,18,820,96.48,4.265,45380.1,40.99,76.01,166,1,1
1/16/2024 4:00,D006,VH006,Tata,Punch EV,35,421,1250,90,1,55.99,0.8,1069.89,76,119,1,0,1,4,Clear,Low,18,58,35,18,820,96.48,8.03,45436.1,41.01,76.01,166,1,1
1/16/2024 6:00,D006,VH006,Tata,Punch EV,35,421,1250,90,0,30.97,0.97,555.08,63,99,0,2,1,29,Cloudy,Medium,18,70,57,18,820,96.48,4.4,45467,41.1,75.95,166,1,1
1/16/2024 8:00,D006,VH006,Tata,Punch EV,35,421,1250,90,0,40.67,1.1,811.79,46,123,1,1,5,13,Clear,High,18,61,43,18,820,96.48,6.14,45507.7,41.15,75.92,166,1,1
1/16/2024 10:00,D006,VH006,Tata,Punch EV,35,421,1250,90,1,76.92,0.82,1531.04,96,133,1,4,2,1,Clear,Low,22,81,49,18,820,96.48,11.031,45584.6,41.34,75.81,166,1,1
1/16/2024 12:00,D006,VH006,Tata,Punch EV,35,421,1250,90,0,34.74,0.77,548.75,76,112,1,0,2,19,Rain,Low,17,84,70,18,820,96.48,4.72,45619.4,41.35,75.81,166,1,1
1/16/2024 14:00,D006,VH006,Tata,Punch EV,35,421,1250,90,0,59.74,1.28,1085.35,58,93,0,2,4,15,Clear,Medium,23,57,31,18.9,821,96.48,8.842,45679.1,41.45,75.75,166,1,1
1/16/2024 16:00,D006,VH006,Tata,Punch EV,35,421,1250,90,1,130.11,1.67,1429.54,81,122,3,3,1,4,Clear,Medium,16,71,15,24.2,821,96.48,19.391,45809.2,41.62,75.66,166,1,1
1/16/2024 18:00,D006,VH006,Tata,Punch EV,35,421,1250,90,0,57.64,1.28,1045.65,58,115,1,1,3,17,Rain,Medium,18,76,53,18,821,96.48,7.831,45866.8,41.68,75.63,166,1,1
1/16/2024 20:00,D006,VH006,Tata,Punch EV,35,421,1250,90,0,45.46,1.08,785.6,61,87,1,0,1,20,Clear,Medium,17,70,50,18,821,96.48,6.863,45912.3,41.69,75.62,166,1,1
1/16/2024 22:00,D006,VH006,Tata,Punch EV,35,421,1250,90,1,111.89,1.5,1885.4,78,129,2,2,3,4,Clear,Medium,27,74,27,24.5,821,96.48,16.361,46024.2,41.81,75.56,167,1,1
1/17/2024 0:00,D006,VH006,Tata,Punch EV,35,421,1250,90,0,8.11,0.43,81.63,63,90,1,1,1,18,Rain,Low,14,83,79,18,821,96.48,1.102,46032.3,41.86,75.54,167,1,1
1/17/2024 2:00,D006,VH006,Tata,Punch EV,35,421,1250,90,0,63.34,1.38,730.22,57,114,1,3,2,16,Clear,Medium,17,70,42,18,821,96.48,9.562,46095.6,42,75.45,167,1,1
1/17/2024 4:00,D006,VH006,Tata,Punch EV,35,421,1250,90,0,36.01,0.86,583.95,61,117,4,2,0,16,Fog,Medium,29,82,67,18.5,821,96.48,5.008,46131.7,42.09,75.4,167,1,1
1/17/2024 6:00,D006,VH006,Tata,Punch EV,35,421,1250,90,1,83.4,0.94,1526.96,90,132,0,1,2,1,Clear,Low,22,64,30,21.4,822,96.48,11.726,46215.1,42.16,75.36,167,1,1
1/17/2024 8:00,D006,VH006,Tata,Punch EV,35,421,1250,90,0,49.61,1.19,833.26,60,93,2,3,1,22,Clear,Medium,20,66,44,18,822,96.48,7.636,46264.7,42.3,75.28,167,1,1
1/17/2024 10:00,D006,VH006,Tata,Punch EV,35,421,1250,90,1,97.31,1.03,1333.53,98,128,1,2,0,2,Clear,Low,27,55,15,22.6,822,96.47,13.955,46362,42.41,75.22,167,1,1
1/17/2024 12:00,D006,VH006,Tata,Punch EV,35,421,1250,90,0,63.77,1.33,806.27,66,94,0,2,1,22,Rain,Medium,13,49,24,18,822,96.47,8.494,46425.7,42.51,75.16,167,1,1
1/17/2024 14:00,D006,VH006,Tata,Punch EV,35,421,1250,90,0,17.4,0.46,266.37,51,106,1,4,2,7,Clear,High,14,64,56,18,822,96.47,2.627,46443.1,42.68,75.06,167,1,1
1/17/2024 16:00,D006,VH006,Tata,Punch EV,35,421,1250,90,0,47.96,1.02,787.71,54,93,0,2,7,8,Fog,Low,18,81,63,18,822,96.47,6.175,46491.1,42.78,75.01,167,1,1
1/17/2024 18:00,D006,VH006,Tata,Punch EV,35,421,1250,90,1,79.73,0.95,1361.19,92,109,2,3,3,5,Clear,Low,15,50,16,18,822,96.47,11.658,46570.8,42.92,74.92,167,1,1
1/17/2024 20:00,D006,VH006,Tata,Punch EV,35,421,1250,90,0,31.51,0.69,577.51,62,79,2,1,1,11,Rain,Medium,15,45,32,18,822,96.47,4.365,46602.3,42.98,74.89,167,1,1
1/17/2024 22:00,D006,VH006,Tata,Punch EV,35,421,1250,90,1,109.09,1.72,1148.68,66,123,1,1,1,4,Rain,Medium,14,68,27,18,822,96.47,14.08,46711.4,43.05,74.85,168,1,1
1/18/2024 0:00,D006,VH006,Tata,Punch EV,35,421,1250,90,1,158.08,1.62,2287.16,103,129,2,5,3,5,Clear,Medium,22,55,10,23.5,823,96.47,16.3625,46869.5,43.31,74.71,168,1,1
1/18/2024 2:00,D006,VH006,Tata,Punch EV,35,421,1250,90,1,125.94,1.25,2014.33,101,119,1,2,4,0,Rain,Low,16,75,28,23.5,823,96.47,16.255,46995.5,43.43,74.64,168,1,1
1/18/2024 4:00,D006,VH006,Tata,Punch EV,35,421,1250,90,0,15.01,0.3,215.73,76,100,0,1,3,6,Rain,Medium,13,74,68,18,823,96.47,1.999,47010.5,43.48,74.62,168,1,1
1/18/2024 6:00,D006,VH006,Tata,Punch EV,35,421,1250,90,0,45.67,0.86,632.85,63,103,0,1,0,8,Clear,High,15,62,42,18,823,96.47,6.759,47056.1,43.53,74.59,168,1,1
1/18/2024 8:00,D006,VH006,Tata,Punch EV,35,421,1250,90,0,63.05,1.09,1241.06,75,113,1,4,2,15,Clear,Medium,21,76,48,18,823,96.47,9.518,47119.2,43.72,74.48,168,1,1
1/18/2024 10:00,D006,VH006,Tata,Punch EV,35,421,1250,90,1,102.16,1.38,1061.21,79,142,2,1,1,5,Clear,Low,18,55,12,20.2,823,96.47,14.938,47221.3,43.79,74.44,168,1,1
1/18/2024 12:00,D006,VH006,Tata,Punch EV,35,421,1250,90,1,100.22,1.18,1528.02,93,116,1,2,1,6,Clear,Low,13,71,29,18.3,823,96.47,14.373,47321.6,43.91,74.38,168,1,1
1/18/2024 14:00,D006,VH006,Tata,Punch EV,35,421,1250,90,1,97.48,1.17,1881.84,87,118,3,0,1,3,Cloudy,Medium,18,72,32,19.6,824,96.47,13.947,47419,43.94,74.37,168,1,1
1/18/2024 16:00,D006,VH006,Tata,Punch EV,35,421,1250,90,1,94.85,0.9,1513.58,110,132,3,0,4,2,Rain,Medium,15,86,49,18,824,96.47,12.722,47513.9,43.97,74.36,168,1,1
1/18/2024 18:00,D006,VH006,Tata,Punch EV,35,421,1250,90,0,37.86,0.98,636.88,59,123,2,3,5,20,Clear,Medium,15,71,54,18,824,96.47,5.827,47551.8,44.11,74.28,168,1,1
1/18/2024 20:00,D006,VH006,Tata,Punch EV,35,421,1250,90,0,42.58,0.94,796.42,76,108,2,2,1,23,Fog,Medium,17,62,45,18,824,96.47,5.702,47594.3,44.2,74.22,168,1,1
1/18/2024 22:00,D006,VH006,Tata,Punch EV,35,421,1250,90,1,62.14,0.78,718.31,91,118,2,2,4,6,Fog,Low,22,53,30,18.9,824,96.46,7.905,47656.5,44.3,74.17,169,1,0
1/19/2024 0:00,D006,VH006,Tata,Punch EV,35,421,1250,90,0,45.58,1.03,766,61,95,0,2,1,17,Clear,High,18,69,49,18,824,96.46,6.746,47702.1,44.4,74.11,169,1,1
1/19/2024 2:00,D006,VH006,Tata,Punch EV,35,421,1250,90,0,55.16,1,706.14,65,88,0,1,3,9,Cloudy,High,20,55,32,18.3,824,96.46,7.837,47757.2,44.46,74.08,169,1,1
1/19/2024 4:00,D006,VH006,Tata,Punch EV,35,421,1250,90,1,59.6,0.64,725.2,101,152,0,1,0,3,Rain,Low,14,74,52,18,824,96.46,7.542,47816.8,44.52,74.05,169,1,1
1/19/2024 6:00,D006,VH006,Tata,Punch EV,35,421,1250,90,0,57.1,1.5,1092.86,47,125,1,6,0,17,Cloudy,High,14,61,37,19.1,824,96.46,8.275,47873.9,44.78,73.89,169,1,1
1/19/2024 8:00,D006,VH006,Tata,Punch EV,35,421,1250,90,1,169.65,1.8,1897.45,96,133,0,2,2,2,Clear,Medium,23,75,11,29.3,825,96.46,22.3125,48043.6,44.92,73.82,169,1,1
1/19/2024 10:00,D006,VH006,Tata,Punch EV,35,421,1250,90,1,122.68,1.41,1336.14,91,117,0,2,1,4,Fog,Low,17,84,41,18,825,96.46,15.006,48166.2,45.04,73.75,169,1,1
1/19/2024 12:00,D006,VH006,Tata,Punch EV,35,421,1250,90,1,142.28,1.71,2594.76,84,144,1,2,4,1,Clear,Low,24,55,10,25.2,825,96.46,16.3625,48308.5,45.17,73.69,169,1,1
1/19/2024 14:00,D006,VH006,Tata,Punch EV,35,421,1250,90,0,12.34,0.38,223.59,67,72,0,1,1,12,Clear,Low,23,69,63,18,825,96.46,1.826,48320.9,45.22,73.66,169,1,1
1/19/2024 16:00,D006,VH006,Tata,Punch EV,35,421,1250,90,1,162.54,1.93,2072.29,88,154,2,0,2,5,Fog,Low,16,55,10,21,825,96.46,16.3625,48483.4,45.27,73.64,169,1,1
1/19/2024 18:00,D006,VH006,Tata,Punch EV,35,421,1250,90,0,54.49,0.96,657.34,72,78,1,4,3,12,Clear,Medium,18,69,45,18,826,96.46,8.226,48537.9,45.45,73.53,169,1,1
1/19/2024 20:00,D006,VH006,Tata,Punch EV,35,421,1250,90,0,61.87,1.48,670.44,63,115,0,4,2,30,Cloudy,Medium,14,54,28,18,826,96.46,8.79,48599.8,45.63,73.43,169,1,1
1/19/2024 22:00,D006,VH006,Tata,Punch EV,35,421,1250,90,1,175.97,1.96,2489.1,94,125,1,1,3,5,Cloudy,Medium,19,76,11,25.6,826,96.46,22.61,48775.7,45.74,73.38,170,1,1
1/20/2024 0:00,D006,VH006,Tata,Punch EV,35,421,1250,90,0,9.52,0.4,139.2,53,113,3,2,1,13,Rain,High,17,79,75,18,826,96.46,1.344,48785.3,45.82,73.33,170,1,1
1/20/2024 2:00,D006,VH006,Tata,Punch EV,35,421,1250,90,0,61.86,1.11,1230.65,73,110,1,1,4,16,Clear,Low,16,59,32,18,826,96.46,9.338,48847.1,45.88,73.3,170,1,1
1/20/2024 4:00,D006,VH006,Tata,Punch EV,35,421,1250,90,1,175.95,2.24,2740.09,81,112,2,0,2,4,Clear,Medium,15,89,15,28.4,826,96.45,25.728,49023.1,45.94,73.28,170,1,1
1/20/2024 6:00,D006,VH006,Tata,Punch EV,35,421,1250,90,1,175.01,2.29,2915.69,78,135,0,2,2,3,Cloudy,Low,21,74,11,24.8,827,96.45,22.015,49198.1,46.08,73.21,170,1,1
1/20/2024 8:00,D006,VH006,Tata,Punch EV,35,421,1250,90,0,41.79,1.04,483.31,67,87,0,2,1,25,Rain,Medium,23,61,45,18,827,96.45,5.566,49239.9,46.18,73.15,170,1,1
1/20/2024 10:00,D006,VH006,Tata,Punch EV,35,421,1250,90,1,125.37,1.22,1615.3,103,132,0,2,5,0,Clear,Medium,20,68,17,19.3,827,96.45,17.627,49365.2,46.3,73.09,170,1,1
1/20/2024 12:00,D006,VH006,Tata,Punch EV,35,421,1250,90,0,63.36,1.37,1033.62,54,77,0,2,2,12,Clear,Low,14,60,33,18,827,96.45,9.377,49428.6,46.41,73.03,170,1,1
1/20/2024 14:00,D006,VH006,Tata,Punch EV,35,421,1250,90,0,28.51,0.75,464.03,66,137,1,3,1,19,Clear,Low,20,59,46,18,827,96.45,4.304,49457.1,46.53,72.95,170,1,1
1/20/2024 16:00,D006,VH006,Tata,Punch EV,35,421,1250,90,0,22.1,0.36,343.41,67,109,2,0,1,2,Fog,Medium,26,60,51,18,827,96.45,2.959,49479.2,46.54,72.95,170,1,1
1/20/2024 18:00,D006,VH006,Tata,Punch EV,35,421,1250,90,0,22.65,0.6,391.31,67,95,0,1,2,16,Rain,Medium,22,59,50,18,827,96.45,3.017,49501.9,46.59,72.92,170,1,1
1/20/2024 20:00,D006,VH006,Tata,Punch EV,35,421,1250,90,0,33.15,0.69,590.97,65,109,1,1,2,11,Clear,Low,17,50,35,18,827,96.45,5.004,49535,46.64,72.89,170,1,1
1/20/2024 22:00,D006,VH006,Tata,Punch EV,35,421,1250,90,0,49.37,1.1,706.52,54,113,0,1,1,11,Fog,Medium,23,79,60,18,827,96.45,6.357,49584.4,46.7,72.86,171,1,1
1/21/2024 0:00,D006,VH006,Tata,Punch EV,35,421,1250,90,0,42.75,0.88,682.97,63,95,1,1,1,12,Clear,Medium,22,86,67,18,827,96.45,6.454,49627.1,46.75,72.83,171,1,1
1/21/2024 2:00,D006,VH006,Tata,Punch EV,35,421,1250,90,0,58.46,1.39,732.44,53,100,0,1,3,17,Rain,Medium,18,77,54,18,828,96.45,7.787,49685.6,46.81,72.8,171,1,1
1/21/2024 4:00,D006,VH006,Tata,Punch EV,35,421,1250,90,0,27.76,0.69,362.31,71,103,3,0,3,18,Clear,Low,15,68,55,18,828,96.45,4.355,49713.3,46.82,72.79,171,1,1
1/21/2024 6:00,D006,VH006,Tata,Punch EV,35,421,1250,90,0,11.14,0.34,136,80,92,2,2,4,12,Rain,Low,15,54,49,18,828,96.45,1.543,49724.5,46.91,72.74,171,1,1
1/21/2024 8:00,D006,VH006,Tata,Punch EV,35,421,1250,90,0,30.23,0.75,310.63,70,109,3,1,1,19,Cloudy,High,20,58,44,18,828,96.45,4.553,49754.7,46.96,72.71,171,1,1
1/21/2024 10:00,D006,VH006,Tata,Punch EV,35,421,1250,90,0,58.59,1.14,656.19,60,105,2,0,3,10,Rain,Low,22,77,53,18,828,96.45,8.116,49813.3,46.98,72.71,171,1,1
1/21/2024 12:00,D006,VH006,Tata,Punch EV,35,421,1250,90,1,112.46,1.4,1154.51,83,132,0,2,4,3,Fog,Medium,16,64,24,18,828,96.45,13.756,49925.8,47.1,72.64,171,1,1
1/21/2024 14:00,D006,VH006,Tata,Punch EV,35,421,1250,90,0,16.85,0.36,312.52,65,102,1,2,2,6,Cloudy,High,20,71,64,18,828,96.45,2.442,49942.6,47.18,72.59,171,1,1
1/21/2024 16:00,D006,VH006,Tata,Punch EV,35,421,1250,90,1,111.25,1.35,1803.8,89,122,0,2,2,6,Rain,Low,20,64,23,18.3,828,96.45,14.078,50053.9,47.3,72.53,171,1,0
1/21/2024 18:00,D006,VH006,Tata,Punch EV,35,421,1250,90,0,16.69,0.63,320.16,48,108,1,2,4,17,Clear,Medium,12,84,76,18,828,96.45,2.52,50070.6,47.39,72.48,171,1,0
1/21/2024 20:00,D006,VH006,Tata,Punch EV,35,421,1250,90,0,60.6,1.08,660.02,70,104,0,1,3,13,Rain,High,20,70,46,18,828,96.44,8.072,50131.2,47.45,72.44,171,1,1
1/21/2024 22:00,D006,VH006,Tata,Punch EV,35,421,1250,90,0,55.13,1.08,950.34,68,95,1,3,4,16,Fog,Medium,14,63,42,18,828,96.44,7.241,50186.3,47.59,72.36,172,1,1
1/22/2024 0:00,D006,VH006,Tata,Punch EV,35,421,1250,90,1,152.21,1.76,2461.37,88,133,1,1,2,2,Fog,Medium,26,53,10,19.2,829,96.44,15.7675,50338.5,47.68,72.32,172,1,1
1/22/2024 2:00,D006,VH006,Tata,Punch EV,35,421,1250,90,0,33.45,0.86,340.71,60,93,0,2,0,18,Clear,Medium,22,53,38,18,829,96.44,4.951,50371.9,47.78,72.26,172,1,1
1/22/2024 4:00,D006,VH006,Tata,Punch EV,35,421,1250,90,0,36.71,0.8,528.36,58,91,1,2,1,10,Clear,Low,25,69,53,18,829,96.44,5.542,50408.7,47.87,72.21,172,1,1
1/22/2024 6:00,D006,VH006,Tata,Punch EV,35,421,1250,90,0,35.56,0.6,594.74,63,95,0,1,1,2,Clear,Medium,12,84,68,18,829,96.44,5.263,50444.2,47.92,72.18,172,1,1
1/22/2024 8:00,D006,VH006,Tata,Punch EV,35,421,1250,90,0,45.83,0.84,694.67,76,89,0,3,0,14,Fog,Low,18,64,47,18,829,96.44,5.901,50490,48.06,72.1,172,1,1
1/22/2024 10:00,D006,VH006,Tata,Punch EV,35,421,1250,90,0,16.67,0.44,312.99,65,109,4,2,4,11,Fog,High,17,68,61,18,829,96.44,2.318,50506.7,48.14,72.05,172,1,1
1/22/2024 12:00,D006,VH006,Tata,Punch EV,35,421,1250,90,0,32.26,0.59,474.44,71,89,1,3,1,8,Clear,Medium,21,71,57,18,829,96.44,4.87,50539,48.27,71.97,172,1,1
1/22/2024 14:00,D006,VH006,Tata,Punch EV,35,421,1250,90,1,163.41,1.99,2853.97,85,115,1,2,1,4,Cloudy,Low,20,80,15,27.9,829,96.44,22.498,50702.4,48.41,71.9,172,1,1
1/22/2024 16:00,D006,VH006,Tata,Punch EV,35,421,1250,90,0,33.87,0.83,504.56,64,109,0,4,3,18,Rain,Medium,15,86,73,18,829,96.44,4.511,50736.3,48.58,71.8,172,1,0
1/22/2024 18:00,D006,VH006,Tata,Punch EV,35,421,1250,90,0,64.45,1.38,827.35,58,83,0,1,2,16,Rain,Low,25,86,61,18,829,96.44,8.585,50800.7,48.65,71.76,172,1,1
1/22/2024 20:00,D006,VH006,Tata,Punch EV,35,421,1250,90,1,137.02,2.05,1615.96,69,124,0,1,1,4,Clear,Medium,15,63,10,20.7,830,96.44,18.7425,50937.7,48.73,71.72,172,1,1
1/22/2024 22:00,D006,VH006,Tata,Punch EV,35,421,1250,90,0,23.59,0.81,338.65,51,89,0,0,0,21,Rain,Low,16,62,53,18,830,96.44,3.142,50961.3,48.74,71.72,173,1,1
1/23/2024 0:00,D006,VH006,Tata,Punch EV,35,421,1250,90,1,114.76,1.54,1831.99,77,113,2,0,3,3,Clear,Medium,23,53,10,25.2,830,96.44,15.7675,51076.1,48.78,71.7,173,1,1
1/23/2024 2:00,D006,VH006,Tata,Punch EV,35,421,1250,90,1,60.05,0.71,978.84,86,143,2,1,2,1,Clear,Medium,17,59,33,18,830,96.44,8.781,51136.1,48.84,71.67,173,1,1
1/23/2024 4:00,D006,VH006,Tata,Punch EV,35,421,1250,90,1,74.47,0.93,1298.06,88,127,1,1,1,5,Clear,Medium,23,79,48,19.4,830,96.44,10.68,51210.6,48.91,71.64,173,1,1
1/23/2024 6:00,D006,VH006,Tata,Punch EV,35,421,1250,90,0,21.91,0.69,284.72,68,89,0,2,2,22,Clear,Low,15,89,79,18,830,96.44,3.243,51232.5,49,71.59,173,1,0
1/23/2024 8:00,D006,VH006,Tata,Punch EV,35,421,1250,90,0,29.97,0.66,472.34,55,76,0,2,3,7,Clear,Low,16,49,36,18,830,96.44,4.436,51262.5,49.09,71.53,173,1,1
1/23/2024 10:00,D006,VH006,Tata,Punch EV,35,421,1250,90,0,49.69,1.05,805.54,61,105,0,1,0,14,Fog,Medium,20,60,41,18,830,96.44,6.398,51312.2,49.14,71.5,173,1,1
1/23/2024 12:00,D006,VH006,Tata,Punch EV,35,421,1250,90,0,13.37,0.58,206.12,54,108,1,2,4,20,Cloudy,Medium,15,61,55,18,830,96.44,1.938,51325.5,49.23,71.45,173,1,1
1/23/2024 14:00,D006,VH006,Tata,Punch EV,35,421,1250,90,0,50.97,1.23,928.16,63,74,2,0,2,25,Fog,Low,21,52,32,18,830,96.43,6.825,51376.5,49.25,71.44,173,1,1
1/23/2024 16:00,D006,VH006,Tata,Punch EV,35,421,1250,90,1,71.74,0.96,947.85,79,142,3,2,2,3,Clear,Medium,16,80,49,18,831,96.43,10.692,51448.2,49.35,71.39,173,1,1
1/23/2024 18:00,D006,VH006,Tata,Punch EV,35,421,1250,90,0,33.86,1.05,430.33,43,109,1,2,1,16,Clear,High,11,73,58,18,831,96.43,5.112,51482.1,49.44,71.33,173,1,1
1/23/2024 20:00,D006,VH006,Tata,Punch EV,35,421,1250,90,0,14.49,0.53,229.15,73,102,6,0,1,20,Clear,Medium,15,87,80,18,831,96.43,2.402,51496.6,49.45,71.33,173,1,1
1/23/2024 22:00,D006,VH006,Tata,Punch EV,35,421,1250,90,0,13.83,0.43,235.48,56,89,0,1,4,11,Fog,Medium,20,70,64,18,831,96.43,1.781,51510.4,49.49,71.3,174,1,1
1/24/2024 0:00,D006,VH006,Tata,Punch EV,35,421,1250,90,0,34.1,0.95,496.19,76,95,0,2,0,30,Rain,Low,17,55,42,18,831,96.43,4.542,51544.5,49.59,71.25,174,1,1
1/24/2024 2:00,D006,VH006,Tata,Punch EV,35,421,1250,90,0,31.02,0.78,408.51,70,90,0,3,7,20,Clear,Low,29,79,65,18,831,96.43,4.591,51575.5,49.72,71.17,174,1,1
1/24/2024 4:00,D006,VH006,Tata,Punch EV,35,421,1250,90,0,41.39,1.18,824.78,52,86,0,0,0,23,Clear,Medium,22,74,56,18,831,96.43,6.126,51616.9,49.73,71.16,174,1,1
1/24/2024 6:00,D006,VH006,Tata,Punch EV,35,421,1250,90,0,31.97,0.74,424.96,82,87,0,3,0,21,Rain,Low,9,58,45,18,831,96.43,4.258,51648.9,49.86,71.09,174,1,1
1/24/2024 8:00,D006,VH006,Tata,Punch EV,35,421,1250,90,0,16,0.46,162.35,65,106,0,3,2,13,Clear,Medium,21,76,69,18,831,96.43,2.368,51664.9,49.99,71.01,174,1,1
1/24/2024 10:00,D006,VH006,Tata,Punch EV,35,421,1250,90,1,164.79,2.42,2964.76,69,125,0,6,0,2,Rain,Low,18,80,20,26.5,831,96.43,20.853,51829.7,50.29,70.84,174,1,1
1/24/2024 12:00,D006,VH006,Tata,Punch EV,35,421,1250,90,0,63.19,1.51,704.08,56,125,2,4,1,23,Rain,Medium,19,89,63,18,831,96.43,8.754,51892.9,50.47,70.73,174,1,1
1/24/2024 14:00,D006,VH006,Tata,Punch EV,35,421,1250,90,0,10.29,0.52,180.25,54,107,1,3,0,20,Rain,Medium,18,63,59,18,831,96.43,1.398,51903.2,50.59,70.66,174,1,0
1/24/2024 16:00,D006,VH006,Tata,Punch EV,35,421,1250,90,0,40.62,0.99,677.3,56,95,0,4,3,16,Fog,Medium,28,75,60,18,831,96.43,5.23,51943.8,50.77,70.55,174,1,1
1/24/2024 18:00,D006,VH006,Tata,Punch EV,35,421,1250,90,0,46.06,0.84,651.75,65,117,3,2,3,8,Cloudy,Low,20,73,53,18,832,96.43,6.937,51989.9,50.86,70.5,174,1,1
1/24/2024 20:00,D006,VH006,Tata,Punch EV,35,421,1250,90,0,53.63,0.96,946.02,79,118,4,1,1,17,Cloudy,Medium,18,80,56,18,832,96.43,8.229,52043.5,50.92,70.46,174,1,1
1/24/2024 22:00,D006,VH006,Tata,Punch EV,35,421,1250,90,0,14.4,0.69,156.89,50,85,1,2,0,24,Cloudy,Medium,21,56,50,18,832,96.43,2.087,52057.9,51.01,70.41,175,1,1
1/25/2024 0:00,D006,VH006,Tata,Punch EV,35,421,1250,90,1,140.37,1.9,1716.62,75,126,3,2,2,2,Rain,Medium,16,52,10,21,832,96.43,15.47,52198.3,51.13,70.35,175,1,1
1/25/2024 2:00,D006,VH006,Tata,Punch EV,35,421,1250,90,0,31.63,0.84,352.04,65,114,2,0,2,21,Rain,Low,21,85,72,18,832,96.43,4.382,52229.9,51.15,70.34,175,1,1
1/25/2024 4:00,D006,VH006,Tata,Punch EV,35,421,1250,90,1,176.06,1.91,2723.67,93,114,2,1,5,1,Clear,Medium,15,73,10,21,832,96.43,21.7175,52405.9,51.25,70.3,175,1,1
1/25/2024 6:00,D006,VH006,Tata,Punch EV,35,421,1250,90,0,25.44,0.5,463.87,70,92,0,2,5,8,Clear,Medium,18,46,35,18,832,96.43,3.765,52431.4,51.34,70.24,175,1,1
1/25/2024 8:00,D006,VH006,Tata,Punch EV,35,421,1250,90,0,8.4,0.49,106.34,69,96,0,1,2,22,Clear,High,12,80,76,18,832,96.43,1.243,52439.8,51.38,70.22,175,1,1
1/25/2024 10:00,D006,VH006,Tata,Punch EV,35,421,1250,90,0,61.58,1.35,816.7,57,108,0,2,3,16,Clear,Medium,17,69,42,18,832,96.43,9.114,52501.4,51.48,70.16,175,1,1
1/25/2024 12:00,D006,VH006,Tata,Punch EV,35,421,1250,90,0,32.69,0.63,601.04,68,100,0,3,1,9,Clear,Low,11,79,65,18,832,96.43,4.838,52534.1,51.61,70.08,175,1,1
1/25/2024 14:00,D006,VH006,Tata,Punch EV,35,421,1250,90,0,39.77,1.2,677.12,51,119,1,1,4,25,Clear,Medium,17,76,58,18,833,96.43,6.004,52573.8,51.67,70.05,175,1,1
1/25/2024 16:00,D006,VH006,Tata,Punch EV,35,421,1250,90,0,10.49,0.24,165.33,60,104,3,2,4,4,Clear,Medium,20,87,82,18,833,96.43,1.646,52584.3,51.75,70,175,1,1
1/25/2024 18:00,D006,VH006,Tata,Punch EV,35,421,1250,90,0,56.39,1.7,572.92,36,96,0,4,0,8,Clear,High,26,83,59,20.3,833,96.42,8.346,52640.7,51.93,69.89,175,1,1
1/25/2024 20:00,D006,VH006,Tata,Punch EV,35,421,1250,90,0,64.94,1.31,994.76,62,123,4,3,5,16,Clear,High,22,75,45,19.9,833,96.42,10.38,52705.7,52.07,69.81,175,1,1
1/25/2024 22:00,D006,VH006,Tata,Punch EV,35,421,1250,90,0,37.88,0.75,596.55,71,93,0,3,2,13,Rain,Low,15,74,59,18,833,96.42,5.046,52743.5,52.21,69.73,176,1,1
1/26/2024 0:00,D006,VH006,Tata,Punch EV,35,421,1250,90,0,54.54,0.95,765.08,73,92,0,2,2,12,Cloudy,High,21,73,50,18,833,96.42,7.749,52798.1,52.3,69.67,176,1,0
1/26/2024 2:00,D006,VH006,Tata,Punch EV,35,421,1250,90,1,131.95,1.53,1822.35,92,143,1,4,1,6,Clear,Low,23,84,29,28.4,833,96.42,18.923,52930,52.51,69.56,176,1,1
1/26/2024 4:00,D006,VH006,Tata,Punch EV,35,421,1250,90,0,47.93,1.4,488.35,47,101,3,1,1,23,Clear,Medium,29,72,50,18,833,96.42,7.519,52977.9,52.57,69.53,176,1,1
1/26/2024 6:00,D006,VH006,Tata,Punch EV,35,421,1250,90,0,54.19,1,621.47,69,99,0,0,2,13,Clear,Medium,13,54,31,18,833,96.42,8.02,53032.1,52.59,69.52,176,1,1
1/26/2024 8:00,D006,VH006,Tata,Punch EV,35,421,1250,90,1,75.9,1.02,1014.83,81,125,0,0,0,5,Cloudy,Low,13,60,30,18,834,96.42,10.245,53108,52.61,69.51,176,1,1
1/26/2024 10:00,D006,VH006,Tata,Punch EV,35,421,1250,90,0,40.85,0.96,468.79,59,108,1,3,2,16,Clear,Low,16,58,40,18,834,96.42,6.167,53148.9,52.75,69.43,176,1,1
1/26/2024 12:00,D006,VH006,Tata,Punch EV,35,421,1250,90,1,106.82,1.51,1633.2,75,129,3,2,3,5,Cloudy,Medium,20,62,18,25.3,834,96.42,15.283,53255.7,52.86,69.37,176,1,1
1/26/2024 14:00,D006,VH006,Tata,Punch EV,35,421,1250,90,0,27.51,0.64,530.8,51,104,0,2,3,6,Clear,High,22,76,64,18,834,96.42,4.071,53283.2,52.95,69.32,176,1,1
1/26/2024 16:00,D006,VH006,Tata,Punch EV,35,421,1250,90,0,64.06,0.96,960.07,76,99,0,1,3,7,Cloudy,Low,21,52,25,18,834,96.42,9.102,53347.3,53.02,69.28,176,1,1
1/26/2024 18:00,D006,VH006,Tata,Punch EV,35,421,1250,90,1,168.89,2.19,1744.63,81,134,4,3,4,6,Clear,Medium,22,62,10,25.1,834,96.42,18.445,53516.2,53.2,69.19,176,1,1
1/26/2024 20:00,D006,VH006,Tata,Punch EV,35,421,1250,90,1,130.39,1.42,2076.56,95,112,0,2,1,3,Clear,Medium,20,75,22,24,834,96.42,18.333,53646.6,53.32,69.12,176,1,1
1/26/2024 22:00,D006,VH006,Tata,Punch EV,35,421,1250,90,0,22.82,0.6,331.94,63,125,0,1,2,14,Clear,Low,18,49,39,18,835,96.42,3.377,53669.4,53.37,69.09,177,1,1
1/27/2024 0:00,D006,VH006,Tata,Punch EV,35,421,1250,90,0,37,0.93,463.94,60,111,3,3,2,19,Clear,Medium,19,56,39,18,835,96.42,5.805,53706.4,53.5,69.01,177,1,1
1/27/2024 2:00,D006,VH006,Tata,Punch EV,35,421,1250,90,0,29.11,0.81,380.53,54,91,0,5,0,16,Clear,High,19,78,65,18,835,96.42,4.308,53735.5,53.71,68.89,177,1,0
1/27/2024 4:00,D006,VH006,Tata,Punch EV,35,421,1250,90,0,12.4,0.54,222.67,66,122,0,2,1,21,Cloudy,High,20,65,59,18,835,96.42,1.762,53747.9,53.8,68.83,177,1,1
1/27/2024 6:00,D006,VH006,Tata,Punch EV,35,421,1250,90,0,27.81,0.54,357.25,86,116,3,2,1,13,Clear,High,22,58,45,18,835,96.41,4.363,53775.7,53.89,68.78,177,1,1
1/27/2024 8:00,D006,VH006,Tata,Punch EV,35,421,1250,90,1,127.07,1.39,1773.23,94,130,2,3,3,2,Clear,Medium,17,77,23,20.9,835,96.41,18.581,53902.8,54.05,68.69,177,1,1
1/27/2024 10:00,D006,VH006,Tata,Punch EV,35,421,1250,90,0,25,0.84,348.07,59,102,0,0,0,25,Clear,Low,20,73,62,18,835,96.41,3.7,53927.8,54.06,68.69,177,1,1
1/27/2024 12:00,D006,VH006,Tata,Punch EV,35,421,1250,90,0,17.73,0.48,327.8,73,89,1,1,4,14,Rain,Medium,23,77,70,18,835,96.41,2.409,53945.5,54.11,68.66,177,1,1
1/27/2024 14:00,D006,VH006,Tata,Punch EV,35,421,1250,90,0,27.01,0.72,504.68,60,97,0,3,1,16,Clear,Medium,19,65,53,18,835,96.41,3.997,53972.5,54.24,68.58,177,1,1
1/27/2024 16:00,D006,VH006,Tata,Punch EV,35,421,1250,90,1,160.87,2.16,2864.45,78,117,0,4,3,6,Rain,Low,16,52,10,21,835,96.41,15.47,54133.4,54.45,68.46,177,1,1
1/27/2024 18:00,D006,VH006,Tata,Punch EV,35,421,1250,90,1,169.09,1.76,3203.29,97,133,3,1,1,1,Clear,Medium,22,55,10,22.3,835,96.41,16.3625,54302.5,54.55,68.42,177,1,1
1/27/2024 20:00,D006,VH006,Tata,Punch EV,35,421,1250,90,0,47.63,0.89,549.25,76,107,1,1,2,16,Rain,Low,16,79,60,18,836,96.41,6.471,54350.1,54.61,68.39,177,1,1
1/27/2024 22:00,D006,VH006,Tata,Punch EV,35,421,1250,90,0,58.03,1.02,887.21,64,99,0,1,2,7,Clear,Medium,10,64,39,18,836,96.41,8.588,54408.1,54.67,68.36,178,1,1
1/28/2024 0:00,D006,VH006,Tata,Punch EV,35,421,1250,90,0,11.6,0.56,188.93,60,88,1,1,4,22,Rain,High,13,70,65,18,836,96.41,1.576,54419.7,54.71,68.33,178,1,1
1/28/2024 2:00,D006,VH006,Tata,Punch EV,35,421,1250,90,1,107.37,1.44,1768.39,79,136,3,0,1,5,Rain,Low,17,56,14,20.3,836,96.41,14.402,54527.1,54.75,68.32,178,1,1
1/28/2024 4:00,D006,VH006,Tata,Punch EV,35,421,1250,90,1,179.37,2.04,1902.98,90,127,2,2,4,3,Clear,Medium,18,72,10,26.3,836,96.41,21.42,54706.5,54.89,68.24,178,1,1
1/28/2024 6:00,D006,VH006,Tata,Punch EV,35,421,1250,90,0,45.91,0.78,778.48,60,109,1,2,1,1,Rain,Low,14,65,47,18,836,96.41,6.238,54752.4,54.99,68.19,178,1,1
1/28/2024 8:00,D006,VH006,Tata,Punch EV,35,421,1250,90,0,59.66,1.05,782.93,66,96,0,3,1,9,Clear,High,21,60,34,18,836,96.41,8.83,54812,55.13,68.11,178,1,1
1/28/2024 10:00,D006,VH006,Tata,Punch EV,35,421,1250,90,0,49.22,1.28,652.11,58,85,0,0,4,26,Rain,Low,15,74,55,18,836,96.41,6.556,54861.3,55.15,68.1,178,1,1
1/28/2024 12:00,D006,VH006,Tata,Punch EV,35,421,1250,90,0,39.28,0.71,555.34,68,86,1,1,2,8,Rain,Medium,22,61,45,18,837,96.41,5.337,54900.5,55.2,68.07,178,1,0
1/28/2024 14:00,D006,VH006,Tata,Punch EV,35,421,1250,90,1,96.61,1.2,1549.92,83,132,1,2,1,2,Fog,Medium,21,69,34,19.5,837,96.41,12.054,54997.2,55.31,68.01,178,1,1
1/28/2024 16:00,D006,VH006,Tata,Punch EV,35,421,1250,90,1,176.93,2.02,2960.9,89,128,2,4,3,2,Fog,Low,17,73,10,22.7,837,96.4,21.7175,55174.1,55.54,67.89,178,1,1
1/28/2024 18:00,D006,VH006,Tata,Punch EV,35,421,1250,90,1,119.62,1.47,1344.46,84,119,2,1,2,3,Clear,Medium,25,58,10,24.5,837,96.4,17.255,55293.7,55.62,67.85,178,1,1
1/28/2024 20:00,D006,VH006,Tata,Punch EV,35,421,1250,90,0,49.36,0.89,532.92,60,104,0,6,2,4,Clear,Low,16,71,50,18,837,96.4,7.305,55343.1,55.88,67.69,178,1,1
1/28/2024 22:00,D006,VH006,Tata,Punch EV,35,421,1250,90,1,149.1,1.97,2402.14,79,139,0,2,4,5,Rain,Medium,23,72,18,27.8,838,96.4,18.867,55492.2,56.01,67.62,179,1,1
1/29/2024 0:00,D006,VH006,Tata,Punch EV,35,421,1250,90,0,19.72,0.5,207.46,59,99,0,1,0,10,Clear,Medium,18,69,60,18,838,96.4,2.919,55511.9,56.05,67.6,179,1,1
1/29/2024 2:00,D006,VH006,Tata,Punch EV,35,421,1250,90,1,50.37,0.65,835.73,84,148,3,3,1,3,Rain,Low,25,87,67,18,838,96.4,6.756,55562.3,56.19,67.52,179,1,1
1/29/2024 4:00,D006,VH006,Tata,Punch EV,35,421,1250,90,0,25.64,0.62,342.16,64,101,2,5,1,13,Clear,High,11,70,58,18,838,96.4,3.947,55587.9,56.4,67.39,179,1,1
1/29/2024 6:00,D006,VH006,Tata,Punch EV,35,421,1250,90,1,107.38,1.22,1305.17,92,129,1,1,3,3,Clear,Low,23,77,33,23.8,838,96.4,15.4,55695.3,56.48,67.35,179,1,1
1/29/2024 8:00,D006,VH006,Tata,Punch EV,35,421,1250,90,0,18.81,0.52,268.73,62,99,0,3,1,13,Clear,Medium,17,79,71,18,838,96.4,2.784,55714.1,56.6,67.27,179,1,1
1/29/2024 10:00,D006,VH006,Tata,Punch EV,35,421,1250,90,0,34.32,0.73,405.24,67,94,0,0,4,13,Cloudy,Medium,16,62,48,18,838,96.4,4.876,55748.4,56.62,67.27,179,1,1
1/29/2024 12:00,D006,VH006,Tata,Punch EV,35,421,1250,90,0,41.55,0.93,434.88,56,89,0,3,1,11,Rain,Medium,18,67,51,18,838,96.4,5.534,55790,56.75,67.19,179,1,1
1/29/2024 14:00,D006,VH006,Tata,Punch EV,35,421,1250,90,0,52.68,0.95,698.81,67,117,2,5,6,10,Rain,High,12,74,53,18,838,96.4,7.298,55842.6,56.97,67.06,179,1,1
1/29/2024 16:00,D006,VH006,Tata,Punch EV,35,421,1250,90,0,8.93,0.3,104.54,65,121,1,1,2,10,Fog,Medium,16,61,57,18,838,96.4,1.173,55851.6,57.01,67.03,179,1,1
1/29/2024 18:00,D006,VH006,Tata,Punch EV,35,421,1250,90,1,121.62,1.53,1938.97,82,103,3,4,4,3,Cloudy,Medium,13,62,12,18.9,838,96.4,17.401,55973.2,57.22,66.92,179,1,1
1/29/2024 20:00,D006,VH006,Tata,Punch EV,35,421,1250,90,1,160.64,1.66,2191.17,100,127,2,3,1,3,Rain,Medium,17,73,12,26.8,839,96.4,21.14,56133.8,57.39,66.82,179,1,1
1/29/2024 22:00,D006,VH006,Tata,Punch EV,35,421,1250,90,1,74.36,0.88,911.42,91,123,2,4,2,4,Rain,Low,20,72,44,18,839,96.4,9.786,56208.2,57.58,66.71,180,1,1
1/30/2024 0:00,D006,VH006,Tata,Punch EV,35,421,1250,90,1,147.54,2.13,2911.34,71,141,0,2,4,3,Clear,Medium,19,48,10,20.8,839,96.4,14.28,56355.7,57.71,66.65,180,1,1
1/30/2024 2:00,D006,VH006,Tata,Punch EV,35,421,1250,90,0,46.82,1.19,929.15,45,103,1,1,2,9,Rain,Medium,20,67,48,18,839,96.39,6.361,56402.5,57.77,66.62,180,1,1
1/30/2024 4:00,D006,VH006,Tata,Punch EV,35,421,1250,90,1,95.95,0.97,1443.81,108,120,3,2,3,5,Rain,Medium,19,85,48,20.4,839,96.39,12.87,56498.5,57.88,66.55,180,1,1
1/30/2024 6:00,D006,VH006,Tata,Punch EV,35,421,1250,90,0,32.87,0.8,329.79,55,102,1,1,5,12,Clear,Medium,22,74,59,18,839,96.39,4.962,56531.4,57.93,66.53,180,1,1
1/30/2024 8:00,D006,VH006,Tata,Punch EV,35,421,1250,90,0,44.58,1.01,674.33,68,120,0,2,1,21,Rain,Low,16,74,57,18,839,96.39,5.938,56575.9,58.03,66.47,180,1,1
1/30/2024 10:00,D006,VH006,Tata,Punch EV,35,421,1250,90,1,172.71,1.96,2120.69,92,130,1,0,0,5,Clear,Low,21,67,10,24.9,840,96.39,19.9325,56748.7,58.09,66.45,180,1,1
1/30/2024 12:00,D006,VH006,Tata,Punch EV,35,421,1250,90,0,47.75,1.03,479.98,54,99,2,2,2,9,Clear,High,19,65,44,18,840,96.39,7.35,56796.4,58.18,66.39,180,1,1
1/30/2024 14:00,D006,VH006,Tata,Punch EV,35,421,1250,90,0,44.36,0.96,479.4,71,109,0,5,3,20,Clear,Medium,14,79,60,18,840,96.39,6.565,56840.8,58.4,66.26,180,1,1
1/30/2024 16:00,D006,VH006,Tata,Punch EV,35,421,1250,90,1,57.2,0.69,800.27,94,136,4,3,0,5,Clear,Medium,17,48,23,18,840,96.39,8.686,56898,58.54,66.18,180,1,1
1/30/2024 18:00,D006,VH006,Tata,Punch EV,35,421,1250,90,0,9.15,0.44,118.38,48,85,1,2,0,15,Fog,Medium,19,75,71,18,840,96.39,1.202,56907.1,58.62,66.13,180,1,1
1/30/2024 20:00,D006,VH006,Tata,Punch EV,35,421,1250,90,1,176.39,1.93,2680.74,93,144,1,2,0,2,Rain,Medium,28,72,10,30.3,840,96.39,21.42,57083.5,58.76,66.06,180,1,1
1/30/2024 22:00,D006,VH006,Tata,Punch EV,35,421,1250,90,1,139.26,1.69,1823.2,86,115,0,1,1,4,Clear,Medium,15,70,14,25.1,840,96.39,19.58,57222.8,58.85,66.02,181,1,1
1/31/2024 0:00,D006,VH006,Tata,Punch EV,35,421,1250,90,0,54.16,0.62,859.84,95,123,3,3,2,3,Rain,High,23,78,56,18,841,96.39,7.647,57276.9,58.99,65.94,181,1,1
1/31/2024 2:00,D006,VH006,Tata,Punch EV,35,421,1250,90,0,38.93,0.93,631.77,52,96,0,2,1,11,Clear,Low,13,73,56,18,841,96.39,5.762,57315.9,59.09,65.88,181,1,1
1/31/2024 4:00,D006,VH006,Tata,Punch EV,35,421,1250,90,1,116.59,1.19,1683.45,102,116,3,2,6,3,Rain,Medium,13,76,31,19.1,841,96.39,15.638,57432.4,59.21,65.82,181,1,1
1/31/2024 6:00,D006,VH006,Tata,Punch EV,35,421,1250,90,1,71.54,0.92,1355.15,82,117,2,3,1,3,Rain,Medium,28,69,42,21.7,841,96.39,9.415,57504,59.35,65.73,181,1,1
1/31/2024 8:00,D006,VH006,Tata,Punch EV,35,421,1250,90,1,65.62,0.8,912.18,87,128,2,1,0,3,Rain,Low,18,67,42,18,841,96.39,8.636,57569.6,59.41,65.7,181,1,1
1/31/2024 10:00,D006,VH006,Tata,Punch EV,35,421,1250,90,0,27.97,0.98,494.99,53,101,1,0,6,27,Fog,Low,14,75,64,18,841,96.39,3.673,57597.6,59.42,65.7,181,1,1
1/31/2024 12:00,D006,VH006,Tata,Punch EV,35,421,1250,90,0,59.39,1.18,975.5,65,104,1,0,2,16,Fog,Low,23,72,49,18,841,96.38,7.8,57657,59.44,65.69,181,1,1
1/31/2024 14:00,D006,VH006,Tata,Punch EV,35,421,1250,90,0,27.93,0.69,510.9,75,89,0,6,1,19,Clear,Low,9,62,50,18,841,96.38,4.134,57684.9,59.69,65.54,181,1,1
1/31/2024 16:00,D006,VH006,Tata,Punch EV,35,421,1250,90,0,43.28,0.91,685.46,66,71,0,1,2,15,Cloudy,High,16,50,32,18,841,96.38,6.149,57728.2,59.75,65.51,181,1,1
1/31/2024 18:00,D006,VH006,Tata,Punch EV,35,421,1250,90,0,12.49,0.64,133.08,60,111,1,1,2,26,Clear,Low,23,67,61,18,841,96.38,1.885,57740.7,59.79,65.48,181,1,1
1/31/2024 20:00,D006,VH006,Tata,Punch EV,35,421,1250,90,0,36.45,0.6,481.47,64,103,1,3,4,2,Rain,Medium,19,69,54,18,841,96.38,4.952,57777.1,59.93,65.4,181,1,1
1/31/2024 22:00,D006,VH006,Tata,Punch EV,35,421,1250,90,0,33.34,0.99,465.45,60,115,1,0,0,26,Rain,Medium,22,72,59,18,841,96.38,4.53,57810.5,59.94,65.4,182,1,1
2/1/2024 0:00,D006,VH006,Tata,Punch EV,35,421,1250,90,0,38.66,0.91,715.38,50,126,4,3,3,8,Rain,Low,19,81,65,18,842,96.38,5.561,57849.1,60.07,65.32,182,1,1
2/1/2024 2:00,D006,VH006,Tata,Punch EV,35,421,1250,90,1,165.34,1.81,1756.25,95,129,4,2,3,4,Fog,Medium,16,70,10,26.8,842,96.38,20.825,58014.5,60.21,65.25,182,1,1
2/1/2024 4:00,D006,VH006,Tata,Punch EV,35,421,1250,90,1,96.44,1.17,1380.56,85,156,2,2,1,2,Clear,Medium,21,71,30,18.1,842,96.38,14.102,58110.9,60.32,65.19,182,1,1
2/1/2024 6:00,D006,VH006,Tata,Punch EV,35,421,1250,90,0,30.93,0.88,548.33,57,88,0,1,3,20,Clear,Low,15,81,67,18,842,96.38,4.578,58141.8,60.37,65.16,182,1,1
2/1/2024 8:00,D006,VH006,Tata,Punch EV,35,421,1250,90,1,139.27,1.55,1475.2,94,154,0,0,0,4,Rain,Medium,12,74,23,21,842,96.38,17.623,58281.1,60.42,65.14,182,1,1
2/1/2024 10:00,D006,VH006,Tata,Punch EV,35,421,1250,90,1,141.96,1.52,1833.64,99,129,1,2,2,5,Clear,Medium,20,85,26,22.7,843,96.38,20.359,58423.1,60.55,65.07,182,1,1
2/1/2024 12:00,D006,VH006,Tata,Punch EV,35,421,1250,90,1,159.72,1.97,2939.33,83,138,1,3,2,3,Clear,Low,19,73,10,24.2,843,96.38,21.7175,58582.8,60.73,64.98,182,1,1
2/1/2024 14:00,D006,VH006,Tata,Punch EV,35,421,1250,90,0,56.58,1.23,629.84,67,96,0,3,0,23,Rain,High,20,87,65,18,843,96.38,7.536,58639.4,60.87,64.9,182,1,1
2/1/2024 16:00,D006,VH006,Tata,Punch EV,35,421,1250,90,1,172.37,2.2,2789.48,80,122,2,4,1,3,Rain,Low,18,75,11,25.7,843,96.38,22.3125,58811.7,61.09,64.78,182,1,1
2/1/2024 18:00,D006,VH006,Tata,Punch EV,35,421,1250,90,0,47.04,0.89,573.98,87,103,1,5,2,21,Rain,Medium,16,59,40,18,843,96.37,6.391,58858.8,61.31,64.65,182,1,1
2/1/2024 20:00,D006,VH006,Tata,Punch EV,35,421,1250,90,0,35.33,0.93,376.43,55,113,0,5,3,17,Clear,Medium,28,63,48,20.8,843,96.37,5.229,58894.1,61.52,64.52,182,1,1
2/1/2024 22:00,D006,VH006,Tata,Punch EV,35,421,1250,90,1,70.24,0.77,1325.42,93,140,4,1,0,1,Rain,Medium,18,56,28,18,843,96.37,9.599,58964.3,61.58,64.48,183,1,1
2/2/2024 0:00,D006,VH006,Tata,Punch EV,35,421,1250,90,1,173.76,1.85,1861.67,94,108,4,6,1,0,Rain,Medium,12,76,11,25.4,844,96.37,22.61,59138.1,61.88,64.31,183,1,1
2/2/2024 2:00,D006,VH006,Tata,Punch EV,35,421,1250,90,0,20.95,0.68,311.19,58,97,0,1,3,19,Fog,Low,20,83,75,18,844,96.37,2.698,59159,61.93,64.28,183,1,1
2/2/2024 4:00,D006,VH006,Tata,Punch EV,35,421,1250,90,0,15.15,0.5,294.17,50,89,0,2,2,12,Cloudy,Low,24,69,62,18,844,96.37,2.153,59174.2,62.02,64.23,183,1,1
2/2/2024 6:00,D006,VH006,Tata,Punch EV,35,421,1250,90,0,41.9,0.97,574.94,61,105,4,2,3,17,Rain,High,20,55,37,18.2,844,96.37,6.028,59216.1,62.11,64.18,183,1,1
2/2/2024 8:00,D006,VH006,Tata,Punch EV,35,421,1250,90,0,56.25,0.97,625.55,69,97,0,3,0,9,Clear,Medium,17,80,56,18,844,96.37,8.325,59272.3,62.25,64.1,183,1,1
2/2/2024 10:00,D006,VH006,Tata,Punch EV,35,421,1250,90,1,123.5,1.26,1765.98,101,144,0,3,4,2,Clear,Low,21,80,30,20.6,844,96.37,17.364,59395.8,62.41,64.01,183,1,1
2/2/2024 12:00,D006,VH006,Tata,Punch EV,35,421,1250,90,0,57.43,1.19,831.43,66,112,2,5,4,19,Clear,Medium,17,82,56,18,844,96.37,8.84,59453.3,62.63,63.87,183,1,1
2/2/2024 14:00,D006,VH006,Tata,Punch EV,35,421,1250,90,0,40.97,0.94,619.55,52,118,2,4,1,9,Clear,High,23,58,39,18,844,96.37,6.306,59494.2,62.81,63.77,183,1,1
2/2/2024 16:00,D006,VH006,Tata,Punch EV,35,421,1250,90,1,163.01,1.76,1940.4,97,134,2,1,0,5,Rain,Low,25,54,10,24.9,845,96.37,16.065,59657.3,62.91,63.73,183,1,1
2/2/2024 18:00,D006,VH006,Tata,Punch EV,35,421,1250,90,0,27.24,0.76,395.08,72,107,0,0,2,23,Fog,Low,28,44,33,18,845,96.37,3.507,59684.5,62.91,63.72,183,1,1
2/2/2024 20:00,D006,VH006,Tata,Punch EV,35,421,1250,90,0,56.87,1.28,892.56,58,99,1,3,4,18,Clear,High,26,79,54,21,845,96.37,8.585,59741.4,63.05,63.64,183,1,1
2/2/2024 22:00,D006,VH006,Tata,Punch EV,35,421,1250,90,0,47.23,1.05,653.75,59,82,0,1,5,15,Fog,Medium,21,66,48,18,845,96.37,6.081,59788.6,63.11,63.61,184,1,1
2/3/2024 0:00,D006,VH006,Tata,Punch EV,35,421,1250,90,0,28.72,0.85,508.28,56,127,2,2,0,20,Clear,Low,17,80,67,18,845,96.37,4.421,59817.3,63.2,63.56,184,1,1
2/3/2024 2:00,D006,VH006,Tata,Punch EV,35,421,1250,90,1,151.71,1.79,1747.28,87,147,0,2,3,3,Fog,Low,16,81,27,21.3,845,96.37,18.557,59969,63.33,63.49,184,1,1
2/3/2024 4:00,D006,VH006,Tata,Punch EV,35,421,1250,90,0,13.6,0.31,171.05,55,114,1,3,5,4,Clear,Low,17,79,73,18,845,96.37,2.053,59982.6,63.46,63.41,184,1,1
2/3/2024 6:00,D006,VH006,Tata,Punch EV,35,421,1250,90,1,125.76,1.53,1424.84,82,121,3,2,3,0,Cloudy,Medium,15,54,10,19.1,845,96.37,16.065,60108.4,63.58,63.35,184,1,1
2/3/2024 8:00,D006,VH006,Tata,Punch EV,35,421,1250,90,1,55.8,0.65,907.05,88,128,1,0,4,1,Rain,Low,12,50,29,18,845,96.36,7.202,60164.2,63.6,63.34,184,1,1
2/3/2024 10:00,D006,VH006,Tata,Punch EV,35,421,1250,90,0,10.81,0.61,113.78,39,101,1,0,2,20,Rain,Medium,23,78,73,18,846,96.36,1.469,60175,63.61,63.34,184,1,1
2/3/2024 12:00,D006,VH006,Tata,Punch EV,35,421,1250,90,0,38.91,1.02,493.75,57,93,1,1,0,20,Rain,Low,18,79,63,18,846,96.36,5.286,60213.9,63.66,63.31,184,1,1
2/3/2024 14:00,D006,VH006,Tata,Punch EV,35,421,1250,90,0,45.75,1.42,504.67,42,98,0,4,2,20,Rain,Medium,15,66,48,18,846,96.36,6.094,60259.7,63.84,63.2,184,1,1
2/3/2024 16:00,D006,VH006,Tata,Punch EV,35,421,1250,90,0,13.16,0.38,228.01,58,105,2,7,1,9,Clear,Medium,19,65,59,18,846,96.36,2.026,60272.8,64.12,63.03,184,1,1
2/3/2024 18:00,D006,VH006,Tata,Punch EV,35,421,1250,90,0,17.54,0.54,196.25,58,118,4,5,1,14,Clear,High,27,86,77,18,846,96.36,2.804,60290.4,64.33,62.9,184,1,1
2/3/2024 20:00,D006,VH006,Tata,Punch EV,35,421,1250,90,0,52.41,1.02,811.13,64,91,1,1,4,12,Clear,Medium,23,75,52,19,846,96.36,7.912,60342.8,64.38,62.87,184,1,1
2/3/2024 22:00,D006,VH006,Tata,Punch EV,35,421,1250,90,0,24.04,0.55,441.09,69,99,0,5,1,12,Clear,High,16,61,50,18,846,96.36,3.558,60366.8,64.59,62.74,185,1,1
2/4/2024 0:00,D006,VH006,Tata,Punch EV,35,421,1250,90,1,77.91,0.9,1279.34,92,142,2,3,2,3,Cloudy,Low,14,67,35,18,846,96.36,10.937,60444.7,64.74,62.66,185,1,1
2/4/2024 2:00,D006,VH006,Tata,Punch EV,35,421,1250,90,0,42.68,0.84,526.86,68,86,0,4,1,13,Fog,Low,24,71,55,18,846,96.36,5.495,60487.4,64.92,62.55,185,1,1
2/4/2024 4:00,D006,VH006,Tata,Punch EV,35,421,1250,90,1,161.92,2.18,1950.25,75,117,2,3,1,1,Rain,Medium,21,76,15,29,846,96.36,21.309,60649.3,65.09,62.46,185,1,1
2/4/2024 6:00,D006,VH006,Tata,Punch EV,35,421,1250,90,0,35.98,1.19,504.72,39,92,1,2,1,16,Clear,Medium,16,72,56,18,846,96.36,5.432,60685.3,65.18,62.4,185,1,1
2/4/2024 8:00,D006,VH006,Tata,Punch EV,35,421,1250,90,0,52.92,1.2,1052.02,62,129,0,0,2,21,Fog,Medium,16,74,54,18,847,96.36,6.814,60738.2,65.2,62.4,185,1,1
2/4/2024 10:00,D006,VH006,Tata,Punch EV,35,421,1250,90,0,38.72,0.8,485.03,58,106,1,4,4,8,Fog,Medium,22,71,56,18,847,96.36,5.085,60776.9,65.38,62.29,185,1,1
2/4/2024 12:00,D006,VH006,Tata,Punch EV,35,421,1250,90,0,63.71,1.37,1244.05,58,104,2,1,5,16,Rain,Low,17,52,26,18,847,96.36,8.826,60840.6,65.44,62.26,185,1,1
2/4/2024 14:00,D006,VH006,Tata,Punch EV,35,421,1250,90,0,37.37,0.91,402.82,50,105,2,2,1,10,Cloudy,Low,19,76,60,18,847,96.36,5.522,60878,65.53,62.2,185,1,1
2/4/2024 16:00,D006,VH006,Tata,Punch EV,35,421,1250,90,0,52.15,1.08,628.37,57,98,1,2,1,10,Rain,High,19,70,49,18,847,96.36,7.085,60930.2,65.63,62.15,185,1,1
2/4/2024 18:00,D006,VH006,Tata,Punch EV,35,421,1250,90,1,108.82,1.63,1713.9,69,154,1,2,4,3,Fog,Low,20,53,14,18,847,96.36,13.577,61039,65.75,62.08,185,1,0
2/4/2024 20:00,D006,VH006,Tata,Punch EV,35,421,1250,90,1,125.62,1.25,2010.24,105,116,4,1,0,3,Cloudy,Medium,27,80,27,29.5,847,96.36,18.312,61164.6,65.83,62.04,185,1,1
2/4/2024 22:00,D006,VH006,Tata,Punch EV,35,421,1250,90,0,55.66,0.96,750.35,69,88,0,0,0,9,Clear,Medium,26,74,50,18,847,96.36,8.238,61220.3,65.85,62.04,186,1,1
2/5/2024 0:00,D006,VH006,Tata,Punch EV,35,421,1250,90,1,55.02,0.68,744.95,89,127,3,3,0,4,Clear,Medium,24,84,60,18,847,96.36,8.2,61275.3,65.99,61.96,186,1,1
2/5/2024 2:00,D006,VH006,Tata,Punch EV,35,421,1250,90,1,74.99,1.15,1499.41,68,126,1,1,0,3,Clear,Medium,15,57,26,18,848,96.35,10.754,61350.3,66.06,61.92,186,1,1
2/5/2024 4:00,D006,VH006,Tata,Punch EV,35,421,1250,90,1,66.96,0.82,1124.89,85,126,1,2,3,2,Rain,Medium,22,43,18,20.4,848,96.35,8.643,61417.2,66.16,61.86,186,1,1
2/5/2024 6:00,D006,VH006,Tata,Punch EV,35,421,1250,90,1,113.45,1.57,1335.91,77,140,2,2,2,6,Rain,Medium,20,63,20,18,848,96.35,14.93,61530.7,66.28,61.8,186,1,1
2/5/2024 8:00,D006,VH006,Tata,Punch EV,35,421,1250,90,1,165.86,1.9,2738.73,88,126,0,1,1,1,Fog,Low,16,71,13,25.8,848,96.35,20.288,61696.5,66.38,61.76,186,1,1
2/5/2024 10:00,D006,VH006,Tata,Punch EV,35,421,1250,90,1,140.72,1.55,2144.19,95,129,3,2,4,4,Clear,Low,32,79,19,30.7,848,96.35,20.972,61837.3,66.51,61.69,186,1,1
2/5/2024 12:00,D006,VH006,Tata,Punch EV,35,421,1250,90,0,38.02,1.02,592.92,54,91,0,3,0,19,Clear,Low,20,85,68,18,849,96.35,5.627,61875.3,66.64,61.61,186,1,1
2/5/2024 14:00,D006,VH006,Tata,Punch EV,35,421,1250,90,0,26.12,0.9,415.1,63,90,0,1,2,29,Clear,Low,18,70,58,18,849,96.35,3.866,61901.4,66.69,61.58,186,1,1
2/5/2024 16:00,D006,VH006,Tata,Punch EV,35,421,1250,90,0,33.72,0.76,632.42,66,130,1,8,1,15,Rain,High,27,65,51,18,849,96.35,4.581,61935.1,67.02,61.38,186,1,1
2/5/2024 18:00,D006,VH006,Tata,Punch EV,35,421,1250,90,0,17.15,0.34,181.09,51,94,0,1,3,0,Clear,High,23,54,46,18,849,96.35,2.538,61952.3,67.07,61.35,186,1,1
2/5/2024 20:00,D006,VH006,Tata,Punch EV,35,421,1250,90,0,54.61,1.11,1072.44,58,127,1,2,2,10,Cloudy,Medium,21,62,39,18,849,96.35,7.914,62006.9,67.17,61.29,186,1,1
2/5/2024 22:00,D006,VH006,Tata,Punch EV,35,421,1250,90,0,32.07,0.74,561.42,61,113,1,3,3,13,Cloudy,Low,18,89,75,18,849,96.35,4.648,62039,67.3,61.21,187,1,1
2/6/2024 0:00,D006,VH006,Tata,Punch EV,35,421,1250,90,0,64.29,1.61,1198.29,53,94,0,3,0,24,Rain,Low,22,73,48,19.3,849,96.35,8.563,62103.2,67.44,61.13,187,1,1
2/6/2024 2:00,D006,VH006,Tata,Punch EV,35,421,1250,90,0,16.02,0.57,295.14,48,122,0,3,3,14,Clear,High,9,44,37,18,849,96.35,2.371,62119.3,67.57,61.05,187,1,1
2/6/2024 4:00,D006,VH006,Tata,Punch EV,35,421,1250,90,0,9.98,0.29,180.76,59,92,1,3,2,7,Rain,High,17,63,59,18,849,96.35,1.356,62129.2,67.69,60.98,187,1,1
2/6/2024 6:00,D006,VH006,Tata,Punch EV,35,421,1250,90,1,86.76,1.31,1090.11,71,123,0,0,1,5,Cloudy,Low,19,67,33,19.8,849,96.35,11.711,62216,67.72,60.97,187,1,1
2/6/2024 8:00,D006,VH006,Tata,Punch EV,35,421,1250,90,0,31.7,0.61,448.68,66,101,1,2,2,8,Fog,Medium,19,63,51,18,849,96.35,4.163,62247.7,67.81,60.91,187,1,1
2/6/2024 10:00,D006,VH006,Tata,Punch EV,35,421,1250,90,0,50.78,1.13,1003.7,59,95,0,5,2,16,Clear,Medium,21,89,67,18,849,96.35,7.515,62298.5,68.03,60.78,187,1,1
2/6/2024 12:00,D006,VH006,Tata,Punch EV,35,421,1250,90,0,61.72,1.45,1013.67,62,96,0,3,1,27,Cloudy,Medium,25,67,41,18.5,849,96.35,8.769,62360.2,68.17,60.7,187,1,1
2/6/2024 14:00,D006,VH006,Tata,Punch EV,35,421,1250,90,0,10.24,0.35,158.15,60,98,0,1,0,11,Clear,Medium,18,76,71,18,849,96.35,1.516,62370.4,68.21,60.67,187,1,1
2/6/2024 16:00,D006,VH006,Tata,Punch EV,35,421,1250,90,0,59.83,1.52,771.46,47,79,0,0,4,15,Rain,High,19,71,48,18,850,96.35,7.969,62430.3,68.24,60.67,187,1,1
2/6/2024 18:00,D006,VH006,Tata,Punch EV,35,421,1250,90,0,40.31,0.8,703.41,64,103,0,2,2,10,Cloudy,High,17,83,66,18,850,96.35,5.727,62470.6,68.33,60.61,187,1,1
2/6/2024 20:00,D006,VH006,Tata,Punch EV,35,421,1250,90,0,36.5,0.87,522.55,59,105,0,2,5,15,Rain,High,15,75,61,18,850,96.35,4.862,62507.1,68.42,60.56,187,1,0
2/6/2024 22:00,D006,VH006,Tata,Punch EV,35,421,1250,90,1,150.63,1.59,1552.11,98,124,2,1,3,3,Clear,Low,14,52,10,19.6,850,96.34,15.47,62657.7,68.52,60.52,188,1,1
2/7/2024 0:00,D006,VH006,Tata,Punch EV,35,421,1250,90,0,34.72,1.04,431.42,56,114,2,1,4,25,Rain,High,18,60,46,18,850,96.34,4.81,62692.4,68.57,60.49,188,1,1
2/7/2024 2:00,D006,VH006,Tata,Punch EV,35,421,1250,90,0,52.29,0.94,637.09,72,110,2,0,3,13,Clear,Low,17,60,37,18,850,96.34,8.048,62744.7,68.59,60.48,188,1,1
2/7/2024 4:00,D006,VH006,Tata,Punch EV,35,421,1250,90,1,108.22,1.12,1414.42,104,130,3,2,4,5,Clear,Low,19,70,23,23.8,850,96.34,16.129,62852.9,68.7,60.42,188,1,1
2/7/2024 6:00,D006,VH006,Tata,Punch EV,35,421,1250,90,0,44.15,0.96,517.18,61,66,1,3,2,14,Rain,High,18,69,51,18,850,96.34,5.998,62897.1,68.84,60.34,188,1,1
2/7/2024 8:00,D006,VH006,Tata,Punch EV,35,421,1250,90,1,77.72,0.9,1141.77,90,110,0,2,1,2,Clear,Medium,23,72,40,25.5,850,96.34,10.927,62974.8,68.95,60.28,188,1,1
2/7/2024 10:00,D006,VH006,Tata,Punch EV,35,421,1250,90,0,46.96,1.1,623.56,54,104,1,1,3,14,Rain,Medium,16,84,65,18,851,96.34,6.38,63021.8,69,60.25,188,1,1
1/1/2024 0:00,D007,VH007,Hyundai,Kona EV,39.2,452,1685,100,0,58.09,1.34,667.52,57,102,2,4,4,19,Clear,Low,26,53,29,19.1,822,82.58,9.364,104859.1,70.1,57.96,27,1,1
1/1/2024 2:00,D007,VH007,Hyundai,Kona EV,39.2,452,1685,100,0,20,0.62,396.61,59,103,2,3,2,17,Clear,Medium,19,53,44,18,822,82.58,3.224,104879.1,70.25,57.87,27,1,1
1/1/2024 4:00,D007,VH007,Hyundai,Kona EV,39.2,452,1685,100,0,53.18,1.37,867.56,56,106,0,4,2,25,Fog,Medium,17,79,60,18,822,82.58,7.171,104932.3,70.47,57.75,27,1,1
1/1/2024 6:00,D007,VH007,Hyundai,Kona EV,39.2,452,1685,100,0,25.01,0.53,499.77,73,87,0,4,2,11,Fog,Medium,13,75,66,18,822,82.58,3.373,104957.3,70.66,57.64,27,1,1
1/1/2024 8:00,D007,VH007,Hyundai,Kona EV,39.2,452,1685,100,0,27.31,0.88,282.8,64,113,1,2,1,27,Clear,Medium,17,79,67,18,822,82.57,4.318,104984.6,70.77,57.58,27,1,1
1/1/2024 10:00,D007,VH007,Hyundai,Kona EV,39.2,452,1685,100,0,43.25,0.9,453.99,76,109,0,1,2,20,Cloudy,Low,9,54,37,18,822,82.57,6.436,105027.8,70.87,57.53,27,1,1
1/1/2024 12:00,D007,VH007,Hyundai,Kona EV,39.2,452,1685,100,0,49.43,1.06,677.68,64,94,0,1,1,17,Clear,High,20,76,56,18,822,82.57,7.662,105077.3,70.97,57.49,27,1,1
1/1/2024 14:00,D007,VH007,Hyundai,Kona EV,39.2,452,1685,100,1,151.74,1.88,2890.77,82,122,2,1,4,2,Cloudy,Medium,17,51,10,19.4,822,82.57,16.9932,105229,71.19,57.4,27,1,1
1/1/2024 16:00,D007,VH007,Hyundai,Kona EV,39.2,452,1685,100,0,59.86,1.11,630.22,66,93,1,2,1,12,Rain,Medium,21,75,53,18,822,82.57,8.517,105288.9,71.35,57.33,27,1,1
1/1/2024 18:00,D007,VH007,Hyundai,Kona EV,39.2,452,1685,100,0,60.37,0.98,742.54,79,101,2,1,2,13,Rain,Medium,19,72,49,18,822,82.56,8.758,105349.2,71.46,57.27,27,1,1
1/1/2024 20:00,D007,VH007,Hyundai,Kona EV,39.2,452,1685,100,0,27.08,0.51,539.13,66,91,0,1,4,6,Rain,Low,18,68,58,18,822,82.56,3.778,105376.3,71.53,57.24,27,1,1
1/1/2024 22:00,D007,VH007,Hyundai,Kona EV,39.2,452,1685,100,1,147.12,2.06,2261.5,72,120,0,1,3,1,Clear,Medium,20,42,10,20.3,823,82.56,13.9944,105523.4,71.75,57.15,27,1,1
1/2/2024 0:00,D007,VH007,Hyundai,Kona EV,39.2,452,1685,100,0,8.83,0.41,103.55,51,90,0,2,1,14,Rain,Medium,13,52,48,18,823,82.56,1.232,105532.3,71.85,57.1,28,1,0
1/2/2024 2:00,D007,VH007,Hyundai,Kona EV,39.2,452,1685,100,1,162.48,1.96,1666.98,86,112,2,1,0,4,Fog,Medium,11,81,25,22.8,823,82.56,21.648,105694.7,72.08,57,28,1,1
1/2/2024 4:00,D007,VH007,Hyundai,Kona EV,39.2,452,1685,100,0,56.46,1.21,1073.12,59,95,0,5,1,15,Clear,High,25,68,45,18,823,82.55,8.751,105751.2,72.35,56.86,28,1,1
1/2/2024 6:00,D007,VH007,Hyundai,Kona EV,39.2,452,1685,100,0,21.61,0.44,387.79,67,115,3,2,1,7,Clear,High,15,76,66,18,823,82.55,3.551,105772.8,72.46,56.8,28,1,1
1/2/2024 8:00,D007,VH007,Hyundai,Kona EV,39.2,452,1685,100,0,9.87,0.43,177.14,66,104,0,1,2,17,Rain,Medium,21,72,68,18,823,82.55,1.377,105782.7,72.51,56.77,28,1,1
1/2/2024 10:00,D007,VH007,Hyundai,Kona EV,39.2,452,1685,100,1,60.85,0.93,847.42,72,130,0,0,0,5,Clear,Medium,18,77,54,18,823,82.55,8.96,105843.5,72.59,56.74,28,1,1
1/2/2024 12:00,D007,VH007,Hyundai,Kona EV,39.2,452,1685,100,1,163.61,2.23,2532.75,74,121,1,3,4,1,Clear,Medium,14,57,10,23.1,823,82.55,18.9924,106007.1,72.91,56.6,28,1,1
1/2/2024 14:00,D007,VH007,Hyundai,Kona EV,39.2,452,1685,100,0,44.75,1.15,717.4,47,96,0,1,2,12,Rain,Low,14,76,60,18,823,82.55,6.243,106051.9,73,56.55,28,1,1
1/2/2024 16:00,D007,VH007,Hyundai,Kona EV,39.2,452,1685,100,1,93.87,1.27,1160.89,79,127,1,0,3,5,Rain,Medium,23,80,47,20.6,824,82.54,12.689,106145.8,73.12,56.52,28,1,1
1/2/2024 18:00,D007,VH007,Hyundai,Kona EV,39.2,452,1685,100,0,62.99,1.88,1143.07,43,101,2,3,4,25,Clear,Medium,19,61,35,18,824,82.54,10.154,106208.8,73.31,56.41,28,1,1
1/2/2024 20:00,D007,VH007,Hyundai,Kona EV,39.2,452,1685,100,0,30.4,0.89,569,53,115,0,3,2,19,Rain,High,22,67,56,18,824,82.54,4.241,106239.2,73.47,56.33,28,1,1
1/2/2024 22:00,D007,VH007,Hyundai,Kona EV,39.2,452,1685,100,1,147.09,1.47,1576.05,106,130,0,2,1,5,Rain,Low,14,61,11,20.9,824,82.54,19.493,106386.2,73.73,56.21,28,1,1
1/3/2024 0:00,D007,VH007,Hyundai,Kona EV,39.2,452,1685,100,1,73.3,1.02,1028.59,78,128,3,2,2,5,Rain,Medium,18,72,45,18,824,82.53,10.297,106459.5,73.9,56.13,29,1,1
1/3/2024 2:00,D007,VH007,Hyundai,Kona EV,39.2,452,1685,100,0,40.5,0.99,577.01,59,95,0,4,1,18,Clear,Low,23,72,55,18,824,82.53,6.277,106500,74.11,56.02,29,1,1
1/3/2024 4:00,D007,VH007,Hyundai,Kona EV,39.2,452,1685,100,0,42.71,1.2,458.26,51,90,1,2,1,22,Clear,Medium,19,69,51,18,824,82.53,6.752,106542.8,74.24,55.95,29,1,1
1/3/2024 6:00,D007,VH007,Hyundai,Kona EV,39.2,452,1685,100,1,88.51,1.01,1671.43,96,117,2,1,3,5,Fog,Low,17,71,40,18,824,82.53,11.792,106631.3,74.39,55.89,29,1,1
1/3/2024 8:00,D007,VH007,Hyundai,Kona EV,39.2,452,1685,100,0,26.92,0.94,449.94,42,97,0,2,1,18,Clear,High,19,78,67,18,824,82.53,4.173,106658.2,74.51,55.82,29,1,1
1/3/2024 10:00,D007,VH007,Hyundai,Kona EV,39.2,452,1685,100,1,94.08,1.26,1156.72,78,125,0,1,2,3,Clear,Low,13,44,10,18,825,82.52,13.853,106752.3,74.66,55.76,29,1,1
1/3/2024 12:00,D007,VH007,Hyundai,Kona EV,39.2,452,1685,100,1,168.67,2.05,2473.66,85,134,2,0,0,4,Cloudy,Medium,18,63,10,25.7,825,82.52,20.9916,106920.9,74.87,55.69,29,1,1
1/3/2024 14:00,D007,VH007,Hyundai,Kona EV,39.2,452,1685,100,0,8.89,0.52,125.28,65,99,0,2,1,23,Rain,Low,25,64,60,18,825,82.52,1.24,106929.8,74.96,55.64,29,1,1
1/3/2024 16:00,D007,VH007,Hyundai,Kona EV,39.2,452,1685,100,1,123.5,1.59,2233.89,80,119,1,3,1,3,Fog,Low,17,82,40,20.1,825,82.52,16.138,107053.3,75.23,55.51,29,1,1
1/3/2024 18:00,D007,VH007,Hyundai,Kona EV,39.2,452,1685,100,0,48.81,1.15,638.21,55,97,0,2,9,16,Clear,Medium,20,78,58,18,825,82.51,7.566,107102.1,75.37,55.44,29,1,1
1/3/2024 20:00,D007,VH007,Hyundai,Kona EV,39.2,452,1685,100,0,33.53,0.79,344.63,57,104,2,0,3,12,Clear,Medium,22,71,57,18,825,82.51,5.405,107135.7,75.41,55.42,29,1,1
1/3/2024 22:00,D007,VH007,Hyundai,Kona EV,39.2,452,1685,100,1,117.02,1.49,1798.48,83,114,0,2,0,5,Rain,Medium,21,62,22,23.5,825,82.51,15.508,107252.7,75.63,55.33,29,1,1
1/4/2024 0:00,D007,VH007,Hyundai,Kona EV,39.2,452,1685,100,0,16.91,0.53,229.23,84,94,0,4,0,20,Fog,Medium,23,56,50,18,825,82.51,2.28,107269.6,75.81,55.22,30,1,1
1/4/2024 2:00,D007,VH007,Hyundai,Kona EV,39.2,452,1685,100,0,61.55,1.4,736.24,50,94,0,2,1,10,Clear,High,18,71,46,18,825,82.51,9.54,107331.1,75.97,55.14,30,1,1
1/4/2024 4:00,D007,VH007,Hyundai,Kona EV,39.2,452,1685,100,0,36.99,1.07,616.14,46,92,0,4,0,16,Clear,Medium,20,60,45,18,826,82.51,5.733,107368.1,76.17,55.03,30,1,1
1/4/2024 6:00,D007,VH007,Hyundai,Kona EV,39.2,452,1685,100,0,32.22,0.97,390.08,57,133,2,1,4,24,Rain,High,12,68,56,18,826,82.51,4.674,107400.4,76.25,54.99,30,1,1
1/4/2024 8:00,D007,VH007,Hyundai,Kona EV,39.2,452,1685,100,0,42.45,1.09,442.44,63,102,1,3,3,25,Fog,Medium,19,64,49,18,826,82.5,5.839,107442.8,76.43,54.9,30,1,1
1/4/2024 10:00,D007,VH007,Hyundai,Kona EV,39.2,452,1685,100,1,90.65,1.07,1690.16,90,118,1,2,2,4,Cloudy,Medium,27,79,45,21.8,826,82.5,13.071,107533.5,76.62,54.81,30,1,1
1/4/2024 12:00,D007,VH007,Hyundai,Kona EV,39.2,452,1685,100,0,28.71,0.67,539.9,57,114,0,3,3,10,Cloudy,High,20,87,76,18,826,82.5,4.272,107562.2,76.77,54.72,30,1,1
1/4/2024 14:00,D007,VH007,Hyundai,Kona EV,39.2,452,1685,100,0,62.95,1.45,903.9,54,99,1,2,2,17,Fog,High,18,62,39,18,826,82.5,8.659,107625.1,76.93,54.64,30,1,0
1/4/2024 16:00,D007,VH007,Hyundai,Kona EV,39.2,452,1685,100,0,11.61,0.55,214.01,57,97,1,3,1,21,Clear,Medium,21,76,71,18,826,82.5,1.836,107636.7,77.06,54.56,30,1,1
1/4/2024 18:00,D007,VH007,Hyundai,Kona EV,39.2,452,1685,100,0,38.84,0.88,529.89,75,80,0,0,0,22,Clear,Low,17,81,65,18,826,82.5,6.02,107675.6,77.11,54.55,30,1,1
1/4/2024 20:00,D007,VH007,Hyundai,Kona EV,39.2,452,1685,100,1,57.78,0.56,676.73,103,138,0,2,2,0,Fog,Medium,19,72,53,18,826,82.5,7.402,107733.3,77.26,54.47,30,1,0
1/4/2024 22:00,D007,VH007,Hyundai,Kona EV,39.2,452,1685,100,0,27.34,0.62,499.15,81,92,1,2,1,17,Rain,High,14,66,56,18,826,82.5,3.89,107760.7,77.38,54.41,30,1,1
1/5/2024 0:00,D007,VH007,Hyundai,Kona EV,39.2,452,1685,100,1,130.93,1.91,2483.37,73,128,0,2,4,7,Clear,Low,13,62,12,22.5,826,82.49,19.279,107891.6,77.62,54.31,31,1,1
1/5/2024 2:00,D007,VH007,Hyundai,Kona EV,39.2,452,1685,100,1,130.16,1.6,2048.04,84,122,2,2,2,3,Clear,Medium,24,63,12,27,827,82.49,19.933,108021.8,77.86,54.2,31,1,1
1/5/2024 4:00,D007,VH007,Hyundai,Kona EV,39.2,452,1685,100,0,60.29,1.24,737.4,60,92,0,1,1,14,Rain,Medium,16,76,54,18,827,82.49,8.41,108082.1,77.97,54.15,31,1,1
1/5/2024 6:00,D007,VH007,Hyundai,Kona EV,39.2,452,1685,100,1,129.19,1.63,1719.45,82,125,0,2,0,3,Cloudy,Medium,10,74,27,18,827,82.48,18.262,108211.3,78.21,54.05,31,1,1
1/5/2024 8:00,D007,VH007,Hyundai,Kona EV,39.2,452,1685,100,0,16.01,0.64,234.91,84,109,1,4,2,27,Rain,Low,17,82,76,18,827,82.48,2.278,108227.3,78.39,53.94,31,1,1
1/5/2024 10:00,D007,VH007,Hyundai,Kona EV,39.2,452,1685,100,0,10.5,0.43,113.54,58,101,1,1,1,15,Clear,Low,21,66,61,18,827,82.48,1.66,108237.8,78.44,53.91,31,1,1
1/5/2024 12:00,D007,VH007,Hyundai,Kona EV,39.2,452,1685,100,0,22.03,0.56,273.12,71,91,0,6,0,15,Rain,High,12,59,51,18,827,82.48,3.073,108259.8,78.71,53.75,31,1,1
1/5/2024 14:00,D007,VH007,Hyundai,Kona EV,39.2,452,1685,100,0,52.85,0.79,691.33,70,110,3,4,1,2,Rain,Low,16,72,52,18,827,82.48,7.815,108312.6,78.93,53.63,31,1,1
1/5/2024 16:00,D007,VH007,Hyundai,Kona EV,39.2,452,1685,100,0,48.34,1.03,659.03,69,123,1,2,0,20,Fog,Medium,24,59,42,18,827,82.48,6.649,108361,79.07,53.56,31,1,1
1/5/2024 18:00,D007,VH007,Hyundai,Kona EV,39.2,452,1685,100,0,40.01,0.78,781.24,73,105,3,0,3,14,Cloudy,Medium,22,78,61,18,827,82.48,6.311,108401,79.12,53.54,31,1,1
1/5/2024 20:00,D007,VH007,Hyundai,Kona EV,39.2,452,1685,100,1,84.56,1.02,1412.62,84,116,0,2,1,1,Fog,Low,21,71,43,20.5,827,82.47,10.833,108485.6,79.3,53.46,31,1,1
1/5/2024 22:00,D007,VH007,Hyundai,Kona EV,39.2,452,1685,100,0,52.16,1.32,748.75,62,78,0,2,4,29,Cloudy,Low,14,83,63,18,827,82.47,7.761,108537.7,79.45,53.39,31,1,0
1/6/2024 0:00,D007,VH007,Hyundai,Kona EV,39.2,452,1685,100,0,28.71,0.93,431.36,54,110,4,2,2,24,Clear,Low,15,82,69,18,827,82.47,4.806,108566.4,79.56,53.32,32,1,1
1/6/2024 2:00,D007,VH007,Hyundai,Kona EV,39.2,452,1685,100,1,121.46,1.81,1638.26,67,136,1,1,3,0,Rain,Medium,13,74,32,18,828,82.47,16.418,108687.9,79.75,53.25,32,1,1
1/6/2024 4:00,D007,VH007,Hyundai,Kona EV,39.2,452,1685,100,0,34.55,0.7,645.28,74,106,1,0,1,14,Fog,Medium,12,84,71,18,828,82.47,4.752,108722.4,79.79,53.23,32,1,1
1/6/2024 6:00,D007,VH007,Hyundai,Kona EV,39.2,452,1685,100,0,48.09,0.97,776.06,72,113,0,5,2,18,Cloudy,Low,20,50,31,18,828,82.46,7.156,108770.5,80.05,53.09,32,1,1
1/6/2024 8:00,D007,VH007,Hyundai,Kona EV,39.2,452,1685,100,0,27.29,0.74,507.37,56,113,2,1,1,15,Rain,High,15,65,54,18,828,82.46,3.959,108797.8,80.13,53.05,32,1,1
1/6/2024 10:00,D007,VH007,Hyundai,Kona EV,39.2,452,1685,100,0,11.48,0.5,128.1,52,92,1,1,1,17,Clear,High,11,51,46,18,828,82.46,1.815,108809.3,80.18,53.02,32,1,1
1/6/2024 12:00,D007,VH007,Hyundai,Kona EV,39.2,452,1685,100,0,17.47,0.45,284.38,80,109,1,2,1,14,Clear,Medium,17,64,56,18,828,82.46,2.762,108826.8,80.28,52.96,32,1,1
1/6/2024 14:00,D007,VH007,Hyundai,Kona EV,39.2,452,1685,100,0,58.41,0.95,697.76,73,78,1,2,2,9,Clear,Medium,18,83,59,18,828,82.46,9.235,108885.2,80.43,52.89,32,1,1
1/6/2024 16:00,D007,VH007,Hyundai,Kona EV,39.2,452,1685,100,0,22.84,0.44,292.97,70,85,0,4,3,7,Clear,Low,22,57,47,18,828,82.46,3.54,108908,80.62,52.78,32,1,1
1/6/2024 18:00,D007,VH007,Hyundai,Kona EV,39.2,452,1685,100,1,89.01,1.21,1229.87,77,115,1,2,2,3,Clear,Medium,14,80,45,18.8,828,82.46,13.369,108997,80.81,52.69,32,1,1
1/6/2024 20:00,D007,VH007,Hyundai,Kona EV,39.2,452,1685,100,1,105.83,1.75,1222.18,63,157,0,1,1,4,Clear,Medium,12,67,27,18,828,82.45,15.583,109102.9,80.98,52.62,32,1,1
1/6/2024 22:00,D007,VH007,Hyundai,Kona EV,39.2,452,1685,100,1,164.24,1.82,2153.87,93,108,1,2,2,3,Cloudy,Medium,21,68,10,32,829,82.45,22.6576,109267.1,81.26,52.5,32,1,1
1/7/2024 0:00,D007,VH007,Hyundai,Kona EV,39.2,452,1685,100,1,66.72,0.96,1119.33,75,115,1,1,1,4,Clear,Medium,20,81,55,18,829,82.45,10.021,109333.8,81.38,52.45,33,1,1
1/7/2024 2:00,D007,VH007,Hyundai,Kona EV,39.2,452,1685,100,1,71.16,0.76,951.33,96,129,2,1,2,1,Clear,Medium,17,75,47,18,829,82.44,10.897,109405,81.51,52.4,33,1,1
1/7/2024 4:00,D007,VH007,Hyundai,Kona EV,39.2,452,1685,100,0,47.43,0.98,722.38,56,105,2,2,3,8,Fog,Medium,21,63,46,18,829,82.44,6.652,109452.4,81.65,52.33,33,1,1
1/7/2024 6:00,D007,VH007,Hyundai,Kona EV,39.2,452,1685,100,0,58.46,1.51,976.37,51,101,3,1,1,22,Cloudy,Medium,15,84,60,18,829,82.44,9.221,109510.9,81.76,52.28,33,1,1
1/7/2024 8:00,D007,VH007,Hyundai,Kona EV,39.2,452,1685,100,0,61,1.3,1126.19,59,83,1,4,1,16,Cloudy,High,12,62,38,18,829,82.44,9.258,109571.9,81.99,52.15,33,1,1
1/7/2024 10:00,D007,VH007,Hyundai,Kona EV,39.2,452,1685,100,0,16.72,0.48,283.12,67,108,1,1,1,14,Clear,Medium,25,86,79,18,829,82.44,2.643,109588.6,82.05,52.12,33,1,1
1/7/2024 12:00,D007,VH007,Hyundai,Kona EV,39.2,452,1685,100,1,166.74,2.07,1745.68,82,115,3,5,5,2,Clear,Medium,20,67,10,31,829,82.43,22.3244,109755.3,82.46,51.92,33,1,1
1/7/2024 14:00,D007,VH007,Hyundai,Kona EV,39.2,452,1685,100,0,61.69,1.31,1046.58,60,103,2,1,3,17,Cloudy,High,17,70,45,18,830,82.43,9.547,109817,82.57,51.87,33,1,1
1/7/2024 16:00,D007,VH007,Hyundai,Kona EV,39.2,452,1685,100,1,128.07,1.38,1499,96,114,0,1,5,3,Cloudy,Medium,21,69,22,24.2,830,82.43,18.104,109945.1,82.77,51.79,33,1,1
1/7/2024 18:00,D007,VH007,Hyundai,Kona EV,39.2,452,1685,100,1,84.63,1.05,1427.95,88,131,1,1,1,5,Fog,Medium,23,72,43,20.4,830,82.43,11.059,110029.7,82.92,51.73,33,1,1
1/7/2024 20:00,D007,VH007,Hyundai,Kona EV,39.2,452,1685,100,0,61.4,1.15,1125.02,74,105,2,1,2,19,Rain,Medium,22,77,54,21.6,830,82.42,8.908,110091.1,83.03,51.68,33,1,0
1/7/2024 22:00,D007,VH007,Hyundai,Kona EV,39.2,452,1685,100,0,12.5,0.29,161.69,71,123,2,2,4,7,Clear,Medium,15,77,71,18,830,82.42,2.015,110103.6,83.13,51.63,33,1,1
1/8/2024 0:00,D007,VH007,Hyundai,Kona EV,39.2,452,1685,100,0,59.94,0.93,925.37,74,91,0,2,3,7,Rain,Low,21,64,42,18,830,82.42,8.362,110163.6,83.28,51.55,34,1,1
1/8/2024 2:00,D007,VH007,Hyundai,Kona EV,39.2,452,1685,100,0,31.12,0.68,541.8,76,108,1,1,1,16,Clear,High,14,67,54,18,830,82.42,4.92,110194.7,83.36,51.51,34,1,1
1/8/2024 4:00,D007,VH007,Hyundai,Kona EV,39.2,452,1685,100,0,16.56,0.38,293.79,55,103,0,2,2,5,Clear,Medium,19,62,55,18,830,82.42,2.567,110211.2,83.46,51.46,34,1,1
1/8/2024 6:00,D007,VH007,Hyundai,Kona EV,39.2,452,1685,100,1,173.22,1.91,2524.86,93,157,2,1,2,3,Clear,Medium,16,72,10,22.3,830,82.42,23.9904,110384.5,83.71,51.36,34,1,1
1/8/2024 8:00,D007,VH007,Hyundai,Kona EV,39.2,452,1685,100,1,71.74,0.9,795.2,83,140,1,2,0,2,Rain,Medium,22,87,62,18.3,831,82.41,9.697,110456.2,83.88,51.28,34,1,1
1/8/2024 10:00,D007,VH007,Hyundai,Kona EV,39.2,452,1685,100,1,63.39,0.86,1211.82,82,126,3,2,3,5,Rain,Low,14,75,52,18,831,82.41,8.905,110519.6,84.04,51.2,34,1,1
1/8/2024 12:00,D007,VH007,Hyundai,Kona EV,39.2,452,1685,100,0,57.97,1.12,1145.35,64,93,2,1,4,13,Cloudy,Low,17,47,24,18.3,831,82.41,8.971,110577.6,84.15,51.15,34,1,1
1/8/2024 14:00,D007,VH007,Hyundai,Kona EV,39.2,452,1685,100,0,49.95,1.34,958.27,53,114,3,3,3,24,Clear,High,13,71,50,18,831,82.41,8.207,110627.5,84.33,51.06,34,1,1
1/8/2024 16:00,D007,VH007,Hyundai,Kona EV,39.2,452,1685,100,0,58.04,1.2,595.41,62,90,0,3,2,16,Rain,Medium,26,65,44,19.3,831,82.41,8.097,110685.5,84.52,50.96,34,1,1
1/8/2024 18:00,D007,VH007,Hyundai,Kona EV,39.2,452,1685,100,1,171.2,2.06,3393.94,86,112,1,4,4,4,Cloudy,Low,15,67,10,23.2,831,82.4,22.3244,110856.7,84.89,50.79,34,1,1
1/8/2024 20:00,D007,VH007,Hyundai,Kona EV,39.2,452,1685,100,1,103.84,1.41,1356.61,78,137,2,2,2,5,Fog,Medium,21,50,14,21.5,831,82.4,13.835,110960.6,85.1,50.69,34,1,0
1/8/2024 22:00,D007,VH007,Hyundai,Kona EV,39.2,452,1685,100,0,17.09,0.39,266.05,76,85,0,2,2,10,Clear,Low,24,77,70,18,831,82.4,2.649,110977.7,85.2,50.64,35,1,1
1/9/2024 0:00,D007,VH007,Hyundai,Kona EV,39.2,452,1685,100,1,63.72,0.94,1225.54,73,98,0,2,2,4,Clear,Medium,23,82,58,18,832,82.4,9.383,111041.4,85.35,50.56,35,1,1
1/9/2024 2:00,D007,VH007,Hyundai,Kona EV,39.2,452,1685,100,0,35.65,0.81,619.58,57,105,0,1,2,11,Clear,Medium,20,67,52,18,832,82.4,5.526,111077,85.44,50.52,35,1,1
1/9/2024 4:00,D007,VH007,Hyundai,Kona EV,39.2,452,1685,100,0,35.03,1,578.25,42,86,0,2,0,10,Fog,Low,22,75,62,18,832,82.39,4.724,111112.1,85.56,50.45,35,1,1
1/9/2024 6:00,D007,VH007,Hyundai,Kona EV,39.2,452,1685,100,0,18.66,0.39,283.48,64,93,0,1,6,6,Rain,Low,17,65,58,18,832,82.39,2.603,111130.7,85.62,50.42,35,1,1
1/9/2024 8:00,D007,VH007,Hyundai,Kona EV,39.2,452,1685,100,0,64.54,1.09,1171.59,87,96,0,4,1,21,Rain,Medium,23,51,28,18,832,82.39,9.003,111195.3,85.86,50.29,35,1,1
1/9/2024 10:00,D007,VH007,Hyundai,Kona EV,39.2,452,1685,100,0,51.09,1.17,959.72,52,90,1,2,4,11,Rain,Medium,20,66,47,18,832,82.39,7.27,111246.4,86.01,50.22,35,1,1
1/9/2024 12:00,D007,VH007,Hyundai,Kona EV,39.2,452,1685,100,1,139.38,1.62,2019.39,90,136,2,5,1,4,Fog,Medium,19,70,22,24.1,832,82.39,18.57,111385.7,86.38,50.04,35,1,1
1/9/2024 14:00,D007,VH007,Hyundai,Kona EV,39.2,452,1685,100,0,53.02,1.33,766.05,65,114,1,4,2,31,Clear,High,15,70,48,18,832,82.38,8.382,111438.8,86.6,49.92,35,1,1
1/9/2024 16:00,D007,VH007,Hyundai,Kona EV,39.2,452,1685,100,0,53.03,1.32,569.34,49,121,1,1,4,14,Clear,Medium,23,89,67,18,832,82.38,8.384,111491.8,86.71,49.87,35,1,1
1/9/2024 18:00,D007,VH007,Hyundai,Kona EV,39.2,452,1685,100,0,52.05,1.01,913.94,63,117,0,1,1,11,Cloudy,High,19,71,51,18,832,82.38,7.745,111543.8,86.81,49.82,35,1,1
1/9/2024 20:00,D007,VH007,Hyundai,Kona EV,39.2,452,1685,100,0,40.19,0.92,790.5,53,120,2,0,5,10,Clear,Medium,13,79,62,18,832,82.38,6.479,111584,86.86,49.81,35,1,1
1/9/2024 22:00,D007,VH007,Hyundai,Kona EV,39.2,452,1685,100,0,15.95,0.4,169.36,54,87,0,4,2,6,Clear,Low,15,70,63,18,832,82.38,2.472,111600,87.04,49.7,36,1,1
1/10/2024 0:00,D007,VH007,Hyundai,Kona EV,39.2,452,1685,100,0,64.11,0.99,1022.68,76,81,0,2,2,9,Rain,Medium,14,69,46,18,833,82.38,8.943,111664.1,87.2,49.62,36,1,1
1/10/2024 2:00,D007,VH007,Hyundai,Kona EV,39.2,452,1685,100,0,59.38,1.23,883.42,64,102,0,2,1,18,Rain,Medium,22,70,48,18,833,82.38,8.284,111723.5,87.35,49.55,36,1,1
1/10/2024 4:00,D007,VH007,Hyundai,Kona EV,39.2,452,1685,100,1,171.71,1.93,3057.42,94,142,2,2,4,6,Rain,Low,23,68,10,27,833,82.37,22.6576,111895.2,87.64,49.43,36,1,1
1/10/2024 6:00,D007,VH007,Hyundai,Kona EV,39.2,452,1685,100,0,17.09,0.59,288.68,63,105,0,1,2,19,Clear,Medium,16,56,49,18,833,82.37,2.649,111912.3,87.7,49.39,36,1,1
1/10/2024 8:00,D007,VH007,Hyundai,Kona EV,39.2,452,1685,100,0,16.52,0.55,241.06,37,93,0,3,1,6,Fog,Low,24,58,52,18,833,82.37,2.228,111928.8,87.84,49.31,36,1,1
1/10/2024 10:00,D007,VH007,Hyundai,Kona EV,39.2,452,1685,100,0,23.54,0.5,388.37,62,93,1,2,3,7,Rain,Medium,17,65,56,18,833,82.37,3.35,111952.3,87.95,49.25,36,1,1
1/10/2024 12:00,D007,VH007,Hyundai,Kona EV,39.2,452,1685,100,1,123.42,1.31,1857.79,98,117,3,0,1,3,Clear,Medium,17,62,12,25.5,833,82.37,19.264,112075.8,88.1,49.2,36,1,1
1/10/2024 14:00,D007,VH007,Hyundai,Kona EV,39.2,452,1685,100,0,61.59,1.07,745.17,67,96,0,2,1,9,Rain,Medium,20,70,48,18,833,82.36,8.592,112137.3,88.26,49.12,36,1,1
1/10/2024 16:00,D007,VH007,Hyundai,Kona EV,39.2,452,1685,100,0,34.69,0.85,464.53,59,96,0,4,3,16,Cloudy,High,22,65,51,18,833,82.36,5.162,112172,88.46,49.01,36,1,1
1/10/2024 18:00,D007,VH007,Hyundai,Kona EV,39.2,452,1685,100,1,155.97,2.29,1829.45,69,122,2,2,3,2,Clear,Medium,15,67,10,26.5,834,82.36,22.3244,112328,88.73,48.89,36,1,1
1/10/2024 20:00,D007,VH007,Hyundai,Kona EV,39.2,452,1685,100,1,148.81,1.58,2802.32,96,125,1,2,1,2,Rain,Medium,28,53,10,27.3,834,82.35,17.6596,112476.8,88.99,48.78,36,1,0
1/10/2024 22:00,D007,VH007,Hyundai,Kona EV,39.2,452,1685,100,1,141.99,1.53,1686.33,99,132,0,4,1,6,Fog,Medium,16,43,10,18,834,82.35,14.3276,112618.8,89.33,48.62,37,1,1
1/11/2024 0:00,D007,VH007,Hyundai,Kona EV,39.2,452,1685,100,1,76.23,0.83,1135.54,94,114,3,3,3,1,Clear,Low,18,55,24,18.1,834,82.35,11.898,112695,89.54,48.51,37,1,1
1/11/2024 2:00,D007,VH007,Hyundai,Kona EV,39.2,452,1685,100,0,24.14,0.71,338.64,61,86,1,2,0,19,Rain,Medium,16,70,61,18,834,82.35,3.435,112719.2,89.65,48.45,37,1,1
1/11/2024 4:00,D007,VH007,Hyundai,Kona EV,39.2,452,1685,100,1,101.63,1.46,1919.63,74,123,2,3,1,5,Fog,Low,16,80,45,18,834,82.34,13.54,112820.8,89.89,48.34,37,1,1
1/11/2024 6:00,D007,VH007,Hyundai,Kona EV,39.2,452,1685,100,0,21.99,0.86,254.54,35,100,0,3,4,14,Fog,Medium,11,81,73,18,834,82.34,2.965,112842.8,90.04,48.25,37,1,1
1/11/2024 8:00,D007,VH007,Hyundai,Kona EV,39.2,452,1685,100,0,18.78,0.56,217.78,64,106,0,2,2,16,Clear,Medium,24,54,46,18,834,82.34,2.911,112861.6,90.14,48.19,37,1,1
1/11/2024 10:00,D007,VH007,Hyundai,Kona EV,39.2,452,1685,100,0,24.63,0.61,441.77,72,95,0,2,2,16,Rain,Low,16,78,69,18,834,82.34,3.436,112886.2,90.25,48.13,37,1,1
1/11/2024 12:00,D007,VH007,Hyundai,Kona EV,39.2,452,1685,100,1,109.28,1.49,1402.62,76,142,1,3,1,3,Clear,Medium,21,47,10,22.7,835,82.34,15.6604,112995.5,90.51,48.01,37,1,0
1/11/2024 14:00,D007,VH007,Hyundai,Kona EV,39.2,452,1685,100,0,31.48,0.73,593.02,63,105,3,1,5,14,Clear,Low,19,68,54,18,835,82.34,5.172,113027,90.59,47.98,37,1,1
1/11/2024 16:00,D007,VH007,Hyundai,Kona EV,39.2,452,1685,100,1,141.79,1.77,2759.57,83,123,3,2,1,4,Cloudy,Medium,14,66,11,23.1,835,82.33,21.246,113168.8,90.84,47.87,37,1,1
1/11/2024 18:00,D007,VH007,Hyundai,Kona EV,39.2,452,1685,100,1,96.19,1.35,1886.6,73,111,3,4,3,2,Cloudy,Medium,17,69,32,21.3,835,82.33,14.413,113264.9,91.12,47.73,37,1,1
1/11/2024 20:00,D007,VH007,Hyundai,Kona EV,39.2,452,1685,100,0,40.72,0.86,660.53,55,89,0,1,2,7,Rain,Medium,21,74,59,18,835,82.33,5.68,113305.7,91.21,47.68,37,1,1
1/11/2024 22:00,D007,VH007,Hyundai,Kona EV,39.2,452,1685,100,0,31.57,0.66,500.04,74,101,0,0,6,14,Rain,Low,22,56,44,18,835,82.33,4.404,113337.2,91.25,47.67,38,1,1
1/12/2024 0:00,D007,VH007,Hyundai,Kona EV,39.2,452,1685,100,1,169.88,2.3,2259.76,75,120,1,0,1,2,Clear,Low,23,73,10,29.6,836,82.32,24.3236,113507.1,91.45,47.6,38,1,1
1/12/2024 2:00,D007,VH007,Hyundai,Kona EV,39.2,452,1685,100,0,31.4,0.59,400.56,67,93,1,2,5,7,Rain,Medium,19,70,58,18,836,82.32,4.468,113538.5,91.57,47.54,38,1,1
1/12/2024 4:00,D007,VH007,Hyundai,Kona EV,39.2,452,1685,100,0,15.28,0.61,304.18,56,120,2,4,0,20,Clear,Medium,20,86,79,18,836,82.32,2.463,113553.8,91.75,47.43,38,1,1
1/12/2024 6:00,D007,VH007,Hyundai,Kona EV,39.2,452,1685,100,0,60.84,1.54,1121.92,51,113,1,1,0,21,Fog,Medium,17,82,60,18,836,82.32,8.368,113614.6,91.87,47.38,38,1,1
1/12/2024 8:00,D007,VH007,Hyundai,Kona EV,39.2,452,1685,100,1,66.72,0.86,796.71,84,110,2,0,2,4,Clear,Low,22,68,41,18.2,836,82.32,10.218,113681.4,91.95,47.35,38,1,1
1/12/2024 10:00,D007,VH007,Hyundai,Kona EV,39.2,452,1685,100,1,146.52,1.56,2039.76,97,124,2,2,4,3,Rain,Low,19,88,36,24.3,836,82.31,20.194,113827.9,92.21,47.24,38,1,1
1/12/2024 12:00,D007,VH007,Hyundai,Kona EV,39.2,452,1685,100,0,15.52,0.6,213.05,44,93,0,4,1,15,Clear,High,19,64,57,18,836,82.31,2.406,113843.4,92.39,47.13,38,1,1
1/12/2024 14:00,D007,VH007,Hyundai,Kona EV,39.2,452,1685,100,1,164.08,2.03,2842.69,83,115,2,1,2,3,Fog,Medium,18,55,10,21.9,836,82.31,18.326,114007.5,92.63,47.04,38,1,1
1/12/2024 16:00,D007,VH007,Hyundai,Kona EV,39.2,452,1685,100,0,16.6,0.51,314.14,57,113,2,2,2,13,Clear,Medium,19,59,52,18,836,82.31,2.676,114024.1,92.73,46.98,38,1,1
1/12/2024 18:00,D007,VH007,Hyundai,Kona EV,39.2,452,1685,100,0,44.21,0.81,670.81,72,110,2,4,1,12,Cloudy,High,19,79,61,18,836,82.31,6.842,114068.3,92.94,46.86,38,1,1
1/12/2024 20:00,D007,VH007,Hyundai,Kona EV,39.2,452,1685,100,0,44.58,0.9,742.66,78,105,2,3,2,20,Clear,Low,20,78,59,18,836,82.31,7.186,114112.9,93.12,46.77,38,1,1
1/12/2024 22:00,D007,VH007,Hyundai,Kona EV,39.2,452,1685,100,0,18.36,0.59,290.01,59,109,1,2,3,17,Fog,Low,21,67,60,18,836,82.31,2.525,114131.2,93.22,46.71,39,1,1
1/13/2024 0:00,D007,VH007,Hyundai,Kona EV,39.2,452,1685,100,0,15.23,0.35,227.04,69,98,1,2,2,8,Fog,Medium,17,43,37,18,837,82.31,2.095,114146.5,93.32,46.65,39,1,1
1/13/2024 2:00,D007,VH007,Hyundai,Kona EV,39.2,452,1685,100,0,24.3,0.61,380.61,67,94,1,4,5,15,Fog,Medium,29,67,58,18,837,82.3,3.342,114170.8,93.51,46.54,39,1,1
1/13/2024 4:00,D007,VH007,Hyundai,Kona EV,39.2,452,1685,100,1,170.44,2.03,2285.11,87,116,0,1,0,4,Rain,Medium,9,53,10,18.3,837,82.3,17.6596,114341.2,93.76,46.45,39,1,1
1/13/2024 6:00,D007,VH007,Hyundai,Kona EV,39.2,452,1685,100,1,74.72,0.93,860.86,88,121,1,1,1,5,Cloudy,Low,21,71,43,20.1,837,82.3,10.774,114415.9,93.89,46.39,39,1,1
1/13/2024 8:00,D007,VH007,Hyundai,Kona EV,39.2,452,1685,100,0,53.92,1.19,768.66,70,114,3,3,0,25,Rain,Low,14,83,62,18,837,82.3,7.973,114469.8,94.07,46.29,39,1,1
1/13/2024 10:00,D007,VH007,Hyundai,Kona EV,39.2,452,1685,100,1,75.25,1.01,1071.75,77,131,4,2,0,2,Clear,Medium,13,49,18,18,837,82.29,11.967,114545.1,94.25,46.21,39,1,0
1/13/2024 12:00,D007,VH007,Hyundai,Kona EV,39.2,452,1685,100,0,58.03,1.17,1132.6,72,91,0,4,2,22,Clear,High,22,67,44,18,837,82.29,8.995,114603.1,94.48,46.09,39,1,0
1/13/2024 14:00,D007,VH007,Hyundai,Kona EV,39.2,452,1685,100,0,19.27,0.74,272.26,62,111,2,0,4,26,Clear,Medium,16,45,37,18,837,82.29,3.106,114622.4,94.5,46.08,39,1,0
1/13/2024 16:00,D007,VH007,Hyundai,Kona EV,39.2,452,1685,100,0,21.21,0.68,338.46,56,100,0,2,5,18,Clear,Low,22,69,60,18,837,82.29,3.288,114643.6,94.61,46.02,39,1,1
1/13/2024 18:00,D007,VH007,Hyundai,Kona EV,39.2,452,1685,100,1,104.61,1.36,1827.89,80,119,2,2,2,3,Clear,Medium,25,74,33,24,837,82.29,16.02,114748.2,94.82,45.93,39,1,1
1/13/2024 20:00,D007,VH007,Hyundai,Kona EV,39.2,452,1685,100,0,9.83,0.39,171.67,61,111,0,1,1,14,Clear,Medium,22,55,51,18,837,82.29,1.524,114758,94.87,45.9,39,1,1
1/13/2024 22:00,D007,VH007,Hyundai,Kona EV,39.2,452,1685,100,1,130.86,1.92,1440.78,72,114,1,3,2,6,Clear,Medium,24,62,11,22.7,838,82.28,19.655,114888.9,95.15,45.77,40,1,1
1/14/2024 0:00,D007,VH007,Hyundai,Kona EV,39.2,452,1685,100,1,133.15,1.74,2537.67,79,114,3,0,1,3,Rain,Low,21,79,31,24.4,838,82.28,18.704,115022.1,95.31,45.71,40,1,1
1/14/2024 2:00,D007,VH007,Hyundai,Kona EV,39.2,452,1685,100,0,17.51,0.53,294.35,71,114,0,1,0,17,Fog,High,21,90,83,18,838,82.28,2.361,115039.6,95.37,45.68,40,1,1
1/14/2024 4:00,D007,VH007,Hyundai,Kona EV,39.2,452,1685,100,1,91.19,1.08,1265.81,90,124,2,5,3,4,Clear,Medium,21,48,12,18,838,82.28,13.965,115130.8,95.68,45.52,40,1,1
1/14/2024 6:00,D007,VH007,Hyundai,Kona EV,39.2,452,1685,100,1,115.15,1.24,1348.7,94,111,2,2,2,1,Clear,Medium,15,60,15,25.8,838,82.27,17.634,115245.9,95.91,45.42,40,1,1
1/14/2024 8:00,D007,VH007,Hyundai,Kona EV,39.2,452,1685,100,0,60.4,1.2,1143.73,70,95,1,6,3,20,Fog,High,14,70,48,18,838,82.27,8.308,115306.3,96.22,45.24,40,1,1
1/14/2024 10:00,D007,VH007,Hyundai,Kona EV,39.2,452,1685,100,0,29.35,0.7,298.84,65,87,2,2,5,15,Clear,Medium,19,67,54,18,838,82.27,4.731,115335.6,96.33,45.18,40,1,1
1/14/2024 12:00,D007,VH007,Hyundai,Kona EV,39.2,452,1685,100,0,23.77,0.55,426.33,75,97,0,0,1,14,Rain,Low,21,86,77,18,839,82.27,3.316,115359.4,96.36,45.17,40,1,1
1/14/2024 14:00,D007,VH007,Hyundai,Kona EV,39.2,452,1685,100,1,113.94,1.3,2032.91,90,140,1,2,3,2,Clear,Medium,25,70,26,22.8,839,82.27,17.113,115473.4,96.58,45.07,40,1,1
1/14/2024 16:00,D007,VH007,Hyundai,Kona EV,39.2,452,1685,100,0,23.74,0.85,288.85,64,108,4,0,4,29,Fog,Low,8,74,65,18,839,82.26,3.457,115497.1,96.61,45.06,40,1,1
1/14/2024 18:00,D007,VH007,Hyundai,Kona EV,39.2,452,1685,100,0,63.27,1.58,680.94,52,87,0,3,5,22,Fog,High,21,86,64,18.4,839,82.26,8.532,115560.4,96.81,44.96,40,1,0
1/14/2024 20:00,D007,VH007,Hyundai,Kona EV,39.2,452,1685,100,1,75.54,0.88,1112.23,95,115,2,1,2,5,Rain,Low,13,74,47,18,839,82.26,10.411,115635.9,96.94,44.9,40,1,0
1/14/2024 22:00,D007,VH007,Hyundai,Kona EV,39.2,452,1685,100,0,54.26,0.95,592.81,65,81,0,3,1,7,Clear,Low,16,50,28,18,839,82.26,8.41,115690.2,97.13,44.81,41,1,0
1/15/2024 0:00,D007,VH007,Hyundai,Kona EV,39.2,452,1685,100,0,54.14,1.1,964.83,61,101,0,4,0,13,Clear,Medium,17,72,50,18,839,82.26,8.392,115744.3,97.36,44.68,41,1,0
1/15/2024 2:00,D007,VH007,Hyundai,Kona EV,39.2,452,1685,100,0,48.55,0.97,577.58,67,118,1,4,3,15,Cloudy,High,17,68,49,18,839,82.26,7.369,115792.9,97.58,44.56,41,1,0
1/15/2024 4:00,D007,VH007,Hyundai,Kona EV,39.2,452,1685,100,0,27.47,0.57,333.26,65,115,2,2,1,9,Clear,High,17,57,45,18,839,82.25,4.428,115820.3,97.69,44.5,41,1,0
1/15/2024 6:00,D007,VH007,Hyundai,Kona EV,39.2,452,1685,100,0,19.56,0.57,236.67,69,95,2,2,1,17,Rain,High,24,89,81,18,839,82.25,2.838,115839.9,97.79,44.44,41,1,0
1/15/2024 8:00,D007,VH007,Hyundai,Kona EV,39.2,452,1685,100,0,55.67,1,942.02,64,116,1,4,2,8,Clear,Low,17,56,33,18,839,82.25,8.801,115895.6,98.02,44.32,41,1,1
1/15/2024 10:00,D007,VH007,Hyundai,Kona EV,39.2,452,1685,100,0,28.61,0.81,442.24,58,96,0,1,0,19,Rain,High,16,84,73,18,839,82.25,3.991,115924.2,98.1,44.28,41,1,0
1/15/2024 12:00,D007,VH007,Hyundai,Kona EV,39.2,452,1685,100,0,21.91,0.84,250.44,36,108,2,0,2,14,Clear,Low,21,63,53,18,840,82.25,3.532,115946.1,98.12,44.27,41,1,1
1/15/2024 14:00,D007,VH007,Hyundai,Kona EV,39.2,452,1685,100,0,62.2,1.24,893.65,62,120,1,6,4,14,Rain,High,17,66,43,18,840,82.25,8.85,116008.3,98.44,44.1,41,1,1
1/15/2024 16:00,D007,VH007,Hyundai,Kona EV,39.2,452,1685,100,0,59.92,1.19,1111.72,66,102,0,0,3,17,Clear,High,15,70,46,18,840,82.25,9.288,116068.2,98.51,44.07,41,1,1
1/15/2024 18:00,D007,VH007,Hyundai,Kona EV,39.2,452,1685,100,1,168.17,1.86,2438.18,93,123,4,4,3,3,Cloudy,Medium,17,72,10,29.4,840,82.24,23.9904,116236.4,98.88,43.9,41,1,0
1/15/2024 20:00,D007,VH007,Hyundai,Kona EV,39.2,452,1685,100,1,56.68,0.72,989.02,84,135,2,3,2,3,Rain,Medium,20,73,53,18,840,82.24,7.812,116293,99.07,43.8,41,1,0
1/15/2024 22:00,D007,VH007,Hyundai,Kona EV,39.2,452,1685,100,0,18.07,0.63,225.73,65,114,6,0,1,21,Fog,Medium,15,77,70,18,840,82.24,2.729,116311.1,99.09,43.8,42,1,0
1/16/2024 0:00,D007,VH007,Hyundai,Kona EV,39.2,452,1685,100,1,77.39,0.92,1200.87,87,142,0,0,2,2,Rain,Low,12,79,52,18,840,82.24,10.256,116388.5,99.18,43.76,42,1,1
1/16/2024 2:00,D007,VH007,Hyundai,Kona EV,39.2,452,1685,100,0,41.06,0.89,630.13,68,100,0,2,1,17,Clear,Medium,15,93,76,18,840,82.24,6.364,116429.6,99.31,43.7,42,1,0
1/16/2024 4:00,D007,VH007,Hyundai,Kona EV,39.2,452,1685,100,1,122.61,1.7,1551.81,75,137,3,1,1,4,Clear,Low,21,61,12,27.6,841,82.23,19.138,116552.2,99.51,43.62,42,1,0
1/16/2024 6:00,D007,VH007,Hyundai,Kona EV,39.2,452,1685,100,1,157.85,1.73,2364.87,96,126,2,2,5,5,Rain,Medium,18,45,10,18,841,82.23,14.994,116710,99.78,43.5,42,1,0
1/16/2024 8:00,D007,VH007,Hyundai,Kona EV,39.2,452,1685,100,0,54.79,1.07,599.41,71,105,1,2,3,18,Clear,Low,14,62,39,18,841,82.23,8.662,116764.8,99.93,43.43,42,1,0
1/16/2024 10:00,D007,VH007,Hyundai,Kona EV,39.2,452,1685,100,0,30.56,0.74,539.96,69,77,0,1,5,18,Clear,Medium,21,71,58,18,841,82.23,4.737,116795.4,100,43.39,42,1,0
1/16/2024 12:00,D007,VH007,Hyundai,Kona EV,39.2,452,1685,100,1,110.64,1.13,1671.54,102,130,1,0,2,3,Cloudy,Low,19,87,46,19.3,841,82.22,15.953,116906,100,43.35,42,1,0
1/16/2024 14:00,D007,VH007,Hyundai,Kona EV,39.2,452,1685,100,0,42.63,1,578.72,67,123,2,0,1,22,Rain,High,18,45,29,18,841,82.22,6.185,116948.6,100,43.33,42,1,1
1/16/2024 16:00,D007,VH007,Hyundai,Kona EV,39.2,452,1685,100,0,40.16,0.78,528.17,58,89,0,2,3,5,Rain,High,22,80,65,18,841,82.22,5.602,116988.8,100,43.26,42,1,0
1/16/2024 18:00,D007,VH007,Hyundai,Kona EV,39.2,452,1685,100,0,42.91,0.85,483.06,63,78,2,7,1,10,Rain,High,19,75,59,18,841,82.22,6.225,117031.7,100,43.07,42,1,0
1/16/2024 20:00,D007,VH007,Hyundai,Kona EV,39.2,452,1685,100,0,47.03,1.13,660.38,58,119,1,1,4,19,Rain,Medium,22,62,44,18,841,82.22,6.692,117078.8,100,43.02,42,1,0
1/16/2024 22:00,D007,VH007,Hyundai,Kona EV,39.2,452,1685,100,0,32.46,0.63,576.94,86,91,0,1,4,15,Clear,High,24,71,58,18,841,82.22,5.031,117111.2,100,42.98,43,1,0
1/17/2024 0:00,D007,VH007,Hyundai,Kona EV,39.2,452,1685,100,0,57.03,1.21,972.23,54,103,2,4,1,9,Clear,Medium,28,83,59,18,841,82.21,9.193,117168.2,100,42.86,43,1,0
1/17/2024 2:00,D007,VH007,Hyundai,Kona EV,39.2,452,1685,100,0,31.25,0.83,578.82,55,96,0,2,4,16,Cloudy,High,14,71,59,18,842,82.21,4.65,117199.5,100,42.8,43,1,0
1/17/2024 4:00,D007,VH007,Hyundai,Kona EV,39.2,452,1685,100,0,16.62,0.62,206.45,57,96,2,6,2,20,Fog,Medium,15,66,60,18,842,82.21,2.331,117216.1,100,42.64,43,1,0
1/17/2024 6:00,D007,VH007,Hyundai,Kona EV,39.2,452,1685,100,0,21.94,0.63,272.58,46,113,0,2,1,9,Fog,Medium,20,69,61,18,842,82.21,2.959,117238.1,100,42.58,43,1,0
1/17/2024 8:00,D007,VH007,Hyundai,Kona EV,39.2,452,1685,100,0,15.15,0.6,247.06,69,103,1,0,2,23,Clear,Medium,26,60,53,18,842,82.21,2.395,117253.2,100,42.58,43,1,0
1/17/2024 10:00,D007,VH007,Hyundai,Kona EV,39.2,452,1685,100,0,14.3,0.49,263.67,56,90,0,0,3,14,Clear,Medium,22,74,68,18,842,82.21,2.216,117267.5,100,42.57,43,1,1
1/17/2024 12:00,D007,VH007,Hyundai,Kona EV,39.2,452,1685,100,0,61.09,1.01,714.24,74,94,0,4,2,11,Cloudy,Low,20,72,48,18,842,82.21,9.09,117328.6,100,42.44,43,1,1
1/17/2024 14:00,D007,VH007,Hyundai,Kona EV,39.2,452,1685,100,0,25.43,0.6,470.26,45,105,2,2,1,2,Clear,High,17,84,73,18,842,82.21,4.099,117354,100,42.38,43,1,0
1/17/2024 16:00,D007,VH007,Hyundai,Kona EV,39.2,452,1685,100,0,29.56,0.84,534.99,53,106,0,4,1,17,Rain,High,12,66,55,18,842,82.21,4.124,117383.6,100,42.27,43,1,0
1/17/2024 18:00,D007,VH007,Hyundai,Kona EV,39.2,452,1685,100,0,29.1,0.8,316.32,63,115,1,1,0,20,Clear,Low,15,75,63,18,842,82.21,4.601,117412.7,100,42.23,43,1,0
1/17/2024 20:00,D007,VH007,Hyundai,Kona EV,39.2,452,1685,100,0,10.91,0.39,114.02,64,112,2,1,2,13,Fog,Medium,24,58,54,18,842,82.21,1.53,117423.6,100,42.2,43,1,0
1/17/2024 22:00,D007,VH007,Hyundai,Kona EV,39.2,452,1685,100,1,153.16,1.77,1786.53,91,102,2,3,4,5,Rain,Medium,17,73,19,26.8,842,82.2,21.109,117576.8,100,42.06,44,1,0
1/18/2024 0:00,D007,VH007,Hyundai,Kona EV,39.2,452,1685,100,0,56.13,1.07,1031.75,66,105,1,1,2,13,Cloudy,Medium,23,67,45,18.7,842,82.2,8.519,117632.9,100,42.02,44,1,0
1/18/2024 2:00,D007,VH007,Hyundai,Kona EV,39.2,452,1685,100,0,40.55,1,598.57,52,105,2,1,2,13,Clear,Medium,15,73,56,18,842,82.2,6.537,117673.4,100,41.97,44,1,1
1/18/2024 4:00,D007,VH007,Hyundai,Kona EV,39.2,452,1685,100,0,36.74,0.73,436.73,72,95,0,1,3,13,Clear,Medium,22,75,60,18,842,82.2,5.695,117710.2,100,41.93,44,1,1
1/18/2024 6:00,D007,VH007,Hyundai,Kona EV,39.2,452,1685,100,1,60.25,0.86,1096.41,78,127,1,2,1,5,Rain,Medium,21,90,69,18,842,82.2,8.144,117770.4,100,41.86,44,1,1
1/18/2024 8:00,D007,VH007,Hyundai,Kona EV,39.2,452,1685,100,0,52.93,1.11,678.29,67,116,1,0,3,19,Clear,Medium,18,56,34,18,843,82.19,8.368,117823.4,100,41.84,44,1,1
1/18/2024 10:00,D007,VH007,Hyundai,Kona EV,39.2,452,1685,100,1,59.31,0.82,613.36,81,144,0,0,2,5,Cloudy,Low,14,67,45,18,843,82.19,8.384,117882.7,100,41.81,44,1,0
1/18/2024 12:00,D007,VH007,Hyundai,Kona EV,39.2,452,1685,100,1,63.34,0.76,1017.25,93,119,1,2,1,5,Rain,Low,24,70,48,18,843,82.19,8.562,117946,100,41.73,44,1,0
1/18/2024 14:00,D007,VH007,Hyundai,Kona EV,39.2,452,1685,100,0,26.93,0.43,512.04,78,96,0,0,0,5,Clear,Medium,19,86,75,18,843,82.19,4.174,117972.9,100,41.72,44,1,0
1/18/2024 16:00,D007,VH007,Hyundai,Kona EV,39.2,452,1685,100,0,56.2,1.16,810.25,67,116,1,1,4,19,Clear,Low,24,56,33,18,843,82.19,8.885,118029.1,100,41.67,44,1,1
1/18/2024 18:00,D007,VH007,Hyundai,Kona EV,39.2,452,1685,100,0,22.48,0.6,299.58,71,97,0,1,1,17,Clear,Medium,14,66,57,18,843,82.19,3.484,118051.6,100,41.64,44,1,1
1/18/2024 20:00,D007,VH007,Hyundai,Kona EV,39.2,452,1685,100,0,59.3,1.17,660.08,60,116,3,5,2,11,Rain,High,15,74,51,18,843,82.19,8.769,118110.9,100,41.49,44,1,0
1/18/2024 22:00,D007,VH007,Hyundai,Kona EV,39.2,452,1685,100,1,111.15,1.41,1530.29,83,125,1,2,5,4,Rain,Low,13,58,19,20.8,843,82.18,15.025,118222.1,100,41.39,45,1,0
1/19/2024 0:00,D007,VH007,Hyundai,Kona EV,39.2,452,1685,100,1,76.09,0.9,1043.73,90,145,2,3,0,3,Cloudy,Medium,25,87,58,20.5,843,82.18,11.186,118298.1,100,41.29,45,1,0
1/19/2024 2:00,D007,VH007,Hyundai,Kona EV,39.2,452,1685,100,0,34.33,0.84,582.43,60,104,1,1,1,16,Clear,Medium,19,82,68,18,843,82.18,5.428,118332.5,100,41.25,45,1,0
1/19/2024 4:00,D007,VH007,Hyundai,Kona EV,39.2,452,1685,100,0,57.57,1.41,1016.36,52,90,0,3,1,18,Fog,High,18,52,32,18,844,82.18,7.763,118390,100,41.15,45,1,0
1/19/2024 6:00,D007,VH007,Hyundai,Kona EV,39.2,452,1685,100,0,32.68,1.18,625.54,44,93,0,3,2,26,Rain,High,17,69,57,18,844,82.18,4.559,118422.7,100,41.06,45,1,0
1/19/2024 8:00,D007,VH007,Hyundai,Kona EV,39.2,452,1685,100,0,40.59,1.76,694.59,25,102,0,2,2,8,Cloudy,Medium,14,68,52,18,844,82.17,6.04,118463.3,100,40.99,45,1,1
1/19/2024 10:00,D007,VH007,Hyundai,Kona EV,39.2,452,1685,100,0,11.78,0.38,179.2,83,88,0,2,4,14,Rain,Medium,20,71,66,18,844,82.17,1.643,118475.1,100,40.94,45,1,1
1/19/2024 12:00,D007,VH007,Hyundai,Kona EV,39.2,452,1685,100,0,39.98,0.85,769.32,65,88,1,1,2,14,Clear,Low,14,80,63,18,844,82.17,6.321,118515.1,100,40.9,45,1,0
1/19/2024 14:00,D007,VH007,Hyundai,Kona EV,39.2,452,1685,100,0,9.96,0.49,153.85,45,126,0,1,1,16,Clear,Medium,15,80,76,18,844,82.17,1.544,118525,100,40.87,45,1,1
1/19/2024 16:00,D007,VH007,Hyundai,Kona EV,39.2,452,1685,100,0,37.88,1.05,673.64,53,101,1,4,1,20,Rain,High,22,59,45,18,844,82.17,5.39,118562.9,100,40.75,45,1,0
1/19/2024 18:00,D007,VH007,Hyundai,Kona EV,39.2,452,1685,100,1,87.68,1.06,1378.55,88,116,2,6,2,4,Clear,Low,21,64,29,19.9,844,82.17,13.427,118650.6,100,40.56,45,1,0
1/19/2024 20:00,D007,VH007,Hyundai,Kona EV,39.2,452,1685,100,0,44.59,1.39,576.08,46,103,0,0,1,25,Clear,Medium,17,72,54,18,844,82.17,6.911,118695.2,100,40.54,45,1,0
1/19/2024 22:00,D007,VH007,Hyundai,Kona EV,39.2,452,1685,100,0,37.21,0.92,640.26,54,99,1,5,3,14,Fog,High,16,44,30,18,844,82.17,5.118,118732.4,100,40.4,46,1,0
1/20/2024 0:00,D007,VH007,Hyundai,Kona EV,39.2,452,1685,100,1,113.54,1.29,1355.55,90,115,1,1,0,2,Clear,Medium,20,58,14,21.5,844,82.16,17.053,118845.9,100,40.33,46,1,0
1/20/2024 2:00,D007,VH007,Hyundai,Kona EV,39.2,452,1685,100,0,18.57,0.69,219.44,57,89,0,1,1,22,Clear,Low,21,70,62,18,844,82.16,2.878,118864.5,100,40.3,46,1,1
1/20/2024 4:00,D007,VH007,Hyundai,Kona EV,39.2,452,1685,100,1,139.35,1.46,2267.83,99,144,2,3,3,3,Cloudy,Medium,19,73,20,29.8,845,82.16,20.486,119003.9,100,40.16,46,1,0
1/20/2024 6:00,D007,VH007,Hyundai,Kona EV,39.2,452,1685,100,0,52.11,1.08,842.12,63,98,0,1,2,15,Clear,Medium,14,69,48,18,845,82.16,8.077,119056,100,40.12,46,1,0
1/20/2024 8:00,D007,VH007,Hyundai,Kona EV,39.2,452,1685,100,0,9.35,0.2,161.94,61,107,2,2,2,3,Clear,Medium,22,74,70,18,845,82.16,1.507,119065.3,100,40.06,46,1,0
1/20/2024 10:00,D007,VH007,Hyundai,Kona EV,39.2,452,1685,100,0,37.1,0.95,616.46,80,96,0,4,7,29,Rain,Medium,17,71,57,18,845,82.15,5.175,119102.4,100,39.95,46,1,0
1/20/2024 12:00,D007,VH007,Hyundai,Kona EV,39.2,452,1685,100,0,64.34,1.55,1230.97,57,115,8,2,1,25,Rain,Medium,23,86,59,18.1,845,82.15,10.411,119166.8,100,39.87,46,1,0
1/20/2024 14:00,D007,VH007,Hyundai,Kona EV,39.2,452,1685,100,0,27.4,0.66,490.61,59,78,0,1,1,12,Clear,Low,25,45,34,18,845,82.15,4.247,119194.2,100,39.83,46,1,1
1/20/2024 16:00,D007,VH007,Hyundai,Kona EV,39.2,452,1685,100,0,23.79,0.75,240.85,65,94,0,1,2,23,Cloudy,Medium,16,57,47,18,845,82.15,3.54,119217.9,100,39.8,46,1,1
1/20/2024 18:00,D007,VH007,Hyundai,Kona EV,39.2,452,1685,100,1,125.57,1.63,1923.98,78,122,1,4,2,1,Clear,Low,22,64,15,25.4,845,82.15,18.86,119343.5,100,39.65,46,1,0
1/20/2024 20:00,D007,VH007,Hyundai,Kona EV,39.2,452,1685,100,1,174.51,2.07,2907.02,88,110,2,2,2,5,Clear,Medium,17,61,10,24.2,845,82.14,20.3252,119518,100,39.52,46,1,0
1/20/2024 22:00,D007,VH007,Hyundai,Kona EV,39.2,452,1685,100,0,43.18,1.27,762.35,47,115,2,4,0,21,Clear,High,25,60,42,18,845,82.14,6.961,119561.2,100,39.41,47,1,0
1/21/2024 0:00,D007,VH007,Hyundai,Kona EV,39.2,452,1685,100,1,64.39,0.73,1020.96,102,127,2,3,2,6,Rain,Low,21,56,33,18,846,82.14,8.875,119625.6,100,39.3,47,1,0
1/21/2024 2:00,D007,VH007,Hyundai,Kona EV,39.2,452,1685,100,0,34.77,0.82,674.04,74,91,0,1,1,21,Clear,Medium,21,83,69,18,846,82.14,5.389,119660.4,100,39.26,47,1,0
1/21/2024 4:00,D007,VH007,Hyundai,Kona EV,39.2,452,1685,100,0,11.05,0.37,195.79,71,113,0,1,2,13,Fog,Medium,10,74,70,18,846,82.14,1.49,119671.4,100,39.23,47,1,0
1/21/2024 6:00,D007,VH007,Hyundai,Kona EV,39.2,452,1685,100,1,66.87,0.96,967.28,78,123,2,4,2,6,Fog,Medium,16,56,33,18,846,82.14,8.909,119738.3,100,39.11,47,1,1
1/21/2024 8:00,D007,VH007,Hyundai,Kona EV,39.2,452,1685,100,0,15.37,0.64,251.68,65,103,0,2,2,24,Rain,Medium,20,57,51,18,846,82.14,2.144,119753.7,100,39.05,47,1,1
1/21/2024 10:00,D007,VH007,Hyundai,Kona EV,39.2,452,1685,100,1,118.39,1.24,1999.66,97,114,0,1,3,1,Clear,Medium,20,91,46,22.4,846,82.13,17.433,119872,100,38.98,47,1,1
1/21/2024 12:00,D007,VH007,Hyundai,Kona EV,39.2,452,1685,100,1,87.5,1.03,897.58,89,115,1,3,2,3,Clear,Medium,20,66,32,20.1,846,82.13,13.142,119959.5,100,38.86,47,1,1
1/21/2024 14:00,D007,VH007,Hyundai,Kona EV,39.2,452,1685,100,0,14.3,0.71,272.96,63,109,1,1,1,29,Clear,Medium,16,71,65,18,846,82.13,2.261,119973.8,100,38.83,47,1,0
1/21/2024 16:00,D007,VH007,Hyundai,Kona EV,39.2,452,1685,100,0,58,1.48,1091.3,52,93,0,1,0,22,Fog,Low,21,81,61,18,846,82.13,7.821,120031.8,100,38.78,47,1,0
1/21/2024 18:00,D007,VH007,Hyundai,Kona EV,39.2,452,1685,100,0,18.04,0.49,196,67,135,1,1,4,13,Rain,Low,16,76,69,18,846,82.13,2.567,120049.9,100,38.75,47,1,0
1/21/2024 20:00,D007,VH007,Hyundai,Kona EV,39.2,452,1685,100,1,117.03,1.27,2130.05,95,100,0,3,2,2,Rain,Medium,23,59,19,18,846,82.12,15.509,120166.9,100,38.63,47,1,0
1/21/2024 22:00,D007,VH007,Hyundai,Kona EV,39.2,452,1685,100,1,53.86,0.55,594.07,111,139,1,3,2,4,Fog,Medium,20,77,59,18,847,82.12,7.038,120220.8,100,38.53,48,1,1
1/22/2024 0:00,D007,VH007,Hyundai,Kona EV,39.2,452,1685,100,0,31.07,0.98,504.04,60,88,2,2,1,28,Fog,High,15,76,64,18,847,82.12,4.357,120251.8,100,38.47,48,1,0
1/22/2024 2:00,D007,VH007,Hyundai,Kona EV,39.2,452,1685,100,0,9.52,0.63,133,67,96,0,1,2,29,Fog,Low,20,66,62,18,847,82.12,1.284,120261.4,100,38.44,48,1,0
1/22/2024 4:00,D007,VH007,Hyundai,Kona EV,39.2,452,1685,100,0,28.45,0.81,566.67,49,119,4,2,0,14,Rain,Medium,22,70,59,18,847,82.12,4.286,120289.8,100,38.37,48,1,0
1/22/2024 6:00,D007,VH007,Hyundai,Kona EV,39.2,452,1685,100,0,23.51,0.67,419.55,78,109,3,3,2,22,Clear,Medium,20,53,43,18,847,82.12,3.863,120313.3,100,38.29,48,1,0
1/22/2024 8:00,D007,VH007,Hyundai,Kona EV,39.2,452,1685,100,0,14.97,0.55,151.88,56,86,0,5,0,17,Clear,Medium,14,69,63,18,847,82.12,2.32,120328.3,100,38.16,48,1,1
1/22/2024 10:00,D007,VH007,Hyundai,Kona EV,39.2,452,1685,100,1,75.37,1.11,1416.41,69,146,2,5,3,1,Clear,Medium,19,71,41,18,847,82.12,11.542,120403.7,100,38,48,1,0
1/22/2024 12:00,D007,VH007,Hyundai,Kona EV,39.2,452,1685,100,0,19.19,0.37,227.9,68,102,1,2,1,5,Cloudy,Medium,19,74,66,18,847,82.12,2.913,120422.9,100,37.94,48,1,0
1/22/2024 14:00,D007,VH007,Hyundai,Kona EV,39.2,452,1685,100,0,44.33,1.15,463.31,58,115,0,1,1,23,Clear,Low,22,54,36,18,847,82.11,6.871,120467.2,100,37.9,48,1,0
1/22/2024 16:00,D007,VH007,Hyundai,Kona EV,39.2,452,1685,100,1,82.28,0.88,1296.81,99,140,0,0,1,3,Clear,Low,24,49,18,18,847,82.11,12.116,120549.5,100,37.87,48,1,1
1/22/2024 18:00,D007,VH007,Hyundai,Kona EV,39.2,452,1685,100,0,38.91,1.18,688.77,46,87,0,5,1,20,Clear,High,23,70,54,18,847,82.11,6.031,120588.4,100,37.72,48,1,0
1/22/2024 20:00,D007,VH007,Hyundai,Kona EV,39.2,452,1685,100,0,56.32,1.19,1104.61,74,84,0,1,3,26,Clear,Medium,23,77,54,18.9,847,82.11,8.73,120644.7,100,37.68,48,1,0
1/22/2024 22:00,D007,VH007,Hyundai,Kona EV,39.2,452,1685,100,0,51.67,1.46,731.68,46,122,2,1,2,20,Rain,Low,24,68,48,18,847,82.11,7.496,120696.4,100,37.63,49,1,0
1/23/2024 0:00,D007,VH007,Hyundai,Kona EV,39.2,452,1685,100,1,90.81,1.02,1278,97,128,2,2,3,5,Rain,Medium,21,62,30,18.1,848,82.1,12.516,120787.2,100,37.54,49,1,0
1/23/2024 2:00,D007,VH007,Hyundai,Kona EV,39.2,452,1685,100,0,44.05,0.95,774.2,70,115,0,2,0,19,Rain,Medium,26,89,73,18,848,82.1,6.145,120831.2,100,37.47,49,1,0
1/23/2024 4:00,D007,VH007,Hyundai,Kona EV,39.2,452,1685,100,0,10.13,0.44,139.74,75,107,4,0,3,18,Fog,High,22,55,51,18,848,82.1,1.475,120841.4,100,37.47,49,1,1
1/23/2024 6:00,D007,VH007,Hyundai,Kona EV,39.2,452,1685,100,0,54.96,1.28,703.31,57,91,2,5,3,19,Clear,Low,23,73,50,18.2,848,82.1,8.86,120896.3,100,37.32,49,1,0
1/23/2024 8:00,D007,VH007,Hyundai,Kona EV,39.2,452,1685,100,1,72.03,0.93,1148.89,82,119,0,1,1,3,Clear,Low,17,58,30,18,848,82.1,10.606,120968.3,100,37.26,49,1,0
1/23/2024 10:00,D007,VH007,Hyundai,Kona EV,39.2,452,1685,100,0,64.62,1.3,1179.72,59,111,1,1,2,12,Rain,High,19,63,39,18,848,82.1,9.195,121033,100,37.21,49,1,0
1/23/2024 12:00,D007,VH007,Hyundai,Kona EV,39.2,452,1685,100,1,76.54,0.8,844.57,100,134,2,2,0,2,Fog,Medium,14,69,42,18,848,82.09,10.198,121109.5,100,37.13,49,1,1
1/23/2024 14:00,D007,VH007,Hyundai,Kona EV,39.2,452,1685,100,0,15.59,0.53,195.32,47,118,1,2,1,12,Rain,Medium,20,85,79,18,848,82.09,2.218,121125.1,100,37.07,49,1,0
1/23/2024 16:00,D007,VH007,Hyundai,Kona EV,39.2,452,1685,100,0,15.94,0.22,258.74,77,97,0,4,2,1,Clear,Medium,22,75,68,18,848,82.09,2.471,121141,100,36.97,49,1,0
1/23/2024 18:00,D007,VH007,Hyundai,Kona EV,39.2,452,1685,100,1,123.33,1.4,1402.95,94,116,1,2,2,5,Rain,Medium,16,50,10,23.4,848,82.09,16.66,121264.4,100,36.87,49,1,0
1/23/2024 20:00,D007,VH007,Hyundai,Kona EV,39.2,452,1685,100,1,59.83,0.7,876.85,87,130,1,0,3,1,Clear,Low,26,63,40,18,848,82.09,8.986,121324.2,100,36.84,49,1,0
1/23/2024 22:00,D007,VH007,Hyundai,Kona EV,39.2,452,1685,100,0,21.47,0.49,221.68,80,102,2,1,1,13,Clear,Medium,21,86,77,18,848,82.09,3.461,121345.7,100,36.81,50,1,1
1/24/2024 0:00,D007,VH007,Hyundai,Kona EV,39.2,452,1685,100,0,42.93,1.18,574.68,46,110,1,1,5,15,Fog,Low,23,66,50,18,848,82.09,5.905,121388.6,100,36.76,50,1,0
1/24/2024 2:00,D007,VH007,Hyundai,Kona EV,39.2,452,1685,100,0,28.44,0.98,480.94,66,108,2,2,4,33,Clear,Medium,21,84,72,18,849,82.09,4.585,121417,100,36.7,50,1,0
1/24/2024 4:00,D007,VH007,Hyundai,Kona EV,39.2,452,1685,100,0,9.89,0.36,125.36,51,118,2,0,0,10,Rain,Low,27,64,60,18,849,82.08,1.435,121426.9,100,36.7,50,1,0
1/24/2024 6:00,D007,VH007,Hyundai,Kona EV,39.2,452,1685,100,0,41.53,0.72,759.75,67,98,0,3,2,6,Rain,Medium,24,60,45,18,849,82.08,5.793,121468.5,100,36.6,50,1,0
1/24/2024 8:00,D007,VH007,Hyundai,Kona EV,39.2,452,1685,100,1,140.26,1.71,2258.23,82,131,1,5,2,0,Cloudy,Medium,21,78,26,26.9,849,82.08,20.224,121608.7,100,36.42,50,1,0
1/24/2024 10:00,D007,VH007,Hyundai,Kona EV,39.2,452,1685,100,0,64.28,1.09,1233.32,75,111,4,5,3,14,Rain,Medium,24,73,48,20.8,849,82.08,9.684,121673,100,36.27,50,1,0
1/24/2024 12:00,D007,VH007,Hyundai,Kona EV,39.2,452,1685,100,1,135.15,1.62,2466.7,88,117,1,1,1,5,Clear,Medium,17,41,10,19.7,849,82.07,13.6612,121808.1,100,36.19,50,1,1
1/24/2024 14:00,D007,VH007,Hyundai,Kona EV,39.2,452,1685,100,0,32.27,0.84,357.19,56,125,1,2,2,16,Clear,High,22,64,50,18,849,82.07,5.102,121840.4,100,36.12,50,1,0
1/24/2024 16:00,D007,VH007,Hyundai,Kona EV,39.2,452,1685,100,0,39.05,0.76,671.31,66,119,2,1,2,10,Clear,Low,12,65,48,18,849,82.07,6.295,121879.5,100,36.08,50,1,0
1/24/2024 18:00,D007,VH007,Hyundai,Kona EV,39.2,452,1685,100,1,120.63,1.52,1725.77,85,128,0,1,3,6,Clear,Medium,22,64,18,27.5,849,82.07,17.763,122000.1,100,36.01,50,1,0
1/24/2024 20:00,D007,VH007,Hyundai,Kona EV,39.2,452,1685,100,0,57.19,1.01,656.65,68,100,0,0,8,10,Cloudy,Medium,16,54,32,18,850,82.07,8.51,122057.3,100,35.98,50,1,0
1/24/2024 22:00,D007,VH007,Hyundai,Kona EV,39.2,452,1685,100,0,18.19,0.38,248.71,78,98,1,0,0,9,Clear,Low,21,82,74,18,850,82.07,2.876,122075.5,100,35.97,51,1,0
1/25/2024 0:00,D007,VH007,Hyundai,Kona EV,39.2,452,1685,100,1,83.24,1.07,1489.53,83,125,2,4,1,4,Rain,Medium,17,65,35,18,850,82.06,11.473,122158.7,100,35.84,51,1,0
1/25/2024 2:00,D007,VH007,Hyundai,Kona EV,39.2,452,1685,100,0,44.25,0.69,493.82,88,113,0,2,2,11,Cloudy,Medium,16,67,50,18,850,82.06,6.584,122203,100,35.77,51,1,1
1/25/2024 4:00,D007,VH007,Hyundai,Kona EV,39.2,452,1685,100,1,114.05,1.15,1896.97,104,109,1,1,2,3,Clear,Low,17,67,23,23.8,850,82.06,17.13,122317,100,35.7,51,1,0
1/25/2024 6:00,D007,VH007,Hyundai,Kona EV,39.2,452,1685,100,0,32.33,0.68,571.87,75,103,1,3,1,15,Clear,High,15,61,47,18,850,82.06,5.111,122349.3,100,35.61,51,1,0
1/25/2024 8:00,D007,VH007,Hyundai,Kona EV,39.2,452,1685,100,0,29.06,0.9,433.98,51,78,1,2,5,20,Rain,Medium,16,56,45,18,850,82.06,4.135,122378.4,100,35.55,51,1,0
1/25/2024 10:00,D007,VH007,Hyundai,Kona EV,39.2,452,1685,100,1,110.22,1.11,1244.71,104,150,1,2,1,3,Rain,Medium,17,65,26,22.8,850,82.05,14.899,122488.6,100,35.45,51,1,0
1/25/2024 12:00,D007,VH007,Hyundai,Kona EV,39.2,452,1685,100,0,26.36,0.91,422.84,50,104,1,4,2,23,Clear,Medium,16,91,80,18,850,82.05,4.168,122515,100,35.34,51,1,0
1/25/2024 14:00,D007,VH007,Hyundai,Kona EV,39.2,452,1685,100,0,22.92,0.77,346.67,65,99,0,2,0,25,Cloudy,Low,24,55,46,18,850,82.05,3.41,122537.9,100,35.28,51,1,0
1/25/2024 16:00,D007,VH007,Hyundai,Kona EV,39.2,452,1685,100,1,57.86,0.67,975.84,94,133,1,1,3,3,Cloudy,Low,19,68,46,18,850,82.05,8.343,122595.8,100,35.23,51,1,0
1/25/2024 18:00,D007,VH007,Hyundai,Kona EV,39.2,452,1685,100,0,38.81,1.24,662.04,43,115,0,1,3,20,Fog,High,18,92,78,18,851,82.05,5.234,122634.6,100,35.19,51,1,0
1/25/2024 20:00,D007,VH007,Hyundai,Kona EV,39.2,452,1685,100,0,57.83,1.5,871.21,49,114,2,3,3,19,Clear,High,14,70,46,18,851,82.05,9.322,122692.4,100,35.09,51,1,1
1/25/2024 22:00,D007,VH007,Hyundai,Kona EV,39.2,452,1685,100,0,45.64,1.24,590.12,60,99,0,3,0,29,Clear,High,27,61,42,18,851,82.05,7.074,122738,100,35,52,1,0
1/26/2024 0:00,D007,VH007,Hyundai,Kona EV,39.2,452,1685,100,1,175.92,1.81,2095.27,102,114,1,1,3,5,Rain,Low,13,59,10,22.2,851,82.04,19.6588,122914,100,34.9,52,1,0
1/26/2024 2:00,D007,VH007,Hyundai,Kona EV,39.2,452,1685,100,0,10.07,0.37,158.14,65,105,1,0,4,13,Clear,High,22,74,69,18,851,82.04,1.592,122924,100,34.89,52,1,0
1/26/2024 4:00,D007,VH007,Hyundai,Kona EV,39.2,452,1685,100,1,166.05,2.2,1775.27,78,120,2,1,3,4,Rain,Medium,18,78,19,25.2,851,82.04,22.886,123090.1,100,34.8,52,1,0
1/26/2024 6:00,D007,VH007,Hyundai,Kona EV,39.2,452,1685,100,0,13.81,0.34,257.53,71,123,2,4,5,9,Clear,High,19,61,55,18,851,82.04,2.226,123103.9,100,34.69,52,1,0
1/26/2024 8:00,D007,VH007,Hyundai,Kona EV,39.2,452,1685,100,0,48.52,1.53,673.48,45,97,2,2,3,27,Clear,High,17,65,45,18,851,82.03,7.821,123152.4,100,34.62,52,1,0
1/26/2024 10:00,D007,VH007,Hyundai,Kona EV,39.2,452,1685,100,0,26.68,0.83,530.28,50,95,0,0,2,18,Clear,Medium,21,61,50,18,851,82.03,4.135,123179.1,100,34.61,52,1,0
1/26/2024 12:00,D007,VH007,Hyundai,Kona EV,39.2,452,1685,100,1,176.02,2.23,2817.17,80,142,0,1,4,2,Cloudy,Medium,19,78,14,25.2,852,82.03,24.882,123355.1,100,34.51,52,1,1
1/26/2024 14:00,D007,VH007,Hyundai,Kona EV,39.2,452,1685,100,0,52.5,1.52,737.28,46,94,0,3,2,23,Clear,Medium,15,83,62,18,852,82.03,8.137,123407.6,100,34.42,52,1,0
1/26/2024 16:00,D007,VH007,Hyundai,Kona EV,39.2,452,1685,100,0,25.44,0.65,466.54,76,81,0,2,1,19,Cloudy,Medium,26,66,56,18,852,82.03,3.785,123433.1,100,34.35,52,1,0
1/26/2024 18:00,D007,VH007,Hyundai,Kona EV,39.2,452,1685,100,0,13.82,0.43,160.81,57,89,0,2,3,11,Rain,Medium,14,70,65,18,852,82.03,1.928,123446.9,100,34.3,52,1,0
1/26/2024 20:00,D007,VH007,Hyundai,Kona EV,39.2,452,1685,100,0,12.6,0.56,144.06,80,112,0,2,1,24,Clear,High,12,58,53,18,852,82.02,1.953,123459.5,100,34.24,52,1,0
1/26/2024 22:00,D007,VH007,Hyundai,Kona EV,39.2,452,1685,100,0,48.07,1.23,727.37,46,93,0,2,0,11,Cloudy,High,17,65,46,18,852,82.02,7.153,123507.6,100,34.17,53,1,0
1/27/2024 0:00,D007,VH007,Hyundai,Kona EV,39.2,452,1685,100,0,9.84,0.6,178.98,66,83,1,2,5,27,Clear,Low,15,90,86,18,852,82.02,1.556,123517.4,100,34.12,53,1,0
1/27/2024 2:00,D007,VH007,Hyundai,Kona EV,39.2,452,1685,100,1,73.87,0.81,1402.82,99,141,0,6,2,4,Fog,Medium,18,49,24,18,852,82.02,9.463,123591.3,100,33.94,53,1,1
1/27/2024 4:00,D007,VH007,Hyundai,Kona EV,39.2,452,1685,100,1,163.87,2.15,2299.03,78,101,4,5,4,3,Fog,Low,16,71,13,26.5,852,82.02,22.672,123755.1,100,33.74,53,1,0
1/27/2024 6:00,D007,VH007,Hyundai,Kona EV,39.2,452,1685,100,0,45.99,1.01,576.24,70,95,0,1,1,21,Rain,Low,16,62,45,18,852,82.01,6.416,123801.1,100,33.7,53,1,0
1/27/2024 8:00,D007,VH007,Hyundai,Kona EV,39.2,452,1685,100,1,106.48,1.24,1928.42,91,99,0,3,1,4,Rain,Medium,19,82,46,21.5,853,82.01,14.111,123907.6,100,33.58,53,1,0
1/27/2024 10:00,D007,VH007,Hyundai,Kona EV,39.2,452,1685,100,0,39.65,0.99,512.54,51,98,0,1,2,13,Cloudy,Low,17,70,54,18,853,82.01,5.9,123947.2,100,33.54,53,1,1
1/27/2024 12:00,D007,VH007,Hyundai,Kona EV,39.2,452,1685,100,0,21.78,0.63,375.82,58,80,0,1,0,15,Clear,Low,17,70,61,18,853,82.01,3.376,123969,100,33.5,53,1,0
1/27/2024 14:00,D007,VH007,Hyundai,Kona EV,39.2,452,1685,100,1,100.28,1.28,1886.64,85,109,2,2,8,6,Clear,Medium,18,74,34,21.9,853,82.01,15.357,124069.3,100,33.41,53,1,0
1/27/2024 16:00,D007,VH007,Hyundai,Kona EV,39.2,452,1685,100,0,60.69,1.23,1202.96,62,82,0,1,2,15,Clear,Medium,23,60,36,19,853,82,9.407,124130,100,33.36,53,1,0
1/27/2024 18:00,D007,VH007,Hyundai,Kona EV,39.2,452,1685,100,0,64.34,1.32,865.22,71,96,0,1,2,25,Clear,Medium,20,71,45,18.1,853,82,9.973,124194.3,100,33.31,53,1,0
1/27/2024 20:00,D007,VH007,Hyundai,Kona EV,39.2,452,1685,100,0,21.27,0.71,314.11,52,114,2,0,2,18,Clear,Medium,15,61,52,18,853,82,3.429,124215.6,100,33.3,53,1,0
1/27/2024 22:00,D007,VH007,Hyundai,Kona EV,39.2,452,1685,100,0,29.15,0.81,450.39,64,103,1,1,1,21,Rain,Low,14,56,45,18,853,82,4.148,124244.8,100,33.26,54,1,0
1/28/2024 0:00,D007,VH007,Hyundai,Kona EV,39.2,452,1685,100,0,29.35,0.91,300.29,60,95,0,2,1,25,Fog,Medium,26,76,65,18,853,82,3.958,124274.1,100,33.2,54,1,0
1/28/2024 2:00,D007,VH007,Hyundai,Kona EV,39.2,452,1685,100,1,177.3,2.21,2351.04,82,143,2,2,1,3,Clear,Low,15,61,10,19.4,853,82,20.3252,124451.4,100,33.08,54,1,0
1/28/2024 4:00,D007,VH007,Hyundai,Kona EV,39.2,452,1685,100,1,134.81,1.58,1891.48,90,117,1,1,0,5,Cloudy,Medium,21,81,31,22.7,854,81.99,19.438,124586.2,100,33,54,1,1
1/28/2024 6:00,D007,VH007,Hyundai,Kona EV,39.2,452,1685,100,0,54.64,1.14,1036.93,60,109,1,4,1,14,Clear,High,22,67,44,19.5,854,81.99,8.639,124640.9,100,32.87,54,1,0
1/28/2024 8:00,D007,VH007,Hyundai,Kona EV,39.2,452,1685,100,0,22.56,0.63,372.69,72,102,2,2,2,19,Clear,High,23,79,69,18,854,81.99,3.637,124663.4,100,32.81,54,1,0
1/28/2024 10:00,D007,VH007,Hyundai,Kona EV,39.2,452,1685,100,1,116.64,1.52,1984.14,82,127,0,1,4,6,Fog,Low,18,87,48,20.1,854,81.99,14.942,124780.1,100,32.74,54,1,0
1/28/2024 12:00,D007,VH007,Hyundai,Kona EV,39.2,452,1685,100,1,122.24,1.44,2219.31,87,147,2,0,0,2,Fog,Medium,9,59,17,21.2,854,81.98,16.286,124902.3,100,32.69,54,1,1
1/28/2024 14:00,D007,VH007,Hyundai,Kona EV,39.2,452,1685,100,0,46.71,0.9,558.99,62,94,0,4,4,9,Cloudy,High,15,74,56,18,854,81.98,6.95,124949,100,32.57,54,1,1
1/28/2024 16:00,D007,VH007,Hyundai,Kona EV,39.2,452,1685,100,1,161.52,1.71,2737.39,99,129,0,0,2,5,Rain,Medium,26,68,13,27.4,854,81.98,21.405,125110.5,100,32.5,54,1,0
1/28/2024 18:00,D007,VH007,Hyundai,Kona EV,39.2,452,1685,100,1,170.25,1.95,2570.97,92,124,0,1,2,6,Clear,Medium,20,61,10,21.2,855,81.97,20.3252,125280.8,100,32.4,54,1,0
1/28/2024 20:00,D007,VH007,Hyundai,Kona EV,39.2,452,1685,100,1,75.62,0.96,1247.19,83,107,1,2,0,3,Fog,Medium,20,85,59,18,855,81.97,9.881,125356.4,100,32.32,54,1,0
1/28/2024 22:00,D007,VH007,Hyundai,Kona EV,39.2,452,1685,100,0,37.69,0.83,583.3,54,94,0,2,0,8,Rain,Medium,19,80,66,18,855,81.97,5.258,125394.1,100,32.26,55,1,0
1/29/2024 0:00,D007,VH007,Hyundai,Kona EV,39.2,452,1685,100,0,59.19,1.08,823.46,67,109,1,2,1,12,Clear,Medium,26,78,54,18,855,81.97,9.358,125453.3,100,32.18,55,1,0
1/29/2024 2:00,D007,VH007,Hyundai,Kona EV,39.2,452,1685,100,0,25.33,0.73,441.84,82,88,0,0,3,25,Clear,Low,17,71,60,18,855,81.97,3.926,125478.6,100,32.17,55,1,1
1/29/2024 4:00,D007,VH007,Hyundai,Kona EV,39.2,452,1685,100,1,65.32,0.86,1294.73,81,126,1,1,3,3,Rain,Medium,19,68,45,18,855,81.96,8.83,125543.9,100,32.12,55,1,0
1/29/2024 6:00,D007,VH007,Hyundai,Kona EV,39.2,452,1685,100,0,61.83,1.13,816.85,76,87,0,2,0,19,Rain,Medium,15,73,50,18,855,81.96,8.625,125605.8,100,32.04,55,1,0
1/29/2024 8:00,D007,VH007,Hyundai,Kona EV,39.2,452,1685,100,0,38.49,0.91,530.92,69,100,2,5,1,21,Clear,Medium,19,92,76,18,855,81.96,6.205,125644.3,100,31.9,55,1,0
1/29/2024 10:00,D007,VH007,Hyundai,Kona EV,39.2,452,1685,100,0,31.29,0.89,315.92,66,100,1,1,2,25,Clear,Medium,18,72,59,18,855,81.96,4.947,125675.5,100,31.86,55,1,0
1/29/2024 12:00,D007,VH007,Hyundai,Kona EV,39.2,452,1685,100,0,40.65,1.11,730.42,55,110,0,3,2,22,Clear,Low,11,78,61,18,855,81.96,6.301,125716.2,100,31.77,55,1,0
1/29/2024 14:00,D007,VH007,Hyundai,Kona EV,39.2,452,1685,100,0,59.54,1.33,609.94,64,99,0,2,4,24,Cloudy,Medium,19,59,36,18,856,81.96,8.86,125775.7,100,31.7,55,1,0
1/29/2024 16:00,D007,VH007,Hyundai,Kona EV,39.2,452,1685,100,1,163.39,2,2217.75,84,116,2,2,1,3,Rain,Medium,20,56,10,23.6,856,81.95,18.6592,125939.1,100,31.58,55,1,1
1/29/2024 18:00,D007,VH007,Hyundai,Kona EV,39.2,452,1685,100,0,51.19,1.08,605.73,79,87,0,4,3,26,Fog,High,19,76,58,18,856,81.95,6.903,125990.3,100,31.46,55,1,0
1/29/2024 20:00,D007,VH007,Hyundai,Kona EV,39.2,452,1685,100,0,25.88,0.75,279.96,64,120,1,1,2,21,Rain,High,18,67,57,18,856,81.95,3.682,126016.2,100,31.42,55,1,0
1/29/2024 22:00,D007,VH007,Hyundai,Kona EV,39.2,452,1685,100,0,12.9,0.4,172.16,72,110,1,1,0,13,Fog,Low,26,67,62,18,856,81.95,1.774,126029.1,100,31.39,56,1,0
1/30/2024 0:00,D007,VH007,Hyundai,Kona EV,39.2,452,1685,100,0,35.27,1.07,473.97,47,107,2,2,4,19,Clear,Medium,13,61,46,18,856,81.95,5.686,126064.4,100,31.32,56,1,0
1/30/2024 2:00,D007,VH007,Hyundai,Kona EV,39.2,452,1685,100,1,118.23,1.6,1784.04,74,113,0,1,3,0,Clear,Low,25,59,14,24,856,81.95,17.409,126182.6,100,31.25,56,1,0
1/30/2024 4:00,D007,VH007,Hyundai,Kona EV,39.2,452,1685,100,1,142.25,1.78,2280.58,83,139,3,1,0,4,Rain,Low,16,67,16,22.6,856,81.94,19.983,126324.8,100,31.16,56,1,0
1/30/2024 6:00,D007,VH007,Hyundai,Kona EV,39.2,452,1685,100,0,28.11,0.72,542.24,51,103,4,4,0,10,Fog,Low,12,82,71,18,856,81.94,4.094,126353,100,31.05,56,1,0
1/30/2024 8:00,D007,VH007,Hyundai,Kona EV,39.2,452,1685,100,1,68.51,1.04,805.73,68,123,1,0,6,2,Clear,Medium,18,69,42,18,857,81.94,10.29,126421.5,100,31.02,56,1,1
1/30/2024 10:00,D007,VH007,Hyundai,Kona EV,39.2,452,1685,100,0,15.46,0.57,248.11,65,96,0,0,4,20,Fog,Low,16,44,38,18,857,81.94,2.085,126436.9,100,31.02,56,1,0
1/30/2024 12:00,D007,VH007,Hyundai,Kona EV,39.2,452,1685,100,1,127.46,1.47,2345.57,91,146,1,3,1,4,Fog,Medium,23,74,31,23.8,857,81.93,16.655,126564.4,100,30.89,56,1,0
1/30/2024 14:00,D007,VH007,Hyundai,Kona EV,39.2,452,1685,100,0,60.89,1.33,894.29,58,104,1,3,2,17,Clear,Low,16,89,64,18,857,81.93,9.627,126625.3,100,30.79,56,1,0
1/30/2024 16:00,D007,VH007,Hyundai,Kona EV,39.2,452,1685,100,0,33.52,0.88,537.26,60,85,0,2,1,19,Clear,Medium,16,53,39,18,857,81.93,5.196,126658.8,100,30.72,56,1,1
1/30/2024 18:00,D007,VH007,Hyundai,Kona EV,39.2,452,1685,100,0,31.57,0.9,468.98,63,115,2,1,0,24,Rain,Low,13,71,59,18,857,81.93,4.58,126690.4,100,30.69,56,1,0
1/30/2024 20:00,D007,VH007,Hyundai,Kona EV,39.2,452,1685,100,0,15.56,0.54,206.26,75,105,1,0,1,20,Fog,Low,23,84,78,18,857,81.93,2.14,126705.9,100,30.68,56,1,0
1/30/2024 22:00,D007,VH007,Hyundai,Kona EV,39.2,452,1685,100,0,31.56,0.95,427.59,61,94,0,2,2,26,Clear,High,18,83,70,18,857,81.93,4.892,126737.5,100,30.62,57,1,0
1/31/2024 0:00,D007,VH007,Hyundai,Kona EV,39.2,452,1685,100,1,141.33,1.74,2556.74,86,113,2,2,2,6,Fog,Medium,19,90,41,20.7,857,81.93,18.83,126878.8,100,30.51,57,1,0
1/31/2024 2:00,D007,VH007,Hyundai,Kona EV,39.2,452,1685,100,0,11.88,0.6,205.56,42,88,0,1,2,19,Rain,Low,13,86,81,18,857,81.92,1.657,126890.7,100,30.48,57,1,0
1/31/2024 4:00,D007,VH007,Hyundai,Kona EV,39.2,452,1685,100,0,40.97,0.79,583.52,71,78,0,4,1,13,Rain,Medium,16,74,59,18,857,81.92,5.715,126931.7,100,30.36,57,1,0
1/31/2024 6:00,D007,VH007,Hyundai,Kona EV,39.2,452,1685,100,0,63.17,1.24,1180.1,65,72,0,4,2,16,Rain,High,19,78,55,18,857,81.92,8.812,126994.8,100,30.23,57,1,1
1/31/2024 8:00,D007,VH007,Hyundai,Kona EV,39.2,452,1685,100,0,21,0.66,259.39,62,111,1,7,2,19,Cloudy,High,17,74,65,18,858,81.92,3.187,127015.8,100,30.05,57,1,0
1/31/2024 10:00,D007,VH007,Hyundai,Kona EV,39.2,452,1685,100,0,33.02,0.93,541.5,67,106,3,1,2,26,Fog,Medium,24,64,51,18,858,81.92,4.72,127048.9,100,30.01,57,1,0
1/31/2024 12:00,D007,VH007,Hyundai,Kona EV,39.2,452,1685,100,0,17.27,0.67,260.78,54,107,1,1,1,21,Clear,Medium,24,63,56,18,858,81.92,2.73,127066.1,100,29.98,57,1,0
1/31/2024 14:00,D007,VH007,Hyundai,Kona EV,39.2,452,1685,100,1,171.88,2.03,2581.99,86,118,1,1,0,2,Clear,Medium,15,75,11,25.8,858,81.91,24.99,127238,100,29.88,57,1,1
1/31/2024 16:00,D007,VH007,Hyundai,Kona EV,39.2,452,1685,100,0,53.28,0.88,995.13,73,112,0,2,1,9,Clear,Medium,14,78,56,18,858,81.91,8.258,127291.3,100,29.81,57,1,0
1/31/2024 18:00,D007,VH007,Hyundai,Kona EV,39.2,452,1685,100,0,22.64,0.55,386,61,123,1,1,1,11,Clear,High,11,51,41,18,858,81.91,3.579,127313.9,100,29.77,57,1,0
1/31/2024 20:00,D007,VH007,Hyundai,Kona EV,39.2,452,1685,100,0,20.03,0.62,302.95,57,93,1,1,3,16,Clear,Medium,13,54,45,18,858,81.91,3.167,127334,100,29.74,57,1,0
1/31/2024 22:00,D007,VH007,Hyundai,Kona EV,39.2,452,1685,100,0,60.25,1.19,796.36,59,126,1,5,1,10,Rain,Medium,17,61,39,18,858,81.91,8.573,127394.2,100,29.59,58,1,0
2/1/2024 0:00,D007,VH007,Hyundai,Kona EV,39.2,452,1685,100,0,37.91,1.08,713.72,51,100,0,5,2,20,Fog,High,13,76,62,18,858,81.91,5.112,127432.1,100,29.45,58,1,0
2/1/2024 2:00,D007,VH007,Hyundai,Kona EV,39.2,452,1685,100,0,36.62,0.95,602,58,103,2,1,0,19,Clear,Medium,18,54,38,18,858,81.91,5.903,127468.7,100,29.41,58,1,0
2/1/2024 4:00,D007,VH007,Hyundai,Kona EV,39.2,452,1685,100,0,53.69,1.49,1071.12,41,101,1,1,0,11,Clear,Medium,12,77,55,18,858,81.91,8.488,127522.4,100,29.36,58,1,0
2/1/2024 6:00,D007,VH007,Hyundai,Kona EV,39.2,452,1685,100,0,46.37,0.98,856.03,65,114,1,1,5,16,Cloudy,Medium,17,73,55,18,858,81.9,7.038,127568.8,100,29.32,58,1,1
2/1/2024 8:00,D007,VH007,Hyundai,Kona EV,39.2,452,1685,100,0,34.17,0.64,529.38,61,107,1,5,4,5,Clear,Medium,24,69,55,18,859,81.9,5.402,127603,100,29.18,58,1,0
2/1/2024 10:00,D007,VH007,Hyundai,Kona EV,39.2,452,1685,100,0,10.19,0.3,164.33,57,96,0,0,2,7,Rain,Medium,19,68,64,18,859,81.9,1.422,127613.2,100,29.17,58,1,0
2/1/2024 12:00,D007,VH007,Hyundai,Kona EV,39.2,452,1685,100,0,40.78,0.99,809.99,61,105,2,5,1,19,Clear,Medium,25,76,59,18,859,81.9,6.574,127653.9,100,29.03,58,1,0
2/1/2024 14:00,D007,VH007,Hyundai,Kona EV,39.2,452,1685,100,0,14.55,0.37,246.43,73,89,0,5,3,10,Fog,Low,19,74,68,18,859,81.9,1.962,127668.5,100,28.9,58,1,0
2/1/2024 16:00,D007,VH007,Hyundai,Kona EV,39.2,452,1685,100,0,10.14,0.57,165.62,68,122,1,1,1,25,Clear,Low,18,70,65,18,859,81.9,1.603,127678.6,100,28.87,58,1,0
2/1/2024 18:00,D007,VH007,Hyundai,Kona EV,39.2,452,1685,100,1,115.83,1.48,1788.85,83,102,2,0,4,5,Clear,Medium,26,88,42,24.8,859,81.9,17.738,127794.5,100,28.82,58,1,0
2/1/2024 20:00,D007,VH007,Hyundai,Kona EV,39.2,452,1685,100,1,147.89,1.69,1544.29,91,112,1,1,3,4,Fog,Low,16,66,16,25.3,859,81.89,19.325,127942.3,100,28.74,58,1,1
2/1/2024 22:00,D007,VH007,Hyundai,Kona EV,39.2,452,1685,100,0,24.3,1.02,453.81,37,109,0,1,1,22,Clear,Low,19,57,47,18,859,81.89,3.767,127966.6,100,28.7,59,1,0
2/2/2024 0:00,D007,VH007,Hyundai,Kona EV,39.2,452,1685,100,0,9.22,0.31,111,58,106,2,2,3,9,Clear,Low,29,78,74,18,859,81.89,1.486,127975.9,100,28.65,59,1,0
2/2/2024 2:00,D007,VH007,Hyundai,Kona EV,39.2,452,1685,100,1,122.16,1.5,1565.75,84,132,4,2,3,3,Clear,Medium,19,91,41,25.9,859,81.89,19.427,128098,100,28.55,59,1,0
2/2/2024 4:00,D007,VH007,Hyundai,Kona EV,39.2,452,1685,100,0,59.28,1,980.22,74,110,2,1,5,12,Fog,Medium,22,71,49,18.3,859,81.89,8.314,128157.3,100,28.5,59,1,0
2/2/2024 6:00,D007,VH007,Hyundai,Kona EV,39.2,452,1685,100,0,56.56,1.19,1051.37,61,107,2,2,4,16,Rain,Medium,19,62,41,18,860,81.88,8.206,128213.9,100,28.42,59,1,0
2/2/2024 8:00,D007,VH007,Hyundai,Kona EV,39.2,452,1685,100,0,10.19,0.44,194.16,74,79,0,4,0,18,Fog,High,23,62,58,18,860,81.88,1.374,128224.1,100,28.32,59,1,0
2/2/2024 10:00,D007,VH007,Hyundai,Kona EV,39.2,452,1685,100,1,68.7,0.77,1002.42,97,110,1,0,1,4,Fog,Medium,18,76,53,18,860,81.88,8.977,128292.8,100,28.29,59,1,0
2/2/2024 12:00,D007,VH007,Hyundai,Kona EV,39.2,452,1685,100,0,56.55,1.24,1046.5,59,102,4,2,4,17,Clear,Medium,16,85,60,20.5,860,81.88,9.466,128349.3,100,28.21,59,1,1
2/2/2024 14:00,D007,VH007,Hyundai,Kona EV,39.2,452,1685,100,1,51.47,0.59,550.71,92,135,4,2,2,2,Clear,Low,20,58,37,18,860,81.88,8.185,128400.8,100,28.14,59,1,0
2/2/2024 16:00,D007,VH007,Hyundai,Kona EV,39.2,452,1685,100,0,54.67,1.18,685.66,56,83,0,3,1,12,Clear,Low,23,71,49,18,860,81.88,8.474,128455.4,100,28.05,59,1,0
2/2/2024 18:00,D007,VH007,Hyundai,Kona EV,39.2,452,1685,100,0,33.58,1.06,668.18,44,95,0,3,0,18,Clear,High,14,66,52,18,860,81.88,5.205,128489,100,27.96,59,1,0
2/2/2024 20:00,D007,VH007,Hyundai,Kona EV,39.2,452,1685,100,1,89.67,1.17,998.4,84,128,0,1,2,6,Rain,Medium,23,52,21,19.8,860,81.87,11.884,128578.7,100,27.89,59,1,0
2/2/2024 22:00,D007,VH007,Hyundai,Kona EV,39.2,452,1685,100,0,61.81,1.38,835.74,58,87,0,2,2,19,Fog,Low,20,55,33,18,860,81.87,8.335,128640.5,100,27.82,60,1,0
2/3/2024 0:00,D007,VH007,Hyundai,Kona EV,39.2,452,1685,100,0,28.06,0.58,306.37,82,111,3,7,5,14,Rain,Medium,12,76,65,18,860,81.87,4.149,128668.6,100,27.63,60,1,0
2/3/2024 2:00,D007,VH007,Hyundai,Kona EV,39.2,452,1685,100,0,36.1,0.96,407.04,55,112,2,4,4,18,Rain,High,19,74,60,18,860,81.87,5.237,128704.7,100,27.52,60,1,0
2/3/2024 4:00,D007,VH007,Hyundai,Kona EV,39.2,452,1685,100,1,74.38,0.95,1092.94,86,119,1,3,1,5,Cloudy,Medium,22,78,50,18,860,81.87,10.725,128779,100,27.41,60,1,0
2/3/2024 6:00,D007,VH007,Hyundai,Kona EV,39.2,452,1685,100,0,57.27,1.37,982.15,55,117,0,2,0,20,Fog,High,14,66,46,18,861,81.87,7.723,128836.3,100,27.34,60,1,1
2/3/2024 8:00,D007,VH007,Hyundai,Kona EV,39.2,452,1685,100,0,47.38,0.99,728.27,54,100,0,3,2,7,Cloudy,High,29,78,60,18.6,861,81.86,7.05,128883.7,100,27.24,60,1,0
2/3/2024 10:00,D007,VH007,Hyundai,Kona EV,39.2,452,1685,100,1,113.03,1.28,1515.81,91,127,2,3,2,2,Clear,Low,20,47,10,23.9,861,81.86,15.6604,128996.7,100,27.12,60,1,0
2/3/2024 12:00,D007,VH007,Hyundai,Kona EV,39.2,452,1685,100,0,27.92,0.69,400.01,66,81,1,2,1,16,Clear,Medium,23,90,78,18,861,81.86,4.414,129024.6,100,27.06,60,1,0
2/3/2024 14:00,D007,VH007,Hyundai,Kona EV,39.2,452,1685,100,1,153.9,1.83,2371.71,89,134,1,0,1,6,Clear,Medium,21,78,19,29.2,861,81.85,23.115,129178.5,100,26.99,60,1,0
2/3/2024 16:00,D007,VH007,Hyundai,Kona EV,39.2,452,1685,100,0,29.49,0.68,376.04,62,105,0,1,3,12,Rain,Medium,26,62,51,18,861,81.85,4.114,129208,100,26.95,60,1,0
2/3/2024 18:00,D007,VH007,Hyundai,Kona EV,39.2,452,1685,100,1,60.3,0.64,1183.88,103,123,0,4,4,3,Clear,Low,21,69,46,18,861,81.85,8.879,129268.3,100,26.83,60,1,1
2/3/2024 20:00,D007,VH007,Hyundai,Kona EV,39.2,452,1685,100,0,25.41,0.68,316.9,70,101,1,1,0,19,Fog,Medium,21,88,79,18,861,81.85,3.495,129293.7,100,26.79,60,1,0
2/3/2024 22:00,D007,VH007,Hyundai,Kona EV,39.2,452,1685,100,0,53.06,1.31,639.09,63,97,0,0,2,28,Cloudy,Low,21,69,48,18.5,861,81.85,7.895,129346.8,100,26.77,61,1,0
2/4/2024 0:00,D007,VH007,Hyundai,Kona EV,39.2,452,1685,100,0,11.99,0.6,152.38,60,96,1,4,1,24,Clear,Medium,20,81,76,18,861,81.85,1.896,129358.8,100,26.67,61,1,0
2/4/2024 2:00,D007,VH007,Hyundai,Kona EV,39.2,452,1685,100,1,53.53,1.04,536.59,57,97,0,0,1,6,Fog,Medium,25,60,42,18.2,862,81.85,6.858,129412.3,100,26.64,61,1,0
2/4/2024 4:00,D007,VH007,Hyundai,Kona EV,39.2,452,1685,100,0,44.18,1.03,728.57,63,107,1,3,3,20,Rain,High,20,42,25,18,862,81.85,6.286,129456.5,100,26.55,61,1,0
2/4/2024 6:00,D007,VH007,Hyundai,Kona EV,39.2,452,1685,100,1,123.03,1.4,2437.58,91,135,2,2,3,3,Rain,Low,29,72,28,27.7,862,81.84,16.957,129579.5,100,26.45,61,1,0
2/4/2024 8:00,D007,VH007,Hyundai,Kona EV,39.2,452,1685,100,1,107.37,1.28,1526.48,87,117,2,1,2,3,Rain,Medium,25,62,24,26.4,862,81.84,14.798,129686.9,100,26.38,61,1,0
2/4/2024 10:00,D007,VH007,Hyundai,Kona EV,39.2,452,1685,100,0,19.07,0.82,303.26,54,102,2,3,3,28,Rain,High,25,52,44,18,862,81.84,2.767,129706,100,26.29,61,1,0
2/4/2024 12:00,D007,VH007,Hyundai,Kona EV,39.2,452,1685,100,1,173.46,2.04,3059.55,87,117,1,1,1,3,Rain,Low,19,72,12,30.7,862,81.83,23.448,129879.4,100,26.2,61,1,1
2/4/2024 14:00,D007,VH007,Hyundai,Kona EV,39.2,452,1685,100,1,90.82,1.06,1472.01,95,124,2,4,1,6,Fog,Low,11,59,28,18,862,81.83,12.1,129970.3,100,26.06,61,1,0
2/4/2024 16:00,D007,VH007,Hyundai,Kona EV,39.2,452,1685,100,0,30.79,0.88,562.43,49,96,0,2,1,15,Fog,Medium,17,53,42,18,862,81.83,4.152,130001,100,26,61,1,0
2/4/2024 18:00,D007,VH007,Hyundai,Kona EV,39.2,452,1685,100,0,19.61,0.58,200.28,48,121,0,1,2,10,Clear,Low,19,82,74,18,862,81.83,3.04,130020.7,100,25.96,61,1,0
2/4/2024 20:00,D007,VH007,Hyundai,Kona EV,39.2,452,1685,100,1,75.65,0.99,992.48,83,123,2,5,1,5,Cloudy,Low,10,74,45,18,863,81.83,11.122,130096.3,100,25.81,61,1,0
2/4/2024 22:00,D007,VH007,Hyundai,Kona EV,39.2,452,1685,100,0,25.19,0.71,275.44,55,89,1,2,2,15,Cloudy,High,25,52,42,18,863,81.83,3.823,130121.5,100,25.75,62,1,0
2/5/2024 0:00,D007,VH007,Hyundai,Kona EV,39.2,452,1685,100,0,55.75,1.26,965.05,51,106,0,1,0,10,Clear,Medium,21,65,42,18,863,81.83,8.641,130177.2,100,25.7,62,1,0
2/5/2024 2:00,D007,VH007,Hyundai,Kona EV,39.2,452,1685,100,1,83.71,1.03,949.86,84,115,1,5,1,2,Rain,Low,21,68,39,18,863,81.82,11.316,130261,100,25.54,62,1,0
2/5/2024 4:00,D007,VH007,Hyundai,Kona EV,39.2,452,1685,100,0,31.65,0.71,480.67,69,105,2,1,2,15,Cloudy,High,17,80,67,18,863,81.82,4.898,130292.6,100,25.5,62,1,1
2/5/2024 6:00,D007,VH007,Hyundai,Kona EV,39.2,452,1685,100,0,32.67,0.8,616.73,63,101,3,1,1,17,Clear,Medium,17,74,60,18,863,81.82,5.368,130325.3,100,25.46,62,1,0
2/5/2024 8:00,D007,VH007,Hyundai,Kona EV,39.2,452,1685,100,0,55.95,1.13,644.76,69,128,1,3,2,19,Rain,Medium,23,84,63,18,863,81.82,7.961,130381.2,100,25.36,62,1,0
2/5/2024 10:00,D007,VH007,Hyundai,Kona EV,39.2,452,1685,100,0,49.55,1.37,830.92,52,103,1,2,1,25,Clear,High,21,56,36,18.3,863,81.82,7.834,130430.8,100,25.29,62,1,0
2/5/2024 12:00,D007,VH007,Hyundai,Kona EV,39.2,452,1685,100,0,19.16,0.45,382.82,63,110,1,0,1,9,Cloudy,High,21,54,46,18,863,81.82,2.908,130449.9,100,25.28,62,1,0
2/5/2024 14:00,D007,VH007,Hyundai,Kona EV,39.2,452,1685,100,0,53.79,1.22,1063.19,63,86,1,3,1,22,Rain,Medium,16,57,37,18,863,81.81,7.654,130503.7,100,25.18,62,1,0
2/5/2024 16:00,D007,VH007,Hyundai,Kona EV,39.2,452,1685,100,1,140.59,1.67,2016.05,86,138,1,1,6,2,Clear,Low,27,44,10,21.4,863,81.81,14.6608,130644.3,100,25.1,62,1,0
2/5/2024 18:00,D007,VH007,Hyundai,Kona EV,39.2,452,1685,100,1,88.63,1.15,1298.36,83,117,0,3,1,5,Fog,Low,18,81,52,18,864,81.81,11.354,130732.9,100,24.99,62,1,0
2/5/2024 20:00,D007,VH007,Hyundai,Kona EV,39.2,452,1685,100,0,26.87,0.7,312.47,62,104,0,2,1,16,Clear,Medium,18,75,64,18,864,81.81,4.165,130759.8,100,24.93,62,1,0
2/5/2024 22:00,D007,VH007,Hyundai,Kona EV,39.2,452,1685,100,1,171.04,2.08,2265.37,85,142,4,1,2,4,Clear,Medium,19,63,10,23.8,864,81.8,20.9916,130930.9,100,24.83,63,1,1
2/6/2024 0:00,D007,VH007,Hyundai,Kona EV,39.2,452,1685,100,0,62.91,1.06,1054.74,73,110,2,5,3,12,Fog,High,15,72,49,18,864,81.8,8.823,130993.8,100,24.68,63,1,0
2/6/2024 2:00,D007,VH007,Hyundai,Kona EV,39.2,452,1685,100,1,77.97,1.11,1412.19,75,134,1,4,3,4,Cloudy,Medium,25,67,38,23.8,864,81.8,11.242,131071.7,100,24.55,63,1,0
2/6/2024 4:00,D007,VH007,Hyundai,Kona EV,39.2,452,1685,100,0,52.14,1.07,697.22,68,99,0,1,1,18,Clear,High,18,69,48,18,864,81.8,8.082,131123.9,100,24.5,63,1,0
2/6/2024 6:00,D007,VH007,Hyundai,Kona EV,39.2,452,1685,100,1,157.24,1.97,1955.69,82,113,1,1,2,3,Clear,Medium,17,75,14,27.3,864,81.79,23.617,131281.1,100,24.41,63,1,0
2/6/2024 8:00,D007,VH007,Hyundai,Kona EV,39.2,452,1685,100,0,54.34,1.17,994.68,60,116,1,1,5,16,Clear,Low,20,53,31,18,865,81.79,8.591,131335.5,100,24.36,63,1,0
2/6/2024 10:00,D007,VH007,Hyundai,Kona EV,39.2,452,1685,100,0,11.18,0.31,180.92,65,100,2,1,1,8,Cloudy,Low,20,60,55,18,865,81.79,1.73,131346.6,100,24.33,63,1,0
2/6/2024 12:00,D007,VH007,Hyundai,Kona EV,39.2,452,1685,100,1,72.76,0.86,1211.88,92,135,0,3,4,4,Fog,Low,21,78,54,18,865,81.79,9.321,131419.4,100,24.23,63,1,1
2/6/2024 14:00,D007,VH007,Hyundai,Kona EV,39.2,452,1685,100,0,50.76,1.03,611.86,58,102,3,1,2,9,Cloudy,Low,24,85,64,19.4,865,81.79,8.006,131470.2,100,24.18,63,1,0
2/6/2024 16:00,D007,VH007,Hyundai,Kona EV,39.2,452,1685,100,0,16.46,0.65,289.65,67,105,0,2,1,24,Rain,Medium,21,71,65,18,865,81.79,2.296,131486.6,100,24.12,63,1,0
2/6/2024 18:00,D007,VH007,Hyundai,Kona EV,39.2,452,1685,100,1,121.03,1.31,1658.84,101,129,1,0,3,7,Rain,Medium,27,63,21,28.2,865,81.78,16.36,131607.6,100,24.07,63,1,0
2/6/2024 20:00,D007,VH007,Hyundai,Kona EV,39.2,452,1685,100,0,57.77,1.25,693.46,54,98,0,2,7,11,Clear,Medium,24,79,56,19.7,865,81.78,8.954,131665.4,100,24,63,1,0
2/6/2024 22:00,D007,VH007,Hyundai,Kona EV,39.2,452,1685,100,0,61.2,1.32,1090.66,59,116,1,2,0,17,Clear,High,20,58,33,18,865,81.78,9.676,131726.6,100,23.92,64,1,1
2/7/2024 0:00,D007,VH007,Hyundai,Kona EV,39.2,452,1685,100,1,81.6,0.94,1430.63,88,122,1,3,2,1,Clear,Low,18,79,47,18,865,81.78,12.256,131808.2,100,23.81,64,1,0
2/7/2024 2:00,D007,VH007,Hyundai,Kona EV,39.2,452,1685,100,1,100.29,1.48,1656.33,71,116,0,1,3,4,Rain,Medium,22,68,34,21.2,866,81.77,13.291,131908.5,100,23.74,64,1,0
2/7/2024 4:00,D007,VH007,Hyundai,Kona EV,39.2,452,1685,100,0,52.29,0.98,584.69,62,104,1,3,1,8,Clear,Medium,23,55,33,18,866,81.77,8.267,131960.8,100,23.65,64,1,0
2/7/2024 6:00,D007,VH007,Hyundai,Kona EV,39.2,452,1685,100,0,21.25,0.55,279.04,61,104,1,1,3,12,Clear,Medium,18,72,63,18,866,81.77,3.36,131982,100,23.61,64,1,0
2/7/2024 8:00,D007,VH007,Hyundai,Kona EV,39.2,452,1685,100,0,12.91,0.39,149.85,61,101,1,0,0,11,Clear,Medium,28,71,65,18,866,81.77,2.041,131995,100,23.61,64,1,0
2/7/2024 10:00,D007,VH007,Hyundai,Kona EV,39.2,452,1685,100,0,17.62,0.56,255.19,61,122,2,2,2,16,Fog,Medium,17,76,69,18,866,81.77,2.471,132012.6,100,23.55,64,1,1
1/1/2024 0:00,D008,VH008,Hyundai,Kona Long Range,64,484,1750,150,1,122.63,0.95,1341.43,129,163,4,4,5,0,Clear,Medium,15,68,31,24.1,696,95.31,23.402,42842.6,28.68,82.8,157,1,1
1/1/2024 2:00,D008,VH008,Hyundai,Kona Long Range,64,484,1750,150,1,120.23,0.99,1339.12,122,150,3,7,2,0,Cloudy,Medium,18,69,35,22.5,696,95.31,21.619,42962.9,29.01,82.61,157,1,0
1/1/2024 4:00,D008,VH008,Hyundai,Kona Long Range,64,484,1750,150,0,39.83,0.73,492.7,67,141,9,6,4,8,Clear,High,20,90,76,19.4,696,95.31,8.742,43002.7,29.26,82.45,157,1,1
1/1/2024 6:00,D008,VH008,Hyundai,Kona Long Range,64,484,1750,150,0,45.54,0.63,597.28,94,149,4,4,3,9,Clear,Low,9,60,45,18,696,95.31,9.148,43048.2,29.43,82.35,157,1,1
1/1/2024 8:00,D008,VH008,Hyundai,Kona Long Range,64,484,1750,150,1,67.93,0.69,686.31,104,141,8,5,5,2,Fog,Medium,18,72,53,18,696,95.31,12.114,43116.2,29.66,82.21,157,1,1
1/1/2024 10:00,D008,VH008,Hyundai,Kona Long Range,64,484,1750,150,0,60.81,0.82,1152.56,104,112,3,4,6,14,Cloudy,Medium,19,65,47,18,696,95.3,11.51,43177,29.84,82.11,157,1,1
1/1/2024 12:00,D008,VH008,Hyundai,Kona Long Range,64,484,1750,150,0,27.39,0.6,385.88,50,122,8,3,3,3,Clear,Medium,22,45,35,18,696,95.3,5.91,43204.4,29.97,82.03,157,1,1
1/1/2024 14:00,D008,VH008,Hyundai,Kona Long Range,64,484,1750,150,1,153.24,1.49,2725.16,104,157,9,7,4,1,Rain,Medium,12,69,24,32.3,696,95.3,28.756,43357.6,30.3,81.83,157,1,0
1/1/2024 16:00,D008,VH008,Hyundai,Kona Long Range,64,484,1750,150,0,20.43,0.4,238.46,89,119,6,6,7,10,Cloudy,High,19,71,64,18,696,95.3,4.086,43378,30.55,81.68,157,1,1
1/1/2024 18:00,D008,VH008,Hyundai,Kona Long Range,64,484,1750,150,0,12.22,0.14,212.8,98,124,9,4,8,1,Rain,Medium,20,80,76,18,696,95.3,2.414,43390.2,30.71,81.58,157,1,1
1/1/2024 20:00,D008,VH008,Hyundai,Kona Long Range,64,484,1750,150,0,32.67,0.44,588.05,87,136,5,5,8,4,Rain,Low,28,56,46,18,696,95.3,6.016,43422.9,30.93,81.45,157,1,1
1/1/2024 22:00,D008,VH008,Hyundai,Kona Long Range,64,484,1750,150,0,44.17,0.64,482.27,82,123,8,5,6,6,Clear,Low,15,80,65,18,697,95.3,9.53,43467.1,31.14,81.32,158,1,1
1/2/2024 0:00,D008,VH008,Hyundai,Kona Long Range,64,484,1750,150,0,64.75,0.99,806.02,70,126,8,10,9,4,Clear,High,19,86,64,21.5,697,95.3,13.97,43531.8,31.56,81.06,158,1,1
1/2/2024 2:00,D008,VH008,Hyundai,Kona Long Range,64,484,1750,150,0,36.47,0.67,691.96,68,117,6,7,3,8,Fog,High,15,71,60,18,697,95.3,6.61,43568.3,31.86,80.88,158,1,0
1/2/2024 4:00,D008,VH008,Hyundai,Kona Long Range,64,484,1750,150,1,72.54,0.71,745.66,107,143,5,5,3,2,Clear,Medium,10,61,38,18,697,95.3,14.1,43640.8,32.08,80.75,158,1,1
1/2/2024 6:00,D008,VH008,Hyundai,Kona Long Range,64,484,1750,150,0,51.39,0.71,760.41,89,142,9,4,4,8,Clear,Medium,8,71,53,18,697,95.3,11.279,43692.2,32.26,80.64,158,1,1
1/2/2024 8:00,D008,VH008,Hyundai,Kona Long Range,64,484,1750,150,0,38.18,0.57,512.15,91,96,2,0,8,9,Fog,Medium,18,67,56,18,697,95.3,6.425,43730.4,32.27,80.64,158,1,1
1/2/2024 10:00,D008,VH008,Hyundai,Kona Long Range,64,484,1750,150,0,31.88,0.47,516.27,90,129,4,3,8,7,Fog,Low,18,71,62,18,697,95.3,5.572,43762.3,32.4,80.56,158,1,1
1/2/2024 12:00,D008,VH008,Hyundai,Kona Long Range,64,484,1750,150,1,121.02,0.98,2406.23,128,134,10,2,3,2,Cloudy,Medium,15,78,39,23.5,697,95.3,24.635,43883.3,32.53,80.5,158,1,1
1/2/2024 14:00,D008,VH008,Hyundai,Kona Long Range,64,484,1750,150,1,135.79,1.22,2098.34,113,133,4,6,7,1,Rain,Medium,18,73,36,23.7,697,95.3,23.322,44019.1,32.81,80.33,158,1,1
1/2/2024 16:00,D008,VH008,Hyundai,Kona Long Range,64,484,1750,150,0,38.28,0.6,483.62,80,129,8,3,1,7,Cloudy,Medium,25,69,56,20.6,697,95.29,7.929,44057.4,32.95,80.25,158,1,1
1/2/2024 18:00,D008,VH008,Hyundai,Kona Long Range,64,484,1750,150,1,151.38,1.49,1602.14,103,165,5,4,7,1,Clear,Medium,20,82,36,33.9,698,95.29,29.424,44208.8,33.16,80.13,158,1,1
1/2/2024 20:00,D008,VH008,Hyundai,Kona Long Range,64,484,1750,150,0,45.42,0.74,640.35,77,140,10,2,7,9,Fog,Medium,15,62,48,18,698,95.29,8.82,44254.2,33.26,80.08,158,1,1
1/2/2024 22:00,D008,VH008,Hyundai,Kona Long Range,64,484,1750,150,0,52.07,0.79,900.55,82,128,6,9,6,9,Fog,High,27,59,44,21.7,698,95.29,9.437,44306.3,33.64,79.84,159,1,1
1/3/2024 0:00,D008,VH008,Hyundai,Kona Long Range,64,484,1750,150,0,30.25,0.57,578.3,89,143,9,5,2,14,Rain,Medium,19,85,75,18,698,95.29,5.975,44336.5,33.85,79.72,159,1,0
1/3/2024 2:00,D008,VH008,Hyundai,Kona Long Range,64,484,1750,150,0,8.93,0.11,131.3,92,141,6,4,6,1,Cloudy,Medium,21,59,56,18,698,95.29,1.786,44345.4,34.01,79.61,159,1,1
1/3/2024 4:00,D008,VH008,Hyundai,Kona Long Range,64,484,1750,150,1,129.16,1.12,2063.4,117,145,5,3,12,1,Cloudy,Medium,14,80,42,26.9,698,95.29,24.101,44474.6,34.17,79.52,159,1,1
1/3/2024 6:00,D008,VH008,Hyundai,Kona Long Range,64,484,1750,150,0,32.37,0.55,376.26,84,129,14,5,4,10,Clear,Low,25,49,36,18,698,95.29,7.707,44507,34.39,79.4,159,1,1
1/3/2024 8:00,D008,VH008,Hyundai,Kona Long Range,64,484,1750,150,0,64.69,0.82,971.26,96,120,8,7,5,9,Rain,Medium,16,88,68,18.5,698,95.29,12.562,44571.7,34.69,79.21,159,1,1
1/3/2024 10:00,D008,VH008,Hyundai,Kona Long Range,64,484,1750,150,1,148.08,1.53,1820.23,98,153,9,6,5,1,Rain,Medium,8,76,32,20.8,698,95.29,27.788,44719.7,34.98,79.05,159,1,1
1/3/2024 12:00,D008,VH008,Hyundai,Kona Long Range,64,484,1750,150,0,26.21,0.49,477.12,81,154,6,3,4,10,Fog,Medium,17,62,54,18,698,95.29,4.75,44745.9,35.11,78.97,159,1,1
1/3/2024 14:00,D008,VH008,Hyundai,Kona Long Range,64,484,1750,150,0,28.27,0.55,412.5,88,146,4,4,8,14,Clear,High,24,72,63,18,698,95.29,5.679,44774.2,35.28,78.86,159,1,1
1/3/2024 16:00,D008,VH008,Hyundai,Kona Long Range,64,484,1750,150,1,91.57,0.79,1366.7,116,155,5,4,8,0,Fog,Medium,15,91,66,18,698,95.29,15.485,44865.8,35.47,78.75,159,1,1
1/3/2024 18:00,D008,VH008,Hyundai,Kona Long Range,64,484,1750,150,1,153.34,1.36,3021.15,116,138,8,4,7,2,Clear,Medium,21,81,31,37.1,699,95.28,31.43,45019.1,35.68,78.63,159,1,1
1/3/2024 20:00,D008,VH008,Hyundai,Kona Long Range,64,484,1750,150,0,36.25,0.53,540.6,88,149,8,9,4,7,Fog,High,20,68,57,18,699,95.28,6.805,45055.4,36.06,78.4,159,1,1
1/3/2024 22:00,D008,VH008,Hyundai,Kona Long Range,64,484,1750,150,0,31.83,0.44,343.64,111,122,2,3,6,9,Cloudy,Low,23,65,55,18,699,95.28,5.911,45087.2,36.19,78.33,160,1,1
1/4/2024 0:00,D008,VH008,Hyundai,Kona Long Range,64,484,1750,150,1,107.91,0.93,2139.61,118,128,3,8,6,1,Rain,Medium,14,51,22,18,699,95.28,18.191,45195.1,36.55,78.11,160,1,1
1/4/2024 2:00,D008,VH008,Hyundai,Kona Long Range,64,484,1750,150,1,130.05,1.11,1433.75,121,146,8,6,7,2,Fog,Medium,23,70,33,24.1,699,95.28,23.191,45325.2,36.83,77.95,160,1,1
1/4/2024 4:00,D008,VH008,Hyundai,Kona Long Range,64,484,1750,150,1,149.18,1.37,2035.05,113,165,5,3,6,3,Rain,Medium,21,64,23,29.9,699,95.28,26.097,45474.3,37,77.85,160,1,1
1/4/2024 6:00,D008,VH008,Hyundai,Kona Long Range,64,484,1750,150,1,142.79,1.38,2038.21,105,165,10,6,3,1,Clear,Medium,13,65,17,32.1,699,95.28,30.277,45617.1,37.29,77.69,160,1,1
1/4/2024 8:00,D008,VH008,Hyundai,Kona Long Range,64,484,1750,150,1,135.07,1.65,1482.93,82,158,12,5,5,0,Clear,Medium,12,65,18,26.5,700,95.28,29.595,45752.2,37.54,77.55,160,1,1
1/4/2024 10:00,D008,VH008,Hyundai,Kona Long Range,64,484,1750,150,0,64.53,0.86,1119.91,105,143,5,9,9,15,Rain,Medium,20,63,44,20.2,700,95.27,11.883,45816.7,37.92,77.31,160,1,1
1/4/2024 12:00,D008,VH008,Hyundai,Kona Long Range,64,484,1750,150,0,41.32,0.47,824.11,103,118,7,4,7,4,Rain,Low,19,44,31,18,700,95.27,7.885,45858.1,38.1,77.21,160,1,1
1/4/2024 14:00,D008,VH008,Hyundai,Kona Long Range,64,484,1750,150,1,109.98,1.04,1263.39,107,151,3,4,7,1,Clear,Medium,22,54,21,25.1,700,95.27,20.599,45968,38.3,77.1,160,1,1
1/4/2024 16:00,D008,VH008,Hyundai,Kona Long Range,64,484,1750,150,0,34.94,0.57,596.48,77,124,8,10,4,7,Cloudy,High,20,74,62,18,700,95.27,7.237,46003,38.71,76.84,160,1,1
1/4/2024 18:00,D008,VH008,Hyundai,Kona Long Range,64,484,1750,150,0,57.2,0.76,1025.29,82,118,2,6,5,4,Clear,Medium,24,52,34,19.2,700,95.27,11.065,46060.2,38.97,76.68,160,1,1
1/4/2024 20:00,D008,VH008,Hyundai,Kona Long Range,64,484,1750,150,0,11.52,0.38,163.53,88,127,4,4,8,15,Rain,Medium,20,68,64,18,700,95.27,2.083,46071.7,39.13,76.58,160,1,1
1/4/2024 22:00,D008,VH008,Hyundai,Kona Long Range,64,484,1750,150,0,58.64,0.73,940.11,89,98,3,5,5,4,Cloudy,Medium,17,80,62,18,700,95.27,11.099,46130.3,39.35,76.45,161,1,1
1/5/2024 0:00,D008,VH008,Hyundai,Kona Long Range,64,484,1750,150,0,30.74,0.58,589.82,62,160,6,5,5,5,Fog,Medium,23,86,77,18,700,95.27,5.571,46161.1,39.56,76.32,161,1,1
1/5/2024 2:00,D008,VH008,Hyundai,Kona Long Range,64,484,1750,150,0,24.54,0.41,484.83,102,111,4,10,6,10,Cloudy,High,22,68,60,18,700,95.27,4.732,46185.6,39.97,76.07,161,1,1
1/5/2024 4:00,D008,VH008,Hyundai,Kona Long Range,64,484,1750,150,0,36.46,0.53,489.35,89,136,10,6,4,7,Clear,Medium,18,80,67,18,700,95.27,8.138,46222.1,40.23,75.91,161,1,0
1/5/2024 6:00,D008,VH008,Hyundai,Kona Long Range,64,484,1750,150,0,16.85,0.31,334.65,70,149,7,2,4,4,Cloudy,Low,10,86,80,18,700,95.27,3.43,46238.9,40.31,75.86,161,1,1
1/5/2024 8:00,D008,VH008,Hyundai,Kona Long Range,64,484,1750,150,0,52.99,0.8,683.39,78,126,6,10,1,7,Clear,Low,15,75,57,18,700,95.27,11.039,46291.9,40.73,75.61,161,1,1
1/5/2024 10:00,D008,VH008,Hyundai,Kona Long Range,64,484,1750,150,0,19.52,0.35,263.21,97,148,8,3,3,9,Clear,Low,21,72,65,18,700,95.27,4.212,46311.4,40.86,75.53,161,1,1
1/5/2024 12:00,D008,VH008,Hyundai,Kona Long Range,64,484,1750,150,1,158.69,1.72,1699.04,92,165,5,3,7,0,Cloudy,Low,16,68,21,33.2,701,95.27,29.611,46470.1,41.03,75.43,161,1,1
1/5/2024 14:00,D008,VH008,Hyundai,Kona Long Range,64,484,1750,150,1,72.02,0.57,1305.67,130,135,3,6,7,1,Cloudy,Medium,20,59,38,18,701,95.27,12.95,46542.1,41.3,75.28,161,1,1
1/5/2024 16:00,D008,VH008,Hyundai,Kona Long Range,64,484,1750,150,0,52.32,0.91,586.46,67,122,7,5,7,8,Clear,High,17,73,55,18,701,95.27,11.094,46594.5,41.52,75.15,161,1,1
1/5/2024 18:00,D008,VH008,Hyundai,Kona Long Range,64,484,1750,150,0,53.24,0.69,682.36,90,106,10,5,8,6,Cloudy,Low,16,69,51,18,701,95.26,11.408,46647.7,41.73,75.01,161,1,1
1/5/2024 20:00,D008,VH008,Hyundai,Kona Long Range,64,484,1750,150,1,99.93,1.11,1519.08,93,161,4,5,6,2,Rain,Medium,18,61,34,19.3,701,95.26,17.163,46747.6,41.97,74.88,161,1,1
1/5/2024 22:00,D008,VH008,Hyundai,Kona Long Range,64,484,1750,150,1,66.82,0.58,923.71,119,146,3,9,3,1,Cloudy,Low,22,62,43,18,701,95.26,12.015,46814.5,42.35,74.64,162,1,1
1/6/2024 0:00,D008,VH008,Hyundai,Kona Long Range,64,484,1750,150,0,11.81,0.17,176.1,99,148,9,4,2,3,Rain,Medium,21,65,61,18,701,95.26,2.333,46826.3,42.52,74.54,162,1,1
1/6/2024 2:00,D008,VH008,Hyundai,Kona Long Range,64,484,1750,150,0,38.71,0.57,439.74,77,125,0,3,5,4,Clear,Medium,20,76,64,18,701,95.26,7.2,46865,42.65,74.46,162,1,1
1/6/2024 4:00,D008,VH008,Hyundai,Kona Long Range,64,484,1750,150,0,64.08,0.76,864.11,88,120,9,3,4,2,Clear,Low,26,88,66,23.3,701,95.26,14.064,46929.1,42.79,74.38,162,1,1
1/6/2024 6:00,D008,VH008,Hyundai,Kona Long Range,64,484,1750,150,0,34.8,0.52,572.08,69,133,2,0,5,1,Fog,Low,22,79,69,18,701,95.26,5.857,46963.9,42.81,74.38,162,1,1
1/6/2024 8:00,D008,VH008,Hyundai,Kona Long Range,64,484,1750,150,1,162.88,1.89,1740.36,86,155,6,4,6,0,Fog,Medium,23,75,31,32.6,701,95.26,28.044,47126.7,43.02,74.26,162,1,1
1/6/2024 10:00,D008,VH008,Hyundai,Kona Long Range,64,484,1750,150,0,15.71,0.23,261.56,87,129,6,5,5,3,Rain,Low,15,81,76,18,701,95.26,2.945,47142.4,43.23,74.13,162,1,1
1/6/2024 12:00,D008,VH008,Hyundai,Kona Long Range,64,484,1750,150,1,112.36,0.86,1422.25,130,165,5,4,2,0,Cloudy,Medium,20,80,47,27.1,702,95.26,20.966,47254.8,43.43,74.02,162,1,1
1/6/2024 14:00,D008,VH008,Hyundai,Kona Long Range,64,484,1750,150,0,62.05,1.01,1196.62,72,127,10,3,6,9,Rain,Medium,20,58,38,20.1,702,95.26,12.465,47316.9,43.57,73.93,162,1,1
1/6/2024 16:00,D008,VH008,Hyundai,Kona Long Range,64,484,1750,150,0,12.27,0.26,149.54,75,131,5,4,5,6,Fog,Low,27,87,83,18,702,95.26,2.184,47329.1,43.73,73.83,162,1,0
1/6/2024 18:00,D008,VH008,Hyundai,Kona Long Range,64,484,1750,150,0,56.91,0.98,958.14,62,112,8,10,1,4,Clear,High,19,83,63,21.7,702,95.26,12.279,47386,44.15,73.58,162,1,1
1/6/2024 20:00,D008,VH008,Hyundai,Kona Long Range,64,484,1750,150,1,70.69,0.67,1293.79,111,145,7,8,5,2,Clear,Low,16,55,32,22,702,95.26,14.24,47456.7,44.5,73.37,162,1,1
1/6/2024 22:00,D008,VH008,Hyundai,Kona Long Range,64,484,1750,150,1,80.37,0.7,822.66,117,140,7,4,7,1,Rain,Medium,19,80,57,20.7,702,95.25,14.571,47537.1,44.69,73.26,163,1,1
1/7/2024 0:00,D008,VH008,Hyundai,Kona Long Range,64,484,1750,150,0,21.69,0.3,396.05,77,133,5,5,2,1,Fog,Low,16,78,71,18,702,95.25,3.861,47558.8,44.89,73.13,163,1,1
1/7/2024 2:00,D008,VH008,Hyundai,Kona Long Range,64,484,1750,150,0,35.37,0.48,672.14,89,126,4,1,3,5,Fog,Medium,14,69,59,18,702,95.25,6.181,47594.2,44.95,73.1,163,1,1
1/7/2024 4:00,D008,VH008,Hyundai,Kona Long Range,64,484,1750,150,0,57.02,0.85,1052.97,82,144,6,7,5,9,Clear,Low,16,75,56,18,702,95.25,11.878,47651.2,45.25,72.92,163,1,0
1/7/2024 6:00,D008,VH008,Hyundai,Kona Long Range,64,484,1750,150,1,88.96,0.75,1722.81,118,133,6,8,4,0,Cloudy,Medium,13,83,56,25.2,702,95.25,16.901,47740.1,45.6,72.71,163,1,1
1/7/2024 8:00,D008,VH008,Hyundai,Kona Long Range,64,484,1750,150,1,136.61,1.24,1653.89,110,138,5,1,6,0,Cloudy,Medium,24,69,29,31.2,702,95.25,25.491,47876.7,45.68,72.67,163,1,1
1/7/2024 10:00,D008,VH008,Hyundai,Kona Long Range,64,484,1750,150,0,10.41,0.18,117.45,80,110,9,3,9,3,Rain,Low,19,73,69,18,702,95.25,2.056,47887.2,45.81,72.59,163,1,1
1/7/2024 12:00,D008,VH008,Hyundai,Kona Long Range,64,484,1750,150,0,33.28,0.43,559.31,78,141,3,4,7,0,Fog,Low,13,63,54,18,702,95.25,5.708,47920.4,45.98,72.49,163,1,1
1/7/2024 14:00,D008,VH008,Hyundai,Kona Long Range,64,484,1750,150,0,9.4,0.21,165.35,76,115,6,7,4,5,Clear,Medium,20,49,45,18,703,95.25,1.958,47929.8,46.26,72.31,163,1,1
1/7/2024 16:00,D008,VH008,Hyundai,Kona Long Range,64,484,1750,150,0,62.37,0.82,1110.79,93,98,2,7,8,9,Fog,Low,22,76,59,18,703,95.25,10.496,47992.2,46.57,72.13,163,1,1
1/7/2024 18:00,D008,VH008,Hyundai,Kona Long Range,64,484,1750,150,1,70.12,0.7,748.01,103,165,8,2,8,1,Rain,Medium,16,55,34,18,703,95.25,12.935,48062.3,46.67,72.07,163,1,1
1/7/2024 20:00,D008,VH008,Hyundai,Kona Long Range,64,484,1750,150,0,15.29,0.28,287.45,91,125,3,4,3,7,Clear,High,19,65,60,18,703,95.25,3.015,48077.6,46.84,71.97,163,1,1
1/7/2024 22:00,D008,VH008,Hyundai,Kona Long Range,64,484,1750,150,1,139.62,1.21,2648.03,117,157,9,6,4,1,Cloudy,Low,9,61,17,24.6,703,95.25,27.947,48217.2,47.12,71.8,164,1,1
1/8/2024 0:00,D008,VH008,Hyundai,Kona Long Range,64,484,1750,150,1,64.88,0.61,1294.91,107,163,2,4,2,0,Clear,Medium,18,83,64,18,703,95.25,11.923,48282.1,47.31,71.69,164,1,1
1/8/2024 2:00,D008,VH008,Hyundai,Kona Long Range,64,484,1750,150,0,24.22,0.35,432.67,85,119,5,0,4,4,Rain,Low,20,66,59,18,703,95.25,4.46,48306.3,47.32,71.69,164,1,1
1/8/2024 4:00,D008,VH008,Hyundai,Kona Long Range,64,484,1750,150,0,8.74,0.12,124.18,86,127,9,5,4,1,Fog,Medium,17,57,54,18,703,95.25,1.669,48315.1,47.52,71.56,164,1,1
1/8/2024 6:00,D008,VH008,Hyundai,Kona Long Range,64,484,1750,150,0,44.03,0.59,713.47,90,140,4,5,2,6,Clear,High,16,57,43,18,703,95.25,8.845,48359.1,47.73,71.43,164,1,1
1/8/2024 8:00,D008,VH008,Hyundai,Kona Long Range,64,484,1750,150,0,10.73,0.13,162.37,80,106,13,9,6,0,Clear,Medium,18,50,46,18,703,95.25,2.515,48369.8,48.1,71.21,164,1,0
1/8/2024 10:00,D008,VH008,Hyundai,Kona Long Range,64,484,1750,150,0,27.65,0.57,442.92,63,141,9,4,9,8,Rain,Low,12,56,47,18,703,95.24,5.462,48397.5,48.27,71.1,164,1,1
1/8/2024 12:00,D008,VH008,Hyundai,Kona Long Range,64,484,1750,150,1,171.51,1.65,2588.57,106,162,3,9,4,2,Cloudy,Low,14,76,27,30.7,703,95.24,30.839,48569,48.69,70.86,164,1,1
1/8/2024 14:00,D008,VH008,Hyundai,Kona Long Range,64,484,1750,150,0,45.31,0.79,817.74,66,148,6,5,4,6,Cloudy,High,20,69,54,18.6,703,95.24,9.061,48614.3,48.9,70.73,164,1,1
1/8/2024 16:00,D008,VH008,Hyundai,Kona Long Range,64,484,1750,150,0,63.84,0.97,1214.85,83,124,6,4,4,12,Cloudy,Medium,15,66,46,19.9,704,95.24,12.767,48678.2,49.09,70.62,164,1,1
1/8/2024 18:00,D008,VH008,Hyundai,Kona Long Range,64,484,1750,150,0,15.61,0.37,215.36,94,143,5,7,4,12,Rain,High,16,44,39,18,704,95.24,2.874,48693.8,49.37,70.44,164,1,1
1/8/2024 20:00,D008,VH008,Hyundai,Kona Long Range,64,484,1750,150,0,60.08,0.93,941.25,67,123,10,5,7,2,Clear,Medium,23,56,35,20.5,704,95.24,13.41,48753.8,49.59,70.31,164,1,1
1/8/2024 22:00,D008,VH008,Hyundai,Kona Long Range,64,484,1750,150,0,57.45,0.69,839.24,92,123,2,2,7,4,Rain,Low,20,74,58,18,704,95.24,10.002,48811.3,49.69,70.25,165,1,1
1/9/2024 0:00,D008,VH008,Hyundai,Kona Long Range,64,484,1750,150,0,20.4,0.41,383.03,92,133,11,5,4,11,Rain,Low,20,61,54,18,704,95.24,4.166,48831.7,49.9,70.13,165,1,1
1/9/2024 2:00,D008,VH008,Hyundai,Kona Long Range,64,484,1750,150,0,23.93,0.48,288.55,61,131,6,5,5,5,Clear,Low,19,67,59,18,704,95.24,4.985,48855.6,50.11,70,165,1,1
1/9/2024 4:00,D008,VH008,Hyundai,Kona Long Range,64,484,1750,150,1,123.57,1.11,1374.47,113,164,5,8,6,1,Clear,Medium,17,73,35,29.7,704,95.24,24.018,48979.2,50.47,69.78,165,1,1
1/9/2024 6:00,D008,VH008,Hyundai,Kona Long Range,64,484,1750,150,0,26.66,0.42,500.31,79,122,4,5,3,5,Rain,Medium,17,61,53,18,704,95.24,4.82,49005.9,50.68,69.66,165,1,1
1/9/2024 8:00,D008,VH008,Hyundai,Kona Long Range,64,484,1750,150,0,10.98,0.24,198,80,114,6,5,4,6,Rain,High,23,51,47,18,704,95.24,2.059,49016.8,50.88,69.53,165,1,1
1/9/2024 10:00,D008,VH008,Hyundai,Kona Long Range,64,484,1750,150,0,63.73,0.77,979.44,95,131,9,5,3,6,Fog,Medium,27,74,54,22.4,704,95.24,12.169,49080.6,51.11,69.4,165,1,1
1/9/2024 12:00,D008,VH008,Hyundai,Kona Long Range,64,484,1750,150,0,43.72,0.53,775.09,97,132,6,10,10,5,Rain,High,21,85,72,18,704,95.24,8.197,49124.3,51.52,69.14,165,1,1
1/9/2024 14:00,D008,VH008,Hyundai,Kona Long Range,64,484,1750,150,1,137.27,1.26,1490.54,112,151,7,4,2,2,Cloudy,Medium,16,80,38,27.2,704,95.23,26.545,49261.6,51.73,69.03,165,1,1
1/9/2024 16:00,D008,VH008,Hyundai,Kona Long Range,64,484,1750,150,0,42.3,0.53,498.22,88,140,3,7,3,3,Clear,Medium,14,71,57,18,704,95.23,8.34,49303.9,52.02,68.84,165,1,1
1/9/2024 18:00,D008,VH008,Hyundai,Kona Long Range,64,484,1750,150,1,94.94,0.75,1785.65,130,146,6,2,8,1,Clear,Medium,18,76,46,22.7,704,95.23,18.789,49398.8,52.14,68.78,165,1,1
1/9/2024 20:00,D008,VH008,Hyundai,Kona Long Range,64,484,1750,150,0,33.76,0.68,607.42,66,120,7,4,4,10,Fog,Medium,21,70,60,18,705,95.23,6.228,49432.6,52.31,68.68,165,1,1
1/9/2024 22:00,D008,VH008,Hyundai,Kona Long Range,64,484,1750,150,0,19.99,0.31,235,89,153,3,6,14,5,Rain,Medium,18,71,65,18,705,95.23,3.547,49452.5,52.56,68.53,166,1,0
1/10/2024 0:00,D008,VH008,Hyundai,Kona Long Range,64,484,1750,150,1,97.18,0.86,985.5,113,147,3,1,5,0,Cloudy,Low,20,50,22,22.7,705,95.23,17.474,49549.7,52.63,68.49,166,1,1
1/10/2024 2:00,D008,VH008,Hyundai,Kona Long Range,64,484,1750,150,0,23.45,0.51,287.91,69,114,7,5,8,10,Clear,Low,11,70,62,18,705,95.23,4.972,49573.2,52.84,68.36,166,1,1
1/10/2024 4:00,D008,VH008,Hyundai,Kona Long Range,64,484,1750,150,1,129.72,1.02,1689.94,129,165,4,6,7,1,Fog,Medium,20,52,18,29.2,705,95.23,21.537,49702.9,53.12,68.2,166,1,1
1/10/2024 6:00,D008,VH008,Hyundai,Kona Long Range,64,484,1750,150,0,44.83,0.63,513.47,90,145,8,5,5,8,Cloudy,Medium,22,63,48,19.8,705,95.23,9.286,49747.7,53.34,68.07,166,1,1
1/10/2024 8:00,D008,VH008,Hyundai,Kona Long Range,64,484,1750,150,0,64.97,0.81,1083.52,84,128,10,2,2,2,Rain,Medium,20,65,44,18,705,95.23,13.051,49812.7,53.44,68.01,166,1,1
1/10/2024 10:00,D008,VH008,Hyundai,Kona Long Range,64,484,1750,150,1,106.99,0.95,1614.84,113,155,8,4,4,0,Fog,Medium,25,54,24,27.3,705,95.23,19.079,49919.7,53.64,67.9,166,1,1
1/10/2024 12:00,D008,VH008,Hyundai,Kona Long Range,64,484,1750,150,1,83.59,0.92,1134.33,91,165,6,4,6,0,Fog,Medium,21,62,39,19.8,705,95.23,14.392,50003.3,53.83,67.79,166,1,1
1/10/2024 14:00,D008,VH008,Hyundai,Kona Long Range,64,484,1750,150,1,89.03,1.05,1584.27,88,161,11,4,10,2,Rain,Low,21,92,65,23.2,705,95.23,17.273,50092.3,54.02,67.68,166,1,1
1/10/2024 16:00,D008,VH008,Hyundai,Kona Long Range,64,484,1750,150,0,35.08,0.52,701.27,84,138,8,9,4,6,Clear,Medium,23,67,55,18,705,95.23,7.569,50127.4,54.39,67.45,166,1,1
1/10/2024 18:00,D008,VH008,Hyundai,Kona Long Range,64,484,1750,150,1,146.1,1.7,2709.5,87,150,4,8,5,1,Rain,Medium,17,48,10,28.1,706,95.22,25.093,50273.5,54.76,67.23,166,1,1
1/10/2024 20:00,D008,VH008,Hyundai,Kona Long Range,64,484,1750,150,0,36.38,0.62,647.05,80,130,8,8,4,10,Rain,Medium,14,81,69,18,706,95.22,7.064,50309.9,55.1,67.02,166,1,1
1/10/2024 22:00,D008,VH008,Hyundai,Kona Long Range,64,484,1750,150,0,51.62,0.85,730.86,70,88,1,3,5,7,Clear,Medium,12,75,59,18,706,95.22,9.793,50361.5,55.23,66.94,167,1,0
1/11/2024 0:00,D008,VH008,Hyundai,Kona Long Range,64,484,1750,150,1,87.74,0.78,1512.85,117,155,6,3,4,2,Fog,Medium,20,84,60,20.2,706,95.22,15.107,50449.2,55.39,66.86,167,1,1
1/11/2024 2:00,D008,VH008,Hyundai,Kona Long Range,64,484,1750,150,0,55.34,0.65,590,104,109,5,4,7,7,Clear,Low,19,78,60,18,706,95.22,11.323,50504.6,55.56,66.75,167,1,1
1/11/2024 4:00,D008,VH008,Hyundai,Kona Long Range,64,484,1750,150,0,31.2,0.46,577.18,71,123,9,7,2,1,Clear,Medium,23,76,65,18,706,95.22,6.848,50535.8,55.86,66.57,167,1,1
1/11/2024 6:00,D008,VH008,Hyundai,Kona Long Range,64,484,1750,150,1,161.9,1.46,2485.85,111,165,6,1,5,0,Clear,Medium,15,65,14,33.2,706,95.22,32.041,50697.7,55.95,66.53,167,1,1
1/11/2024 8:00,D008,VH008,Hyundai,Kona Long Range,64,484,1750,150,1,170.04,1.64,3249.66,106,135,7,6,3,2,Cloudy,Medium,18,72,20,34.8,706,95.22,32.882,50867.7,56.25,66.36,167,1,1
1/11/2024 10:00,D008,VH008,Hyundai,Kona Long Range,64,484,1750,150,1,98.32,0.85,1210.19,115,156,9,2,7,0,Clear,Medium,21,59,26,24.6,707,95.22,20.5,50966,56.37,66.3,167,1,1
1/11/2024 12:00,D008,VH008,Hyundai,Kona Long Range,64,484,1750,150,0,50.96,0.77,988.25,72,128,7,6,4,4,Fog,Low,16,75,60,18,707,95.22,9.401,51017,56.62,66.14,167,1,1
1/11/2024 14:00,D008,VH008,Hyundai,Kona Long Range,64,484,1750,150,1,131.01,1.12,2038.51,119,144,5,5,6,1,Rain,Medium,17,62,26,26.5,707,95.21,22.918,51148,56.87,66,167,1,1
1/11/2024 16:00,D008,VH008,Hyundai,Kona Long Range,64,484,1750,150,0,49.03,0.61,782.43,88,94,3,5,4,3,Rain,Low,13,66,52,18,707,95.21,8.7,51197,57.09,65.87,167,1,1
1/11/2024 18:00,D008,VH008,Hyundai,Kona Long Range,64,484,1750,150,1,71.78,0.61,743.53,117,141,5,6,5,0,Clear,Low,22,56,34,19.5,707,95.21,13.952,51268.8,57.35,65.71,167,1,1
1/11/2024 20:00,D008,VH008,Hyundai,Kona Long Range,64,484,1750,150,0,61.3,0.83,810.13,77,132,6,2,5,2,Clear,High,19,80,60,18,707,95.21,12.77,51330.1,57.45,65.65,167,1,1
1/11/2024 22:00,D008,VH008,Hyundai,Kona Long Range,64,484,1750,150,0,60.02,0.58,767.69,103,161,12,5,5,0,Cloudy,Medium,25,71,50,25.1,707,95.21,13.289,51390.1,57.67,65.52,168,1,1
1/12/2024 0:00,D008,VH008,Hyundai,Kona Long Range,64,484,1750,150,0,44.64,0.63,850.75,90,126,4,11,2,8,Clear,Medium,19,67,52,18,707,95.21,8.967,51434.8,58.13,65.24,168,1,1
1/12/2024 2:00,D008,VH008,Hyundai,Kona Long Range,64,484,1750,150,0,43.54,0.62,772.63,87,132,9,3,5,7,Rain,Low,22,61,47,18,707,95.21,8.601,51478.3,58.27,65.16,168,1,1
1/12/2024 4:00,D008,VH008,Hyundai,Kona Long Range,64,484,1750,150,0,18.29,0.37,332.48,83,126,5,4,4,9,Rain,Medium,12,60,54,18,707,95.21,3.368,51496.6,58.43,65.06,168,1,1
1/12/2024 6:00,D008,VH008,Hyundai,Kona Long Range,64,484,1750,150,1,148.48,1.28,1534.28,119,163,7,8,7,2,Clear,Low,18,69,22,33.4,707,95.21,29.91,51645.1,58.8,64.84,168,1,1
1/12/2024 8:00,D008,VH008,Hyundai,Kona Long Range,64,484,1750,150,0,28.62,0.69,545.61,56,154,10,6,5,11,Clear,Medium,24,55,45,18,708,95.21,6.388,51673.7,59.05,64.69,168,1,0
1/12/2024 10:00,D008,VH008,Hyundai,Kona Long Range,64,484,1750,150,1,142,1.58,2296.13,92,165,6,7,8,2,Clear,Low,21,78,34,31.4,708,95.21,28.102,51815.7,59.38,64.49,168,1,1
1/12/2024 12:00,D008,VH008,Hyundai,Kona Long Range,64,484,1750,150,1,108.07,1.1,1967.58,100,135,9,6,7,1,Clear,Low,22,70,34,24,708,95.2,22.533,51923.8,59.66,64.33,168,1,1
1/12/2024 14:00,D008,VH008,Hyundai,Kona Long Range,64,484,1750,150,1,96.32,0.79,1312.04,124,156,5,8,13,1,Cloudy,Medium,15,70,41,21.4,708,95.2,17.973,52020.1,60.02,64.12,168,1,1
1/12/2024 16:00,D008,VH008,Hyundai,Kona Long Range,64,484,1750,150,1,132.85,1.1,1720.75,124,158,6,6,6,2,Clear,Medium,12,51,10,25.1,708,95.2,26.292,52152.9,60.3,63.95,168,1,1
1/12/2024 18:00,D008,VH008,Hyundai,Kona Long Range,64,484,1750,150,0,58.25,0.83,1159.23,100,149,7,10,4,15,Clear,Medium,16,55,35,18,708,95.2,12.351,52211.2,60.72,63.7,168,1,1
1/12/2024 20:00,D008,VH008,Hyundai,Kona Long Range,64,484,1750,150,1,59.91,0.58,907.27,107,164,6,4,4,1,Fog,Medium,14,54,37,18,708,95.2,10.315,52271.1,60.9,63.59,168,1,1
1/12/2024 22:00,D008,VH008,Hyundai,Kona Long Range,64,484,1750,150,1,139.89,1.37,1647.66,103,165,7,5,7,1,Clear,Medium,17,63,18,28,709,95.2,28.179,52411,61.15,63.45,169,1,1
1/13/2024 0:00,D008,VH008,Hyundai,Kona Long Range,64,484,1750,150,1,57.86,0.52,718.33,112,164,7,4,4,0,Rain,Medium,19,78,61,19.2,709,95.2,10.49,52468.8,61.33,63.34,169,1,1
1/13/2024 2:00,D008,VH008,Hyundai,Kona Long Range,64,484,1750,150,0,20.56,0.35,364.21,101,106,5,10,3,9,Clear,High,19,74,67,18,709,95.2,4.207,52489.4,61.74,63.09,169,1,1
1/13/2024 4:00,D008,VH008,Hyundai,Kona Long Range,64,484,1750,150,0,16.97,0.26,260.77,82,144,7,2,6,3,Clear,Medium,20,75,69,18,709,95.2,3.598,52506.4,61.83,63.04,169,1,1
1/13/2024 6:00,D008,VH008,Hyundai,Kona Long Range,64,484,1750,150,0,55.22,0.8,1068.64,69,105,6,4,7,0,Cloudy,Low,21,78,60,20.4,709,95.2,11.043,52561.6,62,62.93,169,1,1
1/13/2024 8:00,D008,VH008,Hyundai,Kona Long Range,64,484,1750,150,0,21.6,0.34,330.66,98,159,3,7,5,7,Clear,High,12,92,85,18,709,95.2,4.259,52583.2,62.29,62.75,169,1,1
1/13/2024 10:00,D008,VH008,Hyundai,Kona Long Range,64,484,1750,150,0,36.39,0.61,693.18,93,111,9,1,3,13,Fog,Low,14,66,55,18,709,95.2,6.949,52619.6,62.34,62.72,169,1,0
1/13/2024 12:00,D008,VH008,Hyundai,Kona Long Range,64,484,1750,150,0,44.59,0.75,658.45,70,155,8,3,3,7,Rain,Low,9,51,37,18,709,95.2,8.659,52664.2,62.48,62.64,169,1,0
1/13/2024 14:00,D008,VH008,Hyundai,Kona Long Range,64,484,1750,150,1,72.29,0.66,846.86,118,157,8,3,7,3,Clear,Medium,17,68,44,19.1,709,95.19,14.817,52736.5,62.63,62.56,169,1,0
1/13/2024 16:00,D008,VH008,Hyundai,Kona Long Range,64,484,1750,150,1,146.54,1.33,2131.58,113,160,4,5,1,2,Fog,Medium,14,49,10,24.8,709,95.19,24.33,52883,62.88,62.42,169,1,0
1/13/2024 18:00,D008,VH008,Hyundai,Kona Long Range,64,484,1750,150,0,10.39,0.15,163.02,90,138,8,3,6,2,Clear,Medium,15,53,49,18,709,95.19,2.242,52893.4,63,62.34,169,1,0
1/13/2024 20:00,D008,VH008,Hyundai,Kona Long Range,64,484,1750,150,0,24.06,0.34,408.57,93,129,9,6,7,5,Cloudy,Medium,21,64,56,18,709,95.19,5.069,52917.5,63.25,62.19,169,1,1
1/13/2024 22:00,D008,VH008,Hyundai,Kona Long Range,64,484,1750,150,1,142.86,1.16,2644.27,125,136,10,6,6,1,Clear,Medium,14,87,39,29,709,95.19,30.292,53060.3,63.54,62.02,170,1,0
1/14/2024 0:00,D008,VH008,Hyundai,Kona Long Range,64,484,1750,150,1,105.46,0.94,1168.08,118,137,7,8,4,3,Fog,Medium,22,56,27,23,710,95.19,18.482,53165.8,63.9,61.81,170,1,0
1/14/2024 2:00,D008,VH008,Hyundai,Kona Long Range,64,484,1750,150,1,142.73,1.27,2580.9,115,165,9,6,4,2,Rain,Medium,18,50,10,29.9,710,95.19,26.784,53308.5,64.19,61.64,170,1,0
1/14/2024 4:00,D008,VH008,Hyundai,Kona Long Range,64,484,1750,150,1,153.35,1.52,2096.58,101,127,8,7,4,0,Cloudy,Low,22,70,22,34.1,710,95.19,30.175,53461.9,64.52,61.45,170,1,0
1/14/2024 6:00,D008,VH008,Hyundai,Kona Long Range,64,484,1750,150,1,68.09,0.58,1295.73,121,154,6,3,13,1,Rain,Medium,29,66,47,24.1,710,95.19,12.128,53529.9,64.66,61.36,170,1,0
1/14/2024 8:00,D008,VH008,Hyundai,Kona Long Range,64,484,1750,150,0,46.79,0.71,829.02,86,160,6,3,1,10,Clear,Low,17,77,61,18,710,95.19,9.747,53576.7,64.8,61.28,170,1,0
1/14/2024 10:00,D008,VH008,Hyundai,Kona Long Range,64,484,1750,150,0,39.52,0.63,720.25,63,141,7,5,1,0,Rain,Low,23,62,50,20.4,710,95.18,7.542,53616.2,65.01,61.15,170,1,0
1/14/2024 12:00,D008,VH008,Hyundai,Kona Long Range,64,484,1750,150,1,129.17,1.22,1481.26,109,144,7,4,3,2,Clear,Medium,22,60,19,29.8,710,95.18,26.02,53745.4,65.22,61.04,170,1,0
1/14/2024 14:00,D008,VH008,Hyundai,Kona Long Range,64,484,1750,150,1,132.08,1.45,1340.29,92,165,8,5,6,1,Clear,Medium,24,41,10,31,711,95.18,22.304,53877.5,65.47,60.9,170,1,1
1/14/2024 16:00,D008,VH008,Hyundai,Kona Long Range,64,484,1750,150,0,11.93,0.29,190.18,109,121,7,2,1,11,Rain,Medium,22,81,77,18,711,95.18,2.277,53889.4,65.55,60.84,170,1,1
1/14/2024 18:00,D008,VH008,Hyundai,Kona Long Range,64,484,1750,150,0,30.49,0.53,368.57,74,126,6,5,5,7,Rain,Medium,21,47,38,18,711,95.18,5.717,53919.9,65.76,60.72,170,1,1
1/14/2024 20:00,D008,VH008,Hyundai,Kona Long Range,64,484,1750,150,0,57.21,0.72,870.32,90,144,4,8,4,5,Rain,Medium,19,71,54,18,711,95.18,10.343,53977.1,66.1,60.51,170,1,0
1/14/2024 22:00,D008,VH008,Hyundai,Kona Long Range,64,484,1750,150,0,51.46,0.69,652.21,95,130,15,1,2,9,Cloudy,Medium,16,81,62,18,711,95.18,11.945,54028.6,66.16,60.48,171,1,0
1/15/2024 0:00,D008,VH008,Hyundai,Kona Long Range,64,484,1750,150,0,14.91,0.21,211.07,96,117,8,5,4,3,Fog,Medium,14,61,56,18,711,95.18,2.799,54043.5,66.36,60.35,171,1,0
1/15/2024 2:00,D008,VH008,Hyundai,Kona Long Range,64,484,1750,150,0,11.09,0.29,182.51,82,148,7,5,9,9,Cloudy,Low,9,78,74,18,711,95.18,2.257,54054.6,66.57,60.22,171,1,0
1/15/2024 4:00,D008,VH008,Hyundai,Kona Long Range,64,484,1750,150,0,28.95,0.27,308.64,109,133,4,6,2,0,Clear,Medium,21,65,55,18,711,95.18,5.815,54083.5,66.82,60.07,171,1,0
1/15/2024 6:00,D008,VH008,Hyundai,Kona Long Range,64,484,1750,150,1,67.92,0.67,1232.61,107,126,3,3,7,2,Clear,Medium,18,71,51,18,711,95.18,12.722,54151.5,66.96,59.99,171,1,0
1/15/2024 8:00,D008,VH008,Hyundai,Kona Long Range,64,484,1750,150,0,29.6,0.53,387.38,66,124,10,3,7,5,Fog,High,20,85,76,18,711,95.18,5.748,54181.1,67.09,59.91,171,1,1
1/15/2024 10:00,D008,VH008,Hyundai,Kona Long Range,64,484,1750,150,0,51.05,0.97,752.87,61,134,1,4,7,8,Fog,Medium,16,75,61,18,711,95.18,8.426,54232.1,67.27,59.8,171,1,1
1/15/2024 12:00,D008,VH008,Hyundai,Kona Long Range,64,484,1750,150,0,60.78,0.78,1021.83,90,137,7,6,3,6,Clear,Low,19,76,55,21.9,711,95.18,12.888,54292.9,67.53,59.65,171,1,0
1/15/2024 14:00,D008,VH008,Hyundai,Kona Long Range,64,484,1750,150,1,134.56,1.05,2434.16,130,149,4,4,4,1,Clear,Low,16,71,30,29.5,711,95.18,25.679,54427.4,67.74,59.53,171,1,0
1/15/2024 16:00,D008,VH008,Hyundai,Kona Long Range,64,484,1750,150,0,12.42,0.29,160.46,89,147,5,3,6,9,Clear,Medium,23,76,72,18,711,95.18,2.541,54439.9,67.86,59.45,171,1,0
1/15/2024 18:00,D008,VH008,Hyundai,Kona Long Range,64,484,1750,150,0,49.83,0.67,711.03,85,120,6,6,4,5,Clear,Medium,14,69,52,18,711,95.17,10.381,54489.7,68.12,59.3,171,1,0
1/15/2024 20:00,D008,VH008,Hyundai,Kona Long Range,64,484,1750,150,0,44.8,0.44,740.05,116,131,8,1,3,3,Clear,Low,22,63,47,19.5,711,95.17,9.666,54534.5,68.18,59.27,171,1,0
1/15/2024 22:00,D008,VH008,Hyundai,Kona Long Range,64,484,1750,150,0,17.1,0.25,340.83,80,150,2,2,3,2,Rain,High,20,85,80,18,711,95.17,2.977,54551.6,68.26,59.22,172,1,0
1/16/2024 0:00,D008,VH008,Hyundai,Kona Long Range,64,484,1750,150,0,19.21,0.24,333.43,108,136,6,7,9,4,Fog,High,12,59,53,18,711,95.17,3.482,54570.8,68.55,59.04,172,1,1
1/16/2024 2:00,D008,VH008,Hyundai,Kona Long Range,64,484,1750,150,1,145.67,1.32,1772.43,115,165,5,9,5,3,Fog,Medium,18,59,20,27.4,712,95.17,24.633,54716.5,68.96,58.8,172,1,1
1/16/2024 4:00,D008,VH008,Hyundai,Kona Long Range,64,484,1750,150,0,31.16,0.61,339.23,63,113,4,3,4,7,Clear,Medium,25,73,63,18,712,95.17,6.259,54747.6,69.09,58.72,172,1,1
1/16/2024 6:00,D008,VH008,Hyundai,Kona Long Range,64,484,1750,150,0,10.35,0.23,129.02,95,139,10,7,7,7,Rain,High,17,74,70,18,712,95.17,2.079,54758,69.37,58.54,172,1,1
1/16/2024 8:00,D008,VH008,Hyundai,Kona Long Range,64,484,1750,150,1,110.49,0.85,1645.9,130,163,7,2,8,0,Rain,Low,20,54,22,24.5,712,95.17,20.031,54868.5,69.49,58.48,172,1,0
1/16/2024 10:00,D008,VH008,Hyundai,Kona Long Range,64,484,1750,150,0,20.21,0.25,212.36,81,114,6,2,5,0,Rain,High,15,59,53,18,712,95.17,3.789,54888.7,69.58,58.42,172,1,0
1/16/2024 12:00,D008,VH008,Hyundai,Kona Long Range,64,484,1750,150,0,55.85,0.61,845.36,99,126,5,5,6,3,Cloudy,Medium,17,42,24,18,712,95.17,10.97,54944.5,69.8,58.29,172,1,0
1/16/2024 14:00,D008,VH008,Hyundai,Kona Long Range,64,484,1750,150,0,9.7,0.11,177.86,90,130,0,3,3,0,Fog,Low,17,60,57,18,712,95.17,1.57,54954.2,69.92,58.22,172,1,0
1/16/2024 16:00,D008,VH008,Hyundai,Kona Long Range,64,484,1750,150,0,49.5,1.13,705.41,53,128,8,4,7,12,Fog,Medium,20,47,32,20.3,712,95.17,9.292,55003.7,70.1,58.11,172,1,0
1/16/2024 18:00,D008,VH008,Hyundai,Kona Long Range,64,484,1750,150,1,78.85,0.72,1221.3,109,156,3,3,4,0,Clear,Medium,22,58,34,20.7,712,95.17,14.769,55082.6,70.25,58.03,172,1,1
1/16/2024 20:00,D008,VH008,Hyundai,Kona Long Range,64,484,1750,150,0,48.81,0.54,895.2,99,104,8,8,5,3,Fog,Medium,23,78,63,19.1,712,95.17,9.162,55131.4,70.58,57.82,172,1,0
1/16/2024 22:00,D008,VH008,Hyundai,Kona Long Range,64,484,1750,150,1,52.04,0.56,586.8,99,131,7,7,5,2,Rain,Medium,18,52,37,18,712,95.17,9.435,55183.4,70.88,57.64,173,1,0
1/17/2024 0:00,D008,VH008,Hyundai,Kona Long Range,64,484,1750,150,0,39.32,0.61,545.76,97,109,6,9,6,12,Fog,Medium,18,53,41,18,712,95.17,7.126,55222.8,71.26,57.41,173,1,0
1/17/2024 2:00,D008,VH008,Hyundai,Kona Long Range,64,484,1750,150,1,67.44,0.67,1249.23,101,165,5,6,6,0,Clear,Medium,23,80,59,23.5,712,95.17,13.108,55290.2,71.52,57.25,173,1,0
1/17/2024 4:00,D008,VH008,Hyundai,Kona Long Range,64,484,1750,150,0,36.12,0.62,585.84,82,112,7,5,5,11,Clear,Medium,20,77,65,19.2,712,95.17,7.659,55326.3,71.73,57.12,173,1,1
1/17/2024 6:00,D008,VH008,Hyundai,Kona Long Range,64,484,1750,150,1,131.83,1.17,1353.67,118,161,3,6,3,3,Rain,Medium,20,74,39,29,713,95.16,22.223,55458.1,72.02,56.96,173,1,1
1/17/2024 8:00,D008,VH008,Hyundai,Kona Long Range,64,484,1750,150,1,134.81,1.47,1813.32,94,165,8,7,2,2,Rain,Medium,15,55,16,22.1,713,95.16,24.869,55593,72.35,56.77,173,1,0
1/17/2024 10:00,D008,VH008,Hyundai,Kona Long Range,64,484,1750,150,0,16.84,0.29,226.5,91,148,4,5,1,6,Clear,High,16,57,51,18,713,95.16,3.383,55609.8,72.55,56.64,173,1,0
1/17/2024 12:00,D008,VH008,Hyundai,Kona Long Range,64,484,1750,150,0,18.66,0.41,203.78,71,152,7,5,3,9,Cloudy,Low,17,63,57,18,713,95.16,3.798,55628.5,72.76,56.51,173,1,0
1/17/2024 14:00,D008,VH008,Hyundai,Kona Long Range,64,484,1750,150,1,132.55,1.37,1761.08,97,150,7,5,4,0,Clear,Low,20,73,31,31.8,713,95.16,26.701,55761,73,56.37,173,1,0
1/17/2024 16:00,D008,VH008,Hyundai,Kona Long Range,64,484,1750,150,1,127.73,1.31,2038.14,101,155,9,7,8,3,Fog,Medium,22,86,49,27,713,95.16,23.17,55888.7,73.33,56.18,173,1,1
1/17/2024 18:00,D008,VH008,Hyundai,Kona Long Range,64,484,1750,150,0,58.53,0.79,659.22,87,126,11,8,5,7,Rain,Medium,19,74,55,18,713,95.16,11.953,55947.3,73.67,55.97,173,1,0
1/17/2024 20:00,D008,VH008,Hyundai,Kona Long Range,64,484,1750,150,0,26.6,0.49,386.97,79,126,11,5,2,9,Cloudy,Medium,17,72,62,18,713,95.16,5.795,55973.9,73.88,55.84,173,1,0
1/17/2024 22:00,D008,VH008,Hyundai,Kona Long Range,64,484,1750,150,0,62.76,0.73,1017.94,95,137,3,5,6,4,Clear,Medium,13,62,42,18.9,713,95.16,12.374,56036.6,74.1,55.71,174,1,0
1/18/2024 0:00,D008,VH008,Hyundai,Kona Long Range,64,484,1750,150,0,59.87,0.85,1077.14,78,151,1,4,2,5,Clear,Medium,13,73,55,18,713,95.16,11.359,56096.5,74.28,55.6,174,1,0
1/18/2024 2:00,D008,VH008,Hyundai,Kona Long Range,64,484,1750,150,1,88.24,0.77,1264,117,155,4,7,10,1,Rain,Medium,21,45,21,19.3,714,95.16,15.155,56184.7,74.59,55.42,174,1,0
1/18/2024 4:00,D008,VH008,Hyundai,Kona Long Range,64,484,1750,150,1,110.22,1.04,1510.41,111,164,4,1,7,3,Cloudy,Medium,24,88,56,25.8,714,95.15,20.193,56295,74.67,55.38,174,1,0
1/18/2024 6:00,D008,VH008,Hyundai,Kona Long Range,64,484,1750,150,0,49.98,0.62,653.67,83,147,8,2,2,1,Clear,Low,12,70,53,18,714,95.15,10.784,56344.9,74.77,55.33,174,1,0
1/18/2024 8:00,D008,VH008,Hyundai,Kona Long Range,64,484,1750,150,1,152.97,1.49,2850.01,105,139,4,8,4,2,Rain,Low,17,69,27,28.4,714,95.15,26.273,56497.9,75.14,55.11,174,1,0
1/18/2024 10:00,D008,VH008,Hyundai,Kona Long Range,64,484,1750,150,1,151.8,1.4,1545.29,110,140,2,3,3,1,Clear,Low,10,72,28,27.6,714,95.15,27.896,56649.7,75.32,55.01,174,1,1
1/18/2024 12:00,D008,VH008,Hyundai,Kona Long Range,64,484,1750,150,1,104.56,0.96,1149.32,113,144,6,2,6,2,Clear,Medium,13,63,30,22.5,714,95.15,20.693,56754.3,75.43,54.95,174,1,0
1/18/2024 14:00,D008,VH008,Hyundai,Kona Long Range,64,484,1750,150,0,54.34,0.72,806.09,102,134,7,7,4,11,Rain,Medium,18,73,56,18.7,714,95.15,10.37,56808.6,75.73,54.77,174,1,0
1/18/2024 16:00,D008,VH008,Hyundai,Kona Long Range,64,484,1750,150,0,56.05,0.7,1034.6,88,129,8,5,4,4,Clear,High,12,57,38,18,714,95.15,12.093,56864.7,75.95,54.64,174,1,0
1/18/2024 18:00,D008,VH008,Hyundai,Kona Long Range,64,484,1750,150,0,42.8,0.69,534.4,79,132,4,4,6,9,Clear,Low,12,77,63,18,715,95.15,8.598,56907.5,76.13,54.53,174,1,0
1/18/2024 20:00,D008,VH008,Hyundai,Kona Long Range,64,484,1750,150,1,151.86,1.4,2852.16,111,162,4,3,5,2,Fog,Medium,18,70,30,30.8,715,95.15,25.213,57059.3,76.3,54.44,174,1,0
1/18/2024 22:00,D008,VH008,Hyundai,Kona Long Range,64,484,1750,150,0,17.71,0.31,204.48,108,135,5,3,4,9,Rain,Medium,18,87,81,18,715,95.15,3.261,57077,76.42,54.36,175,1,0
1/19/2024 0:00,D008,VH008,Hyundai,Kona Long Range,64,484,1750,150,0,51.05,0.7,663.3,80,85,1,9,3,4,Fog,High,22,48,34,18,715,95.15,8.426,57128.1,76.8,54.13,175,1,0
1/19/2024 2:00,D008,VH008,Hyundai,Kona Long Range,64,484,1750,150,1,110.36,1.13,1872.74,104,136,8,2,3,4,Fog,Low,17,66,35,23.3,715,95.14,19.68,57238.4,76.92,54.07,175,1,1
1/19/2024 4:00,D008,VH008,Hyundai,Kona Long Range,64,484,1750,150,0,24.36,0.4,369.75,87,97,0,8,4,7,Clear,High,20,77,69,18,715,95.14,4.531,57262.8,77.25,53.86,175,1,1
1/19/2024 6:00,D008,VH008,Hyundai,Kona Long Range,64,484,1750,150,0,12.78,0.33,150.07,60,145,10,3,4,7,Clear,High,20,52,47,18,715,95.14,2.852,57275.6,77.37,53.79,175,1,0
1/19/2024 8:00,D008,VH008,Hyundai,Kona Long Range,64,484,1750,150,0,28.25,0.44,387.77,79,137,11,9,4,5,Cloudy,High,27,87,77,18,715,95.14,6.154,57303.8,77.74,53.56,175,1,0
1/19/2024 10:00,D008,VH008,Hyundai,Kona Long Range,64,484,1750,150,0,56.76,0.74,577.97,84,108,8,5,2,4,Clear,Medium,27,78,58,21.7,715,95.14,12.247,57360.6,77.96,53.43,175,1,0
1/19/2024 12:00,D008,VH008,Hyundai,Kona Long Range,64,484,1750,150,1,129.18,1.17,2371.22,114,162,8,6,5,2,Rain,Medium,19,68,30,27.1,715,95.14,23.83,57489.8,78.25,53.26,175,1,0
1/19/2024 14:00,D008,VH008,Hyundai,Kona Long Range,64,484,1750,150,0,51.18,0.72,548.14,90,133,6,9,4,9,Fog,Medium,17,72,57,18,715,95.14,9.276,57541,78.63,53.03,175,1,0
1/19/2024 16:00,D008,VH008,Hyundai,Kona Long Range,64,484,1750,150,1,157.07,1.22,2319.99,130,141,8,4,6,1,Fog,Medium,19,73,29,31,716,95.14,28.01,57698,78.84,52.91,175,1,1
1/19/2024 18:00,D008,VH008,Hyundai,Kona Long Range,64,484,1750,150,0,15.71,0.35,233.77,73,118,7,7,7,8,Clear,Medium,24,53,47,18,716,95.14,3.331,57713.7,79.13,52.74,175,1,0
1/19/2024 20:00,D008,VH008,Hyundai,Kona Long Range,64,484,1750,150,0,27.17,0.48,393.43,93,141,7,5,0,11,Rain,Medium,12,75,66,18,716,95.14,5.185,57740.9,79.34,52.61,175,1,0
1/19/2024 22:00,D008,VH008,Hyundai,Kona Long Range,64,484,1750,150,1,143.72,1.72,2094.44,85,165,6,6,12,2,Fog,Low,19,58,19,29.7,716,95.14,24.745,57884.6,79.63,52.44,176,1,0
1/20/2024 0:00,D008,VH008,Hyundai,Kona Long Range,64,484,1750,150,1,123.55,1.07,1349.57,119,156,8,9,3,2,Clear,Medium,25,66,26,26.5,716,95.14,25.324,58008.2,80.03,52.2,176,1,0
1/20/2024 2:00,D008,VH008,Hyundai,Kona Long Range,64,484,1750,150,0,43.2,0.44,439.9,102,141,5,9,6,1,Fog,High,18,61,48,18,716,95.13,7.69,58051.4,80.41,51.97,176,1,1
1/20/2024 4:00,D008,VH008,Hyundai,Kona Long Range,64,484,1750,150,1,171.81,1.34,3078.25,128,142,6,3,5,0,Clear,Low,23,62,10,37.1,716,95.13,33.728,58223.2,80.59,51.87,176,1,0
1/20/2024 6:00,D008,VH008,Hyundai,Kona Long Range,64,484,1750,150,1,62.01,0.67,903.08,97,165,11,4,3,2,Rain,Low,15,73,54,18,716,95.13,12.031,58285.2,80.77,51.77,176,1,0
1/20/2024 8:00,D008,VH008,Hyundai,Kona Long Range,64,484,1750,150,0,10.54,0.3,197.95,72,146,4,8,7,9,Fog,High,19,86,83,18,716,95.13,1.842,58295.7,81.09,51.57,176,1,0
1/20/2024 10:00,D008,VH008,Hyundai,Kona Long Range,64,484,1750,150,1,150.87,1.34,2976.51,114,165,6,4,3,1,Rain,Medium,20,80,38,28.8,717,95.13,26.872,58446.6,81.3,51.45,176,1,0
1/20/2024 12:00,D008,VH008,Hyundai,Kona Long Range,64,484,1750,150,0,49.34,0.63,511.03,91,118,9,4,4,5,Clear,Low,23,64,47,18,717,95.13,10.829,58495.9,81.48,51.34,176,1,1
1/20/2024 14:00,D008,VH008,Hyundai,Kona Long Range,64,484,1750,150,0,47.54,0.57,668.77,86,152,8,4,3,1,Fog,Low,21,58,44,18,717,95.13,8.924,58543.5,81.66,51.24,176,1,0
1/20/2024 16:00,D008,VH008,Hyundai,Kona Long Range,64,484,1750,150,0,49.51,0.74,671.72,82,140,5,3,6,8,Clear,Medium,20,66,50,18,717,95.13,10.13,58593,81.8,51.16,176,1,0
1/20/2024 18:00,D008,VH008,Hyundai,Kona Long Range,64,484,1750,150,1,118.73,1.02,1989.88,120,137,6,8,12,2,Clear,Low,15,75,38,24.6,717,95.13,23.497,58711.7,82.16,50.94,176,1,0
1/20/2024 20:00,D008,VH008,Hyundai,Kona Long Range,64,484,1750,150,1,156.51,1.77,2000.06,90,148,6,4,4,2,Clear,Medium,25,76,27,37.2,717,95.13,30.974,58868.2,82.37,50.82,176,1,1
1/20/2024 22:00,D008,VH008,Hyundai,Kona Long Range,64,484,1750,150,0,52.81,0.61,902.7,87,133,7,4,4,0,Rain,Low,24,58,42,18.3,717,95.12,10.078,58921,82.55,50.72,177,1,0
1/21/2024 0:00,D008,VH008,Hyundai,Kona Long Range,64,484,1750,150,0,54.07,0.96,750.66,67,145,3,6,5,9,Cloudy,Medium,19,79,63,18,717,95.12,10.234,58975.1,82.81,50.56,177,1,0
1/21/2024 2:00,D008,VH008,Hyundai,Kona Long Range,64,484,1750,150,0,17.52,0.31,295.52,73,131,6,4,3,4,Fog,Low,17,59,54,18,717,95.12,3.175,58992.6,82.98,50.46,177,1,0
1/21/2024 4:00,D008,VH008,Hyundai,Kona Long Range,64,484,1750,150,0,11.28,0.25,128,73,143,9,5,4,6,Rain,Low,16,57,53,18,717,95.12,2.228,59003.9,83.18,50.33,177,1,0
1/21/2024 6:00,D008,VH008,Hyundai,Kona Long Range,64,484,1750,150,1,115.58,0.96,2203.77,121,161,6,3,6,0,Fog,Low,15,60,28,19.7,717,95.12,19.9,59119.5,83.34,50.24,177,1,0
1/21/2024 8:00,D008,VH008,Hyundai,Kona Long Range,64,484,1750,150,0,22.17,0.34,373.12,68,89,0,4,5,1,Clear,High,14,43,36,18,717,95.12,4.124,59141.7,83.51,50.14,177,1,0
1/21/2024 10:00,D008,VH008,Hyundai,Kona Long Range,64,484,1750,150,1,94.77,0.79,1612.13,125,153,8,8,1,2,Rain,Medium,16,63,35,24.1,718,95.12,17.483,59236.4,83.86,49.93,177,1,0
1/21/2024 12:00,D008,VH008,Hyundai,Kona Long Range,64,484,1750,150,0,31.76,0.53,590.76,76,128,3,11,2,7,Cloudy,High,19,44,34,18,718,95.12,6.011,59268.2,84.31,49.65,177,1,0
1/21/2024 14:00,D008,VH008,Hyundai,Kona Long Range,64,484,1750,150,0,22.43,0.39,247.83,87,119,2,5,6,8,Cloudy,High,16,77,70,18,718,95.12,4.165,59290.6,84.52,49.52,177,1,1
1/21/2024 16:00,D008,VH008,Hyundai,Kona Long Range,64,484,1750,150,0,31.98,0.47,482.18,96,104,13,8,5,8,Clear,Medium,19,75,63,18,718,95.12,7.495,59322.6,84.85,49.32,177,1,0
1/21/2024 18:00,D008,VH008,Hyundai,Kona Long Range,64,484,1750,150,0,59.06,0.84,630.13,88,117,8,2,6,10,Clear,Medium,19,74,54,18,718,95.12,12.743,59381.7,84.95,49.26,177,1,0
1/21/2024 20:00,D008,VH008,Hyundai,Kona Long Range,64,484,1750,150,0,45.44,0.71,745.61,98,103,4,8,4,15,Clear,Medium,13,47,32,18,718,95.12,9.128,59427.1,85.29,49.06,177,1,0
1/21/2024 22:00,D008,VH008,Hyundai,Kona Long Range,64,484,1750,150,1,53.83,0.46,1061.11,116,144,3,4,5,0,Clear,Medium,22,79,63,19.8,718,95.12,10.082,59480.9,85.47,48.95,178,1,0
1/22/2024 0:00,D008,VH008,Hyundai,Kona Long Range,64,484,1750,150,1,171.4,1.82,1908.38,96,165,5,5,4,2,Clear,Medium,15,72,19,33.3,718,95.12,33.315,59652.3,85.73,48.8,178,1,0
1/22/2024 2:00,D008,VH008,Hyundai,Kona Long Range,64,484,1750,150,0,56.73,0.67,1034.29,97,144,6,9,5,5,Rain,Medium,22,67,50,18,718,95.12,10.636,59709.1,86.11,48.57,178,1,0
1/22/2024 4:00,D008,VH008,Hyundai,Kona Long Range,64,484,1750,150,0,53.76,0.86,924.03,74,152,4,5,8,8,Cloudy,Low,24,80,63,19.8,718,95.12,10.367,59762.8,86.32,48.44,178,1,0
1/22/2024 6:00,D008,VH008,Hyundai,Kona Long Range,64,484,1750,150,0,45.68,0.62,599.31,85,134,4,5,7,5,Rain,Medium,17,64,51,18,718,95.11,8.259,59808.5,86.54,48.31,178,1,1
1/22/2024 8:00,D008,VH008,Hyundai,Kona Long Range,64,484,1750,150,0,17.51,0.4,312.93,65,118,4,6,9,8,Rain,Medium,11,56,51,18,718,95.11,3.166,59826,86.79,48.16,178,1,0
1/22/2024 10:00,D008,VH008,Hyundai,Kona Long Range,64,484,1750,150,0,22.24,0.44,362.29,82,132,9,8,3,10,Clear,High,14,80,72,18,718,95.11,4.881,59848.3,87.11,47.95,178,1,0
1/22/2024 12:00,D008,VH008,Hyundai,Kona Long Range,64,484,1750,150,0,59.38,0.7,962.29,96,135,5,4,3,5,Rain,Medium,22,45,27,18.9,719,95.11,10.934,59907.6,87.3,47.85,178,1,0
1/22/2024 14:00,D008,VH008,Hyundai,Kona Long Range,64,484,1750,150,0,58.74,0.84,1155.76,78,116,6,3,2,5,Rain,Low,21,78,60,18,719,95.11,11.013,59966.4,87.44,47.77,178,1,0
1/22/2024 16:00,D008,VH008,Hyundai,Kona Long Range,64,484,1750,150,0,47.99,0.72,791.13,79,109,2,7,3,7,Clear,Low,20,61,46,18,719,95.11,9.283,60014.4,87.73,47.58,178,1,0
1/22/2024 18:00,D008,VH008,Hyundai,Kona Long Range,64,484,1750,150,0,50.84,0.62,511.75,84,145,10,1,5,1,Fog,High,15,73,57,18,719,95.11,9.872,60065.2,87.79,47.55,178,1,0
1/22/2024 20:00,D008,VH008,Hyundai,Kona Long Range,64,484,1750,150,1,164.45,1.28,2551.81,130,151,8,6,4,1,Rain,Medium,23,78,30,32.9,719,95.11,30.337,60229.7,88.09,47.38,178,1,0
1/22/2024 22:00,D008,VH008,Hyundai,Kona Long Range,64,484,1750,150,0,59.61,0.76,1025.11,84,134,5,3,8,3,Rain,Low,18,70,52,18,719,95.11,10.977,60289.3,88.23,47.3,179,1,0
1/23/2024 0:00,D008,VH008,Hyundai,Kona Long Range,64,484,1750,150,0,17.6,0.31,198.46,92,125,9,10,2,7,Fog,High,21,60,54,18,719,95.11,3.361,60306.9,88.64,47.05,179,1,1
1/23/2024 2:00,D008,VH008,Hyundai,Kona Long Range,64,484,1750,150,1,157.36,1.8,2239.67,88,163,8,2,1,1,Clear,Medium,13,48,10,24.1,719,95.11,26.112,60464.2,88.77,46.98,179,1,0
1/23/2024 4:00,D008,VH008,Hyundai,Kona Long Range,64,484,1750,150,0,35.95,0.43,473.69,95,122,8,4,3,3,Rain,Medium,24,81,70,18,719,95.11,6.981,60500.2,88.94,46.88,179,1,0
1/23/2024 6:00,D008,VH008,Hyundai,Kona Long Range,64,484,1750,150,0,13.68,0.14,165.76,99,110,3,3,3,0,Fog,Medium,16,69,65,18,719,95.11,2.347,60513.8,89.07,46.8,179,1,0
1/23/2024 8:00,D008,VH008,Hyundai,Kona Long Range,64,484,1750,150,0,63.36,0.9,750.88,76,104,10,3,6,4,Rain,Medium,18,60,40,18.5,719,95.11,12.728,60577.2,89.21,46.72,179,1,0
1/23/2024 10:00,D008,VH008,Hyundai,Kona Long Range,64,484,1750,150,0,11.3,0.17,137.88,85,93,0,4,3,2,Clear,Medium,17,62,58,18,719,95.11,2.102,60588.5,89.37,46.62,179,1,0
1/23/2024 12:00,D008,VH008,Hyundai,Kona Long Range,64,484,1750,150,0,39.47,0.66,696.95,86,144,4,5,5,12,Rain,Low,20,59,47,18,719,95.11,7.136,60628,89.59,46.49,179,1,0
1/23/2024 14:00,D008,VH008,Hyundai,Kona Long Range,64,484,1750,150,0,19.37,0.31,303.42,110,115,3,4,5,8,Rain,Medium,19,74,68,18,719,95.11,3.437,60647.4,89.75,46.38,179,1,0
1/23/2024 16:00,D008,VH008,Hyundai,Kona Long Range,64,484,1750,150,0,58.35,0.72,802.42,91,137,7,8,7,5,Rain,Low,21,76,58,19.6,720,95.1,11.135,60705.7,90.09,46.18,179,1,1
1/23/2024 18:00,D008,VH008,Hyundai,Kona Long Range,64,484,1750,150,0,32.38,0.4,489.17,97,124,7,3,5,4,Clear,High,14,69,58,18,720,95.1,6.866,60738.1,90.23,46.1,179,1,0
1/23/2024 20:00,D008,VH008,Hyundai,Kona Long Range,64,484,1750,150,1,157,1.65,1623.16,96,165,4,2,2,1,Clear,Medium,18,74,27,31.1,720,95.1,29.961,60895.1,90.36,46.03,179,1,0
1/23/2024 22:00,D008,VH008,Hyundai,Kona Long Range,64,484,1750,150,1,150.36,1.23,2734.59,127,149,6,10,3,3,Clear,Medium,17,46,10,30.5,720,95.1,25.024,61045.4,90.81,45.76,180,1,0
1/24/2024 0:00,D008,VH008,Hyundai,Kona Long Range,64,484,1750,150,0,56.85,0.6,824.53,104,114,9,3,6,3,Clear,Medium,14,75,55,18,720,95.1,12.477,61102.3,90.95,45.68,180,1,1
1/24/2024 2:00,D008,VH008,Hyundai,Kona Long Range,64,484,1750,150,0,55.34,0.74,827.86,94,135,4,4,6,9,Cloudy,High,21,74,57,20.3,720,95.1,10.672,61157.6,91.13,45.57,180,1,0
1/24/2024 4:00,D008,VH008,Hyundai,Kona Long Range,64,484,1750,150,1,58.78,0.45,684.67,130,156,7,5,1,0,Rain,Medium,28,75,58,24.6,720,95.1,10.656,61216.4,91.35,45.44,180,1,0
1/24/2024 6:00,D008,VH008,Hyundai,Kona Long Range,64,484,1750,150,0,45.96,0.8,812.11,79,147,8,7,5,13,Rain,Medium,19,79,65,18,720,95.1,8.925,61262.4,91.65,45.26,180,1,0
1/24/2024 8:00,D008,VH008,Hyundai,Kona Long Range,64,484,1750,150,0,61.98,1.12,721.18,65,113,7,2,2,10,Clear,Medium,17,63,42,18.1,720,95.1,13.142,61324.3,91.75,45.2,180,1,0
1/24/2024 10:00,D008,VH008,Hyundai,Kona Long Range,64,484,1750,150,0,59.56,0.91,988.76,72,147,4,7,6,5,Rain,Low,16,72,55,18,720,95.1,10.768,61383.9,92.05,45.02,180,1,0
1/24/2024 12:00,D008,VH008,Hyundai,Kona Long Range,64,484,1750,150,1,93.58,0.92,1430.68,106,139,8,6,5,2,Cloudy,Medium,14,80,51,22,721,95.1,18.414,61477.5,92.33,44.86,180,1,0
1/24/2024 14:00,D008,VH008,Hyundai,Kona Long Range,64,484,1750,150,1,174.62,1.54,2770.66,115,165,5,9,3,1,Clear,Low,22,65,11,37.7,721,95.09,33.941,61652.1,92.75,44.61,180,1,0
1/24/2024 16:00,D008,VH008,Hyundai,Kona Long Range,64,484,1750,150,1,161.6,1.24,2369.98,130,165,4,4,4,0,Clear,Low,27,81,32,35.5,721,95.09,30.839,61813.7,92.96,44.49,180,1,1
1/24/2024 18:00,D008,VH008,Hyundai,Kona Long Range,64,484,1750,150,1,61.63,0.65,681.63,100,143,1,5,4,2,Cloudy,Low,18,76,59,18,721,95.09,10.664,61875.3,93.18,44.36,180,1,0
1/24/2024 20:00,D008,VH008,Hyundai,Kona Long Range,64,484,1750,150,1,130.19,1.2,1988.16,112,159,5,3,6,2,Clear,Low,23,93,53,32.1,721,95.09,25.305,62005.5,93.35,44.27,180,1,0
1/24/2024 22:00,D008,VH008,Hyundai,Kona Long Range,64,484,1750,150,1,71.95,0.72,1364.73,102,149,9,2,6,1,Clear,Medium,22,72,48,23,721,95.09,15.002,62077.5,93.46,44.21,181,1,0
1/25/2024 0:00,D008,VH008,Hyundai,Kona Long Range,64,484,1750,150,0,25.33,0.4,283.48,80,85,3,8,2,5,Cloudy,High,17,63,55,18,721,95.09,4.794,62102.8,93.78,44.01,181,1,1
1/25/2024 2:00,D008,VH008,Hyundai,Kona Long Range,64,484,1750,150,0,40.82,0.6,413.02,103,108,13,7,0,12,Clear,High,18,65,50,18,722,95.09,9.567,62143.6,94.08,43.83,181,1,0
1/25/2024 4:00,D008,VH008,Hyundai,Kona Long Range,64,484,1750,150,0,45.14,0.52,587.32,97,126,4,4,3,3,Rain,Medium,14,58,45,18,722,95.09,8.161,62188.8,94.25,43.72,181,1,0
1/25/2024 6:00,D008,VH008,Hyundai,Kona Long Range,64,484,1750,150,0,9.67,0.23,134.15,85,130,9,5,5,7,Cloudy,Medium,24,63,59,18,722,95.09,2.037,62198.4,94.46,43.6,181,1,0
1/25/2024 8:00,D008,VH008,Hyundai,Kona Long Range,64,484,1750,150,1,95.03,0.76,1427.98,127,152,5,5,3,1,Clear,Low,17,73,44,20.9,722,95.09,18.471,62293.5,94.69,43.46,181,1,0
1/25/2024 10:00,D008,VH008,Hyundai,Kona Long Range,64,484,1750,150,1,168.25,1.53,1693.55,111,157,10,12,6,1,Clear,Low,20,71,15,36.2,722,95.08,35.676,62461.7,95.23,43.14,181,1,0
1/25/2024 12:00,D008,VH008,Hyundai,Kona Long Range,64,484,1750,150,1,63.05,0.71,782.37,98,165,9,8,4,4,Clear,Medium,20,68,47,18.8,722,95.08,13.146,62524.8,95.57,42.93,181,1,0
1/25/2024 14:00,D008,VH008,Hyundai,Kona Long Range,64,484,1750,150,0,56.65,0.57,755.27,121,126,7,5,3,6,Cloudy,Medium,18,58,39,18,722,95.08,11.532,62581.4,95.79,42.8,181,1,0
1/25/2024 16:00,D008,VH008,Hyundai,Kona Long Range,64,484,1750,150,0,20.06,0.35,316.71,79,129,7,7,4,6,Clear,Medium,19,71,64,18,722,95.08,4.254,62601.5,96.08,42.62,181,1,0
1/25/2024 18:00,D008,VH008,Hyundai,Kona Long Range,64,484,1750,150,1,75.25,0.65,1200.75,118,134,7,2,7,1,Rain,Low,19,63,41,20.9,722,95.08,13.642,62676.7,96.18,42.57,181,1,1
1/25/2024 20:00,D008,VH008,Hyundai,Kona Long Range,64,484,1750,150,0,28.13,0.59,457.6,66,138,7,4,3,10,Clear,Medium,15,84,74,18,722,95.08,5.965,62704.9,96.35,42.46,181,1,0
1/25/2024 22:00,D008,VH008,Hyundai,Kona Long Range,64,484,1750,150,1,150.8,1.32,1976.24,116,153,4,5,7,1,Rain,Low,15,73,32,29.2,722,95.08,25.9,62855.7,96.61,42.32,182,1,0
1/26/2024 0:00,D008,VH008,Hyundai,Kona Long Range,64,484,1750,150,0,42.24,0.48,840.73,94,137,4,6,6,2,Clear,Medium,17,85,71,18,723,95.08,8.485,62897.9,96.86,42.16,182,1,0
1/26/2024 2:00,D008,VH008,Hyundai,Kona Long Range,64,484,1750,150,1,128.81,1.12,2150.33,115,131,9,12,7,0,Clear,Medium,15,56,14,25.5,723,95.08,26.858,63026.7,97.39,41.85,182,1,0
1/26/2024 4:00,D008,VH008,Hyundai,Kona Long Range,64,484,1750,150,0,29.94,0.53,541.44,82,163,6,5,6,10,Rain,Medium,19,62,53,18,723,95.08,5.613,63056.6,97.6,41.72,182,1,1
1/26/2024 6:00,D008,VH008,Hyundai,Kona Long Range,64,484,1750,150,0,47.73,0.84,909.49,69,135,6,3,8,9,Fog,Low,23,72,58,18,723,95.08,8.651,63104.4,97.73,41.64,182,1,0
1/26/2024 8:00,D008,VH008,Hyundai,Kona Long Range,64,484,1750,150,0,26.81,0.29,424.24,99,109,8,5,1,1,Clear,Low,16,51,41,18,723,95.08,5.785,63131.2,97.94,41.51,182,1,0
1/26/2024 10:00,D008,VH008,Hyundai,Kona Long Range,64,484,1750,150,0,53.45,1.01,1011.44,55,152,10,1,6,2,Clear,Low,20,65,46,18,723,95.08,11.93,63184.6,98,41.48,182,1,0
1/26/2024 12:00,D008,VH008,Hyundai,Kona Long Range,64,484,1750,150,1,88.94,0.94,1452.67,98,160,6,7,4,2,Clear,Medium,14,62,34,19.4,723,95.07,17.602,63273.6,98.31,41.29,182,1,0
1/26/2024 14:00,D008,VH008,Hyundai,Kona Long Range,64,484,1750,150,0,23.85,0.39,306.36,88,143,5,5,6,7,Clear,High,23,52,44,18,723,95.07,4.88,63297.4,98.52,41.17,182,1,0
1/26/2024 16:00,D008,VH008,Hyundai,Kona Long Range,64,484,1750,150,1,112.4,1.31,2179.52,86,151,7,6,5,0,Clear,Low,21,82,46,26.5,723,95.07,22.642,63409.8,98.8,41,182,1,0
1/26/2024 18:00,D008,VH008,Hyundai,Kona Long Range,64,484,1750,150,0,51.28,0.68,736.57,75,144,5,8,8,0,Cloudy,Medium,14,82,66,18,723,95.07,10.072,63461.1,99.14,40.8,182,1,1
1/26/2024 20:00,D008,VH008,Hyundai,Kona Long Range,64,484,1750,150,0,58.89,0.68,1148.76,107,114,8,1,6,8,Clear,Low,29,68,48,24.1,723,95.07,12.706,63520,99.2,40.76,182,1,0
1/26/2024 22:00,D008,VH008,Hyundai,Kona Long Range,64,484,1750,150,1,78.36,0.74,945.46,111,145,7,3,3,2,Rain,Low,12,57,34,18,724,95.07,14.206,63598.4,99.35,40.68,183,1,0
1/27/2024 0:00,D008,VH008,Hyundai,Kona Long Range,64,484,1750,150,0,8.47,0.12,121.38,96,112,2,3,6,2,Fog,Medium,14,67,64,18,724,95.07,1.425,63606.8,99.47,40.6,183,1,0
1/27/2024 2:00,D008,VH008,Hyundai,Kona Long Range,64,484,1750,150,0,53.54,0.76,682.59,88,136,5,5,3,9,Cloudy,Low,22,81,64,18.1,724,95.07,10.516,63660.4,99.69,40.47,183,1,0
1/27/2024 4:00,D008,VH008,Hyundai,Kona Long Range,64,484,1750,150,0,27.73,0.38,535.24,104,120,3,5,2,7,Cloudy,Low,15,59,50,18,724,95.07,5.249,63688.1,99.9,40.34,183,1,0
1/27/2024 6:00,D008,VH008,Hyundai,Kona Long Range,64,484,1750,150,0,50.45,0.57,582.56,94,134,7,9,6,2,Rain,High,14,63,47,18,724,95.07,9.628,63738.5,100,40.11,183,1,0
1/27/2024 8:00,D008,VH008,Hyundai,Kona Long Range,64,484,1750,150,0,25.05,0.41,458.64,66,142,4,3,4,2,Cloudy,Low,19,69,61,18,724,95.07,4.831,63763.6,100,40.03,183,1,0
1/27/2024 10:00,D008,VH008,Hyundai,Kona Long Range,64,484,1750,150,1,68.92,0.56,917.44,124,165,7,6,5,0,Fog,Medium,22,57,38,19.4,724,95.07,12.078,63832.5,100,39.88,183,1,1
1/27/2024 12:00,D008,VH008,Hyundai,Kona Long Range,64,484,1750,150,0,37.16,0.45,508.31,93,152,9,6,4,3,Cloudy,Medium,18,77,64,18,724,95.07,7.83,63869.7,100,39.72,183,1,0
1/27/2024 14:00,D008,VH008,Hyundai,Kona Long Range,64,484,1750,150,1,91.44,0.88,1624.12,104,165,7,4,7,0,Rain,Medium,19,77,51,26,724,95.07,16.578,63961.1,100,39.61,183,1,0
1/27/2024 16:00,D008,VH008,Hyundai,Kona Long Range,64,484,1750,150,0,16.72,0.33,290.14,78,140,10,5,5,7,Clear,Medium,22,90,84,18,724,95.07,3.732,63977.8,100,39.48,183,1,0
1/27/2024 18:00,D008,VH008,Hyundai,Kona Long Range,64,484,1750,150,0,52.28,0.93,909.88,57,105,12,3,5,1,Cloudy,Medium,22,75,56,20.7,724,95.07,11.576,64030.1,100,39.4,183,1,0
1/27/2024 20:00,D008,VH008,Hyundai,Kona Long Range,64,484,1750,150,0,62.99,0.69,1170.2,99,104,9,5,9,3,Fog,Medium,17,46,27,21.1,724,95.06,12.028,64093.1,100,39.27,183,1,0
1/27/2024 22:00,D008,VH008,Hyundai,Kona Long Range,64,484,1750,150,0,21.04,0.27,412.64,95,121,9,5,3,3,Rain,Medium,25,59,52,18,724,95.06,4.156,64114.2,100,39.14,184,1,0
1/28/2024 0:00,D008,VH008,Hyundai,Kona Long Range,64,484,1750,150,1,66.77,0.65,688.76,109,142,3,4,6,2,Clear,Low,23,56,36,18.3,724,95.06,12.506,64180.9,100,39.03,184,1,0
1/28/2024 2:00,D008,VH008,Hyundai,Kona Long Range,64,484,1750,150,0,13.37,0.2,141.74,98,144,14,6,3,4,Rain,Medium,23,82,77,18,724,95.06,2.865,64194.3,100,38.88,184,1,1
1/28/2024 4:00,D008,VH008,Hyundai,Kona Long Range,64,484,1750,150,0,24.56,0.29,377.34,103,133,8,4,4,3,Cloudy,Medium,29,70,62,18.3,724,95.06,5.087,64218.8,100,38.78,184,1,0
1/28/2024 6:00,D008,VH008,Hyundai,Kona Long Range,64,484,1750,150,1,78.49,0.72,1409.49,115,162,4,1,4,2,Fog,Medium,19,78,57,18,724,95.06,13.031,64297.3,100,38.75,184,1,0
1/28/2024 8:00,D008,VH008,Hyundai,Kona Long Range,64,484,1750,150,0,27.51,0.45,354.73,88,137,2,7,9,8,Rain,Medium,17,76,68,18,725,95.06,4.789,64324.8,100,38.57,184,1,0
1/28/2024 10:00,D008,VH008,Hyundai,Kona Long Range,64,484,1750,150,0,51.87,1,821.27,60,127,9,11,2,8,Clear,Low,16,43,25,18,725,95.06,11.384,64376.7,100,38.29,184,1,1
1/28/2024 12:00,D008,VH008,Hyundai,Kona Long Range,64,484,1750,150,0,56.1,0.62,742.91,90,113,10,11,4,0,Clear,Medium,14,73,53,18,725,95.06,12.522,64432.8,100,38,184,1,0
1/28/2024 14:00,D008,VH008,Hyundai,Kona Long Range,64,484,1750,150,0,25.42,0.26,400.51,97,130,3,4,5,0,Rain,Low,18,69,61,18,725,95.06,4.511,64458.2,100,37.9,184,1,0
1/28/2024 16:00,D008,VH008,Hyundai,Kona Long Range,64,484,1750,150,0,58.59,1.05,1140.18,63,138,6,4,3,7,Clear,Medium,18,84,64,18.1,725,95.06,12.205,64516.8,100,37.79,184,1,0
1/28/2024 18:00,D008,VH008,Hyundai,Kona Long Range,64,484,1750,150,1,90.84,0.92,1273.25,99,161,3,5,6,0,Rain,Medium,15,71,47,18.9,725,95.06,15.313,64607.7,100,37.66,184,1,0
1/28/2024 20:00,D008,VH008,Hyundai,Kona Long Range,64,484,1750,150,1,52.59,0.48,771.84,113,138,9,8,6,1,Clear,Medium,20,69,51,18,725,95.06,10.965,64660.3,100,37.45,184,1,0
1/28/2024 22:00,D008,VH008,Hyundai,Kona Long Range,64,484,1750,150,0,50.35,0.75,770.12,78,111,4,6,8,6,Rain,Medium,18,68,53,18,725,95.06,9.103,64710.6,100,37.3,185,1,0
1/29/2024 0:00,D008,VH008,Hyundai,Kona Long Range,64,484,1750,150,1,156.82,1.78,1819.83,90,165,6,5,4,2,Clear,Medium,16,66,17,29.8,725,95.06,31.035,64867.4,100,37.15,185,1,1
1/29/2024 2:00,D008,VH008,Hyundai,Kona Long Range,64,484,1750,150,0,50.44,0.95,870.47,64,139,10,2,0,10,Clear,Medium,16,90,72,18,725,95.06,11.258,64917.9,100,37.1,185,1,0
1/29/2024 4:00,D008,VH008,Hyundai,Kona Long Range,64,484,1750,150,0,29.54,0.41,531,94,149,4,4,6,6,Clear,Medium,16,51,41,18,725,95.05,5.934,64947.4,100,36.99,185,1,0
1/29/2024 6:00,D008,VH008,Hyundai,Kona Long Range,64,484,1750,150,1,86.12,0.86,1054.56,104,146,5,5,7,2,Clear,Medium,21,84,57,24.5,726,95.05,16.739,65033.5,100,36.86,185,1,0
1/29/2024 8:00,D008,VH008,Hyundai,Kona Long Range,64,484,1750,150,0,49.96,0.54,628.55,93,104,9,2,5,0,Clear,Low,21,57,39,22.7,726,95.05,10.965,65083.5,100,36.8,185,1,0
1/29/2024 10:00,D008,VH008,Hyundai,Kona Long Range,64,484,1750,150,0,33.58,0.51,360.36,109,115,4,3,8,12,Rain,Low,24,63,53,18,726,95.05,6.071,65117.1,100,36.72,185,1,1
1/29/2024 12:00,D008,VH008,Hyundai,Kona Long Range,64,484,1750,150,1,99.39,1.17,1758.7,86,155,5,5,1,1,Rain,Medium,21,55,27,24.4,726,95.05,17.387,65216.5,100,36.59,185,1,0
1/29/2024 14:00,D008,VH008,Hyundai,Kona Long Range,64,484,1750,150,1,167.71,1.51,2875.57,112,165,5,4,3,1,Cloudy,Low,21,71,22,35.8,726,95.05,31.294,65384.2,100,36.47,185,1,0
1/29/2024 16:00,D008,VH008,Hyundai,Kona Long Range,64,484,1750,150,0,31.95,0.58,375.21,72,141,6,5,7,8,Cloudy,Medium,15,74,64,18,726,95.05,6.39,65416.1,100,36.34,185,1,0
1/29/2024 18:00,D008,VH008,Hyundai,Kona Long Range,64,484,1750,150,1,177.35,1.72,2639.52,104,147,6,4,2,1,Rain,Low,22,72,22,39.7,726,95.05,31.588,65593.5,100,36.22,185,1,0
1/29/2024 20:00,D008,VH008,Hyundai,Kona Long Range,64,484,1750,150,1,91.48,0.83,1808.69,113,119,6,3,5,1,Cloudy,Medium,17,74,46,21.2,726,95.05,17.38,65684.9,100,36.13,185,1,0
1/29/2024 22:00,D008,VH008,Hyundai,Kona Long Range,64,484,1750,150,0,49.64,0.83,789.47,68,103,8,5,6,6,Cloudy,Medium,17,68,51,18,726,95.05,10.282,65734.6,100,36,186,1,0
1/30/2024 0:00,D008,VH008,Hyundai,Kona Long Range,64,484,1750,150,0,50.8,0.58,1003.56,90,128,7,2,7,1,Clear,Medium,18,56,39,18,727,95.05,10.772,65785.4,100,35.94,186,1,0
1/30/2024 2:00,D008,VH008,Hyundai,Kona Long Range,64,484,1750,150,1,79.29,0.61,1315.49,130,165,5,8,6,0,Rain,Medium,18,82,60,21,727,95.04,13.87,65864.7,100,35.73,186,1,0
1/30/2024 4:00,D008,VH008,Hyundai,Kona Long Range,64,484,1750,150,0,25.26,0.4,268.64,90,127,3,5,8,7,Clear,Medium,20,66,58,18,727,95.04,4.98,65889.9,100,35.6,186,1,1
1/30/2024 6:00,D008,VH008,Hyundai,Kona Long Range,64,484,1750,150,0,51.41,0.76,824.43,86,107,6,5,2,10,Clear,High,17,65,48,18,727,95.04,10.71,65941.3,100,35.47,186,1,0
1/30/2024 8:00,D008,VH008,Hyundai,Kona Long Range,64,484,1750,150,0,58.14,1.03,782.18,69,108,10,4,4,11,Clear,Low,13,67,46,18,727,95.04,12.977,65999.5,100,35.37,186,1,0
1/30/2024 10:00,D008,VH008,Hyundai,Kona Long Range,64,484,1750,150,0,15.34,0.25,159.5,90,115,4,6,3,5,Clear,Low,16,77,72,18,727,95.04,3.081,66014.8,100,35.21,186,1,0
1/30/2024 12:00,D008,VH008,Hyundai,Kona Long Range,64,484,1750,150,1,107.36,1.13,1792.28,98,158,6,3,4,2,Rain,Medium,20,91,61,22.3,727,95.04,19.122,66122.2,100,35.13,186,1,0
1/30/2024 14:00,D008,VH008,Hyundai,Kona Long Range,64,484,1750,150,0,20.47,0.49,312.34,53,143,0,5,4,6,Fog,High,25,76,70,18,727,95.04,3.312,66142.7,100,35,186,1,0
1/30/2024 16:00,D008,VH008,Hyundai,Kona Long Range,64,484,1750,150,1,167.19,2.2,3288.67,77,125,7,4,8,2,Fog,Low,23,85,39,34.5,727,95.04,29.3,66309.8,100,34.88,186,1,0
1/30/2024 18:00,D008,VH008,Hyundai,Kona Long Range,64,484,1750,150,1,90.78,0.93,1459.04,99,154,7,6,4,1,Rain,Medium,15,72,46,20.7,727,95.04,16.458,66400.6,100,34.72,186,1,0
1/30/2024 20:00,D008,VH008,Hyundai,Kona Long Range,64,484,1750,150,0,43.38,0.68,606.77,80,163,5,6,7,8,Clear,Medium,14,68,54,18,727,95.04,8.876,66444,100,34.56,186,1,0
1/30/2024 22:00,D008,VH008,Hyundai,Kona Long Range,64,484,1750,150,0,27.19,0.46,475.98,72,147,5,7,5,5,Cloudy,High,20,83,74,18,727,95.04,5.341,66471.2,100,34.38,187,1,1
1/31/2024 0:00,D008,VH008,Hyundai,Kona Long Range,64,484,1750,150,1,50.79,0.45,770.7,117,165,7,6,6,1,Clear,Medium,22,61,45,20,727,95.04,10.231,66522,100,34.23,187,1,0
1/31/2024 2:00,D008,VH008,Hyundai,Kona Long Range,64,484,1750,150,0,22.71,0.3,313.23,105,142,7,6,3,5,Clear,High,25,72,64,18,728,95.04,4.815,66544.7,100,34.08,187,1,0
1/31/2024 4:00,D008,VH008,Hyundai,Kona Long Range,64,484,1750,150,1,64.78,0.63,1030.58,108,165,4,4,6,2,Clear,Low,17,72,52,18,728,95.04,12.362,66609.5,100,33.97,187,1,0
1/31/2024 6:00,D008,VH008,Hyundai,Kona Long Range,64,484,1750,150,0,49.4,0.84,954.72,70,135,2,6,4,8,Clear,Medium,12,67,52,18,728,95.04,9.556,66658.9,100,33.81,187,1,0
1/31/2024 8:00,D008,VH008,Hyundai,Kona Long Range,64,484,1750,150,0,62.77,1.15,1134.03,63,135,6,6,2,9,Clear,Medium,12,67,46,18.2,728,95.03,13.076,66721.6,100,33.65,187,1,0
1/31/2024 10:00,D008,VH008,Hyundai,Kona Long Range,64,484,1750,150,0,56.8,0.9,1069.42,77,117,8,2,5,10,Cloudy,Medium,11,67,48,18,728,95.03,11.765,66778.4,100,33.6,187,1,1
1/31/2024 12:00,D008,VH008,Hyundai,Kona Long Range,64,484,1750,150,0,8.17,0.21,101.14,86,149,9,2,4,7,Fog,Low,21,59,56,18,728,95.03,1.56,66786.6,100,33.55,187,1,0
1/31/2024 14:00,D008,VH008,Hyundai,Kona Long Range,64,484,1750,150,0,62.45,1.09,1207.77,69,137,12,8,7,11,Clear,Medium,22,73,50,20.3,728,95.03,14.403,66849.1,100,33.34,187,1,0
1/31/2024 16:00,D008,VH008,Hyundai,Kona Long Range,64,484,1750,150,1,138.68,1.38,2352.99,102,165,5,6,9,1,Cloudy,Low,26,70,29,32.1,728,95.03,25.877,66987.7,100,33.17,187,1,0
1/31/2024 18:00,D008,VH008,Hyundai,Kona Long Range,64,484,1750,150,0,58.66,0.7,1010.9,93,114,6,5,3,4,Clear,Medium,13,54,34,18,728,95.03,12.22,67046.4,100,33.04,187,1,0
1/31/2024 20:00,D008,VH008,Hyundai,Kona Long Range,64,484,1750,150,0,44.33,0.73,614.36,76,130,7,4,6,9,Cloudy,Low,20,64,49,18,728,95.03,9.024,67090.7,100,32.94,187,1,0
1/31/2024 22:00,D008,VH008,Hyundai,Kona Long Range,64,484,1750,150,0,16.76,0.44,225.7,57,134,5,9,5,9,Fog,Medium,21,67,62,18,728,95.03,2.983,67107.5,100,32.71,188,1,0
2/1/2024 0:00,D008,VH008,Hyundai,Kona Long Range,64,484,1750,150,0,23.95,0.56,419.28,66,121,8,11,3,12,Cloudy,High,18,63,55,18,728,95.03,4.961,67131.4,100,32.43,188,1,1
2/1/2024 2:00,D008,VH008,Hyundai,Kona Long Range,64,484,1750,150,0,58.22,1,869.88,70,95,2,2,5,10,Clear,Medium,20,66,48,18,728,95.03,11.262,67189.7,100,32.37,188,1,0
2/1/2024 4:00,D008,VH008,Hyundai,Kona Long Range,64,484,1750,150,0,56.34,0.77,1042.21,80,136,7,5,4,4,Rain,Medium,20,73,56,18,728,95.03,10.752,67246,100,32.24,188,1,0
2/1/2024 6:00,D008,VH008,Hyundai,Kona Long Range,64,484,1750,150,0,50.93,0.76,524.81,77,129,6,6,9,6,Clear,Medium,18,61,44,18,729,95.03,10.61,67296.9,100,32.09,188,1,0
2/1/2024 8:00,D008,VH008,Hyundai,Kona Long Range,64,484,1750,150,0,29.22,0.48,547.42,88,113,5,13,8,9,Clear,High,17,65,55,18,729,95.03,5.978,67326.2,100,31.76,188,1,0
2/1/2024 10:00,D008,VH008,Hyundai,Kona Long Range,64,484,1750,150,0,32.31,0.48,399.18,89,149,2,10,6,7,Fog,Medium,26,74,65,18,729,95.03,5.438,67358.5,100,31.5,188,1,0
2/1/2024 12:00,D008,VH008,Hyundai,Kona Long Range,64,484,1750,150,0,33.33,0.43,403.16,91,164,4,5,5,4,Rain,Low,16,83,73,18,729,95.03,6.026,67391.8,100,31.37,188,1,0
2/1/2024 14:00,D008,VH008,Hyundai,Kona Long Range,64,484,1750,150,0,14.26,0.32,246.23,82,165,10,5,4,9,Rain,High,27,74,69,18,729,95.03,2.865,67406.1,100,31.25,188,1,0
2/1/2024 16:00,D008,VH008,Hyundai,Kona Long Range,64,484,1750,150,1,82.38,1.02,1233.19,81,165,6,5,3,0,Clear,Medium,19,75,49,20,729,95.03,16.303,67488.4,100,31.11,188,1,0
2/1/2024 18:00,D008,VH008,Hyundai,Kona Long Range,64,484,1750,150,0,61.1,0.8,1168.66,82,108,3,8,2,3,Clear,High,16,65,46,18.8,729,95.02,12.046,67549.5,100,30.91,188,1,1
2/1/2024 20:00,D008,VH008,Hyundai,Kona Long Range,64,484,1750,150,1,155.56,1.71,3022.32,91,135,7,5,4,0,Clear,Low,10,81,32,28.3,729,95.02,31.336,67705.1,100,30.76,188,1,0
2/1/2024 22:00,D008,VH008,Hyundai,Kona Long Range,64,484,1750,150,0,15.87,0.25,287.99,87,118,4,2,6,4,Rain,Low,21,57,52,18,729,95.02,2.869,67721,100,30.71,189,1,0
2/2/2024 0:00,D008,VH008,Hyundai,Kona Long Range,64,484,1750,150,1,137.5,1.49,2063.62,92,165,7,4,1,0,Rain,Low,18,56,17,27.1,729,95.02,24.928,67858.5,100,30.59,189,1,0
2/2/2024 2:00,D008,VH008,Hyundai,Kona Long Range,64,484,1750,150,1,66.56,0.81,810.84,82,165,8,8,10,0,Clear,Medium,21,61,39,22.5,729,95.02,13.643,67925,100,30.39,189,1,0
2/2/2024 4:00,D008,VH008,Hyundai,Kona Long Range,64,484,1750,150,1,166.26,2.09,3087.12,81,165,4,5,4,2,Fog,Low,22,71,27,32.3,730,95.02,27.604,68091.3,100,30.24,189,1,0
2/2/2024 6:00,D008,VH008,Hyundai,Kona Long Range,64,484,1750,150,0,8.03,0.14,84.83,106,126,8,3,5,4,Clear,Medium,21,55,52,18,730,95.02,1.733,68099.3,100,30.16,189,1,0
2/2/2024 8:00,D008,VH008,Hyundai,Kona Long Range,64,484,1750,150,0,11.14,0.18,210.31,78,136,7,3,10,2,Clear,Low,19,66,62,18,730,95.02,2.362,68110.5,100,30.09,189,1,1
2/2/2024 10:00,D008,VH008,Hyundai,Kona Long Range,64,484,1750,150,1,59.74,0.57,1185.5,108,142,7,2,6,1,Clear,Low,16,66,47,18.2,730,95.02,12.034,68170.2,100,30.03,189,1,0
2/2/2024 12:00,D008,VH008,Hyundai,Kona Long Range,64,484,1750,150,1,82.63,1.02,1530.35,84,165,4,2,3,2,Cloudy,Medium,24,78,54,22.7,730,95.02,15.138,68252.8,100,29.97,189,1,0
2/2/2024 14:00,D008,VH008,Hyundai,Kona Long Range,64,484,1750,150,1,105.1,0.96,1824.49,113,159,8,3,5,2,Cloudy,Medium,18,63,30,26.3,730,95.02,20.681,68357.9,100,29.88,189,1,0
2/2/2024 16:00,D008,VH008,Hyundai,Kona Long Range,64,484,1750,150,1,63.28,0.56,921.88,120,143,6,2,9,2,Fog,Medium,13,77,59,18,730,95.02,10.895,68421.2,100,29.83,189,1,0
2/2/2024 18:00,D008,VH008,Hyundai,Kona Long Range,64,484,1750,150,0,60.44,0.79,709.17,88,123,8,5,4,6,Cloudy,Medium,19,85,65,18,730,95.01,12.519,68481.6,100,29.69,189,1,0
2/2/2024 20:00,D008,VH008,Hyundai,Kona Long Range,64,484,1750,150,0,50.3,0.61,679.06,92,102,2,6,5,4,Rain,Medium,26,71,57,21.8,730,95.01,8.757,68531.9,100,29.54,189,1,0
2/2/2024 22:00,D008,VH008,Hyundai,Kona Long Range,64,484,1750,150,0,30.65,0.4,350.98,76,145,7,4,5,0,Cloudy,Medium,23,66,56,18,730,95.01,6.239,68562.6,100,29.43,190,1,0
2/3/2024 0:00,D008,VH008,Hyundai,Kona Long Range,64,484,1750,150,0,61.99,0.83,901.89,75,107,14,5,7,0,Clear,Medium,14,87,63,19.2,730,95.01,14.759,68624.6,100,29.3,190,1,1
2/3/2024 2:00,D008,VH008,Hyundai,Kona Long Range,64,484,1750,150,0,20.25,0.32,401.19,67,104,5,3,2,1,Cloudy,Low,20,61,54,18,730,95.01,3.977,68644.8,100,29.22,190,1,0
2/3/2024 4:00,D008,VH008,Hyundai,Kona Long Range,64,484,1750,150,0,55.1,0.69,713.6,94,147,4,5,7,6,Rain,Medium,24,84,68,18.1,730,95.01,9.962,68699.9,100,29.09,190,1,0
2/3/2024 6:00,D008,VH008,Hyundai,Kona Long Range,64,484,1750,150,1,166.19,1.82,2083.9,93,153,7,6,6,2,Clear,Medium,22,83,30,39.1,731,95.01,33.477,68866.1,100,28.92,190,1,0
2/3/2024 8:00,D008,VH008,Hyundai,Kona Long Range,64,484,1750,150,0,10.95,0.33,118.08,94,133,7,2,7,13,Rain,Medium,17,72,68,18,731,95.01,2.09,68877.1,100,28.87,190,1,1
2/3/2024 10:00,D008,VH008,Hyundai,Kona Long Range,64,484,1750,150,0,61.96,0.75,1117.78,86,132,6,4,7,2,Clear,Medium,23,80,59,21.2,731,95.01,12.908,68939,100,28.76,190,1,0
2/3/2024 12:00,D008,VH008,Hyundai,Kona Long Range,64,484,1750,150,0,24.47,0.38,459.2,70,99,1,6,6,2,Fog,High,21,69,62,18,731,95.01,4.039,68963.5,100,28.61,190,1,0
2/3/2024 14:00,D008,VH008,Hyundai,Kona Long Range,64,484,1750,150,0,17.65,0.33,249.05,89,118,13,5,5,8,Clear,Low,18,78,71,18,731,95.01,4.136,68981.2,100,28.48,190,1,0
2/3/2024 16:00,D008,VH008,Hyundai,Kona Long Range,64,484,1750,150,0,19.1,0.42,285.39,80,121,6,8,5,11,Rain,High,19,81,75,18,731,95.01,3.581,69000.3,100,28.28,190,1,0
2/3/2024 18:00,D008,VH008,Hyundai,Kona Long Range,64,484,1750,150,0,27.92,0.41,295.6,68,118,5,8,5,0,Cloudy,High,23,71,62,18,731,95.01,5.484,69028.2,100,28.08,190,1,0
2/3/2024 20:00,D008,VH008,Hyundai,Kona Long Range,64,484,1750,150,1,120.69,1.15,2326.31,105,145,8,4,8,0,Clear,Low,23,63,24,28.8,731,95.01,24.738,69148.9,100,27.96,190,1,0
2/3/2024 22:00,D008,VH008,Hyundai,Kona Long Range,64,484,1750,150,0,57.46,1.17,672.96,60,133,6,7,4,13,Clear,High,13,88,69,18.7,731,95.01,11.97,69206.3,100,27.78,191,1,0
2/4/2024 0:00,D008,VH008,Hyundai,Kona Long Range,64,484,1750,150,0,37.09,0.42,456.26,101,141,5,7,6,3,Clear,High,18,64,52,18,731,95.01,7.589,69243.4,100,27.6,191,1,0
2/4/2024 2:00,D008,VH008,Hyundai,Kona Long Range,64,484,1750,150,0,24.42,0.48,413.76,73,136,7,6,9,9,Fog,High,18,50,42,18,731,95,4.505,69267.8,100,27.45,191,1,1
2/4/2024 4:00,D008,VH008,Hyundai,Kona Long Range,64,484,1750,150,0,46.84,0.59,878.7,100,112,1,4,15,7,Clear,High,22,59,45,18.8,731,95,8.886,69314.7,100,27.34,191,1,0
2/4/2024 6:00,D008,VH008,Hyundai,Kona Long Range,64,484,1750,150,0,36.73,0.57,476.6,76,145,9,10,9,5,Rain,Medium,19,70,58,18,731,95,7.255,69351.4,100,27.09,191,1,0
2/4/2024 8:00,D008,VH008,Hyundai,Kona Long Range,64,484,1750,150,0,16.28,0.21,303.99,84,116,6,4,5,1,Rain,Medium,12,49,44,18,731,95,3.052,69367.7,100,26.99,191,1,0
2/4/2024 10:00,D008,VH008,Hyundai,Kona Long Range,64,484,1750,150,1,131.64,1.08,2492.97,122,157,1,7,4,0,Rain,Medium,13,55,21,18.2,732,95,21.353,69499.3,100,26.8,191,1,0
2/4/2024 12:00,D008,VH008,Hyundai,Kona Long Range,64,484,1750,150,1,147.28,1.38,2376.31,109,160,6,2,5,2,Clear,Medium,23,51,10,31.9,732,95,27.744,69646.6,100,26.73,191,1,0
2/4/2024 14:00,D008,VH008,Hyundai,Kona Long Range,64,484,1750,150,1,78.13,0.84,1460.77,95,165,5,5,3,1,Clear,Medium,16,79,55,18,732,95,15.186,69724.7,100,26.59,191,1,1
2/4/2024 16:00,D008,VH008,Hyundai,Kona Long Range,64,484,1750,150,0,36.52,0.53,498.83,85,139,6,5,3,6,Rain,Medium,21,75,64,18,732,95,6.847,69761.3,100,26.47,191,1,0
2/4/2024 18:00,D008,VH008,Hyundai,Kona Long Range,64,484,1750,150,0,9.23,0.18,147.72,96,123,5,11,6,5,Clear,High,22,67,64,18,732,95,1.888,69770.5,100,26.19,191,1,0
2/4/2024 20:00,D008,VH008,Hyundai,Kona Long Range,64,484,1750,150,0,63.3,0.7,862.69,90,139,6,4,5,0,Rain,Medium,16,74,55,18,732,95,11.868,69833.8,100,26.08,191,1,0
2/4/2024 22:00,D008,VH008,Hyundai,Kona Long Range,64,484,1750,150,0,14.82,0.33,177.15,82,138,11,3,9,9,Clear,Medium,22,88,82,18,732,95,3.363,69848.6,100,26,192,1,0
2/5/2024 0:00,D008,VH008,Hyundai,Kona Long Range,64,484,1750,150,0,45.51,0.58,618.52,101,127,9,4,8,8,Cloudy,Low,11,82,67,18,732,95,9.589,69894.1,100,25.9,192,1,0
2/5/2024 2:00,D008,VH008,Hyundai,Kona Long Range,64,484,1750,150,1,52.64,0.49,580.27,115,128,9,3,5,2,Cloudy,Medium,18,52,35,20.5,732,95,10.537,69946.8,100,25.82,192,1,1
2/5/2024 4:00,D008,VH008,Hyundai,Kona Long Range,64,484,1750,150,0,46.66,0.54,628.27,87,149,1,6,2,0,Fog,Medium,26,80,67,18.7,732,95,7.702,69993.4,100,25.66,192,1,0
2/5/2024 6:00,D008,VH008,Hyundai,Kona Long Range,64,484,1750,150,0,43.69,0.82,817.99,70,157,7,8,6,12,Rain,Medium,20,78,64,18,732,95,8.338,70037.1,100,25.46,192,1,0
2/5/2024 8:00,D008,VH008,Hyundai,Kona Long Range,64,484,1750,150,1,93.71,0.77,1428.35,121,163,9,5,5,0,Rain,Medium,14,54,26,21.9,732,95,17.585,70130.8,100,25.32,192,1,0
2/5/2024 10:00,D008,VH008,Hyundai,Kona Long Range,64,484,1750,150,0,49.13,0.56,759.61,107,126,3,3,2,6,Clear,High,19,50,34,18.7,732,94.99,9.686,70179.9,100,25.24,192,1,0
2/5/2024 12:00,D008,VH008,Hyundai,Kona Long Range,64,484,1750,150,1,169.06,1.78,2152.06,96,153,2,8,4,1,Clear,Medium,21,80,31,35,733,94.99,31.068,70349,100,25.02,192,1,1
2/5/2024 14:00,D008,VH008,Hyundai,Kona Long Range,64,484,1750,150,1,73.12,0.74,1283.36,104,160,7,5,2,2,Rain,Medium,23,50,29,23.4,733,94.99,13.256,70422.1,100,24.89,192,1,0
2/5/2024 16:00,D008,VH008,Hyundai,Kona Long Range,64,484,1750,150,0,32.25,0.4,528.73,85,138,5,4,2,1,Cloudy,Low,18,62,52,18,733,94.99,6.334,70454.4,100,24.78,192,1,0
2/5/2024 18:00,D008,VH008,Hyundai,Kona Long Range,64,484,1750,150,0,37.6,0.48,680.68,85,120,9,5,2,2,Cloudy,High,24,83,70,18,733,94.99,7.922,70492,100,24.65,192,1,0
2/5/2024 20:00,D008,VH008,Hyundai,Kona Long Range,64,484,1750,150,1,91.1,0.82,1033.51,116,132,5,8,8,2,Clear,Medium,23,84,56,23.7,733,94.99,17.707,70583.1,100,24.44,192,1,0
2/5/2024 22:00,D008,VH008,Hyundai,Kona Long Range,64,484,1750,150,0,18.29,0.36,226.62,86,130,7,0,9,9,Cloudy,Medium,19,69,63,18,733,94.99,3.723,70601.4,100,24.44,193,1,0
2/6/2024 0:00,D008,VH008,Hyundai,Kona Long Range,64,484,1750,150,0,54.18,0.76,691.51,82,109,12,3,3,6,Fog,Low,32,61,44,22.5,733,94.99,10.872,70655.5,100,24.36,193,1,0
2/6/2024 2:00,D008,VH008,Hyundai,Kona Long Range,64,484,1750,150,0,41.24,0.33,606.34,125,137,8,4,4,0,Cloudy,Medium,22,76,62,19.1,733,94.99,8.542,70696.8,100,24.25,193,1,0
2/6/2024 4:00,D008,VH008,Hyundai,Kona Long Range,64,484,1750,150,0,11.07,0.24,124.26,71,127,7,4,4,5,Clear,Low,21,80,76,18,733,94.99,2.347,70707.9,100,24.15,193,1,0
2/6/2024 6:00,D008,VH008,Hyundai,Kona Long Range,64,484,1750,150,0,46.34,0.8,760.35,79,94,0,4,4,13,Clear,Low,23,64,50,18,733,94.99,8.619,70754.2,100,24.05,193,1,1
2/6/2024 8:00,D008,VH008,Hyundai,Kona Long Range,64,484,1750,150,1,52.44,0.46,862.49,118,149,5,7,3,1,Clear,Low,17,71,55,18,733,94.99,10.193,70806.6,100,23.86,193,1,0
2/6/2024 10:00,D008,VH008,Hyundai,Kona Long Range,64,484,1750,150,0,12.15,0.19,151.44,88,135,10,5,3,3,Fog,High,13,55,51,18,733,94.99,2.359,70818.8,100,23.74,193,1,0
2/6/2024 12:00,D008,VH008,Hyundai,Kona Long Range,64,484,1750,150,0,39.7,0.66,697.45,71,120,8,4,5,6,Rain,Medium,28,72,59,19.3,733,94.99,7.709,70858.5,100,23.63,193,1,0
2/6/2024 14:00,D008,VH008,Hyundai,Kona Long Range,64,484,1750,150,1,152.11,1.38,2601.37,110,163,8,10,5,0,Cloudy,Medium,20,59,12,34.4,734,94.98,29.931,71010.6,100,23.37,193,1,0
2/6/2024 16:00,D008,VH008,Hyundai,Kona Long Range,64,484,1750,150,1,50.44,0.58,695.93,89,165,3,3,10,1,Cloudy,Medium,16,40,25,18,734,94.98,9.07,71061,100,23.28,193,1,1
2/6/2024 18:00,D008,VH008,Hyundai,Kona Long Range,64,484,1750,150,0,55.78,0.95,974.42,71,123,8,4,2,10,Clear,Medium,21,52,33,19.3,734,94.98,12.035,71116.8,100,23.18,193,1,0
2/6/2024 20:00,D008,VH008,Hyundai,Kona Long Range,64,484,1750,150,1,172.63,1.53,1926.33,113,163,8,5,3,0,Clear,Low,22,52,10,32.7,734,94.98,28.288,71289.4,100,23.03,193,1,0
2/6/2024 22:00,D008,VH008,Hyundai,Kona Long Range,64,484,1750,150,0,23.81,0.31,274.42,76,150,5,11,5,0,Clear,High,24,71,63,18,734,94.98,4.872,71313.3,100,22.75,194,1,0
2/7/2024 0:00,D008,VH008,Hyundai,Kona Long Range,64,484,1750,150,0,24.67,0.31,438.26,83,108,6,5,4,1,Clear,Low,27,72,63,18,734,94.98,5.139,71337.9,100,22.63,194,1,0
2/7/2024 2:00,D008,VH008,Hyundai,Kona Long Range,64,484,1750,150,1,91.5,0.84,1725.92,111,141,16,2,5,1,Clear,Low,21,51,17,27.5,734,94.98,21.342,71429.4,100,22.56,194,1,0
2/7/2024 4:00,D008,VH008,Hyundai,Kona Long Range,64,484,1750,150,0,30.32,0.46,397.66,88,112,5,10,4,7,Rain,Medium,23,70,61,18,734,94.98,5.583,71459.8,100,22.31,194,1,1
2/7/2024 6:00,D008,VH008,Hyundai,Kona Long Range,64,484,1750,150,0,56.72,0.79,889.5,75,122,5,3,6,2,Clear,Medium,25,74,55,20.3,734,94.98,11.605,71516.5,100,22.23,194,1,0
2/7/2024 8:00,D008,VH008,Hyundai,Kona Long Range,64,484,1750,150,0,55.64,0.82,691.39,79,84,1,3,4,7,Clear,Low,17,67,50,18,734,94.98,10.556,71572.1,100,22.15,194,1,0
2/7/2024 10:00,D008,VH008,Hyundai,Kona Long Range,64,484,1750,150,1,160.03,1.79,1801.39,91,165,4,11,8,2,Clear,Low,22,66,18,31.9,735,94.98,30.539,71732.1,100,21.85,194,1,0
1/1/2024 0:00,D009,VH009,Hyundai,Creta EV,51.4,473,1600,126,0,38.53,0.45,531.48,100,134,8,2,2,4,Fog,Medium,20,64,49,18,990,85.81,7.233,114707.5,76.58,54.06,76,1,0
1/1/2024 2:00,D009,VH009,Hyundai,Creta EV,51.4,473,1600,126,1,60.48,0.55,1008.89,117,128,7,9,9,2,Rain,Medium,21,78,56,19,990,85.81,10.965,114768,77.01,53.81,76,1,0
1/1/2024 4:00,D009,VH009,Hyundai,Creta EV,51.4,473,1600,126,0,49.24,0.65,891.66,93,143,6,1,7,7,Fog,Low,19,70,52,18,990,85.8,8.924,114817.2,77.11,53.77,76,1,0
1/1/2024 6:00,D009,VH009,Hyundai,Creta EV,51.4,473,1600,126,0,14.94,0.35,263.52,76,99,0,4,7,9,Fog,High,15,80,75,18,990,85.8,2.418,114832.2,77.29,53.66,76,1,0
1/1/2024 8:00,D009,VH009,Hyundai,Creta EV,51.4,473,1600,126,0,23.26,0.51,252.44,96,143,9,3,2,16,Rain,Low,27,82,73,18,990,85.8,4.595,114855.4,77.44,53.58,76,1,0
1/1/2024 10:00,D009,VH009,Hyundai,Creta EV,51.4,473,1600,126,0,48.33,0.47,621.36,106,114,13,8,3,1,Clear,High,20,79,56,21.2,990,85.8,11.327,114903.8,77.82,53.36,76,1,0
1/1/2024 12:00,D009,VH009,Hyundai,Creta EV,51.4,473,1600,126,0,25.36,0.43,386.72,81,144,8,10,4,7,Clear,Medium,21,74,63,18,990,85.8,5.472,114929.1,78.25,53.1,76,1,0
1/1/2024 14:00,D009,VH009,Hyundai,Creta EV,51.4,473,1600,126,0,11.16,0.21,159.13,76,130,4,5,2,4,Rain,Medium,17,87,83,18,990,85.8,2.018,114940.3,78.46,52.97,76,1,0
1/1/2024 16:00,D009,VH009,Hyundai,Creta EV,51.4,473,1600,126,0,18.59,0.34,299.26,91,102,5,6,5,8,Fog,Low,15,68,61,18,990,85.8,3.309,114958.9,78.73,52.81,76,1,1
1/1/2024 18:00,D009,VH009,Hyundai,Creta EV,51.4,473,1600,126,1,145.92,1.49,2472.21,100,146,8,8,4,2,Fog,Low,14,73,22,26.8,990,85.79,26.021,115104.8,79.22,52.55,76,1,0
1/1/2024 20:00,D009,VH009,Hyundai,Creta EV,51.4,473,1600,126,0,50.14,0.53,915.57,101,124,3,6,2,2,Cloudy,High,19,68,49,18,990,85.79,9.49,115154.9,79.53,52.38,76,1,0
1/1/2024 22:00,D009,VH009,Hyundai,Creta EV,51.4,473,1600,126,0,52.11,0.72,749.36,91,118,7,4,9,9,Clear,Medium,15,63,41,18,990,85.79,11.049,115207.1,79.75,52.25,76,1,0
1/2/2024 0:00,D009,VH009,Hyundai,Creta EV,51.4,473,1600,126,0,15.28,0.34,192.35,73,115,8,5,6,8,Clear,Medium,14,73,66,18,990,85.79,3.297,115222.3,79.97,52.12,77,1,0
1/2/2024 2:00,D009,VH009,Hyundai,Creta EV,51.4,473,1600,126,1,107.28,1.05,1258.33,104,136,4,2,3,1,Clear,Low,19,77,37,26,991,85.78,20.473,115329.6,80.18,52.03,77,1,0
1/2/2024 4:00,D009,VH009,Hyundai,Creta EV,51.4,473,1600,126,0,57.24,0.92,1142.33,79,165,7,11,3,12,Clear,Low,13,75,51,18,991,85.78,12.137,115386.9,80.69,51.73,77,1,0
1/2/2024 6:00,D009,VH009,Hyundai,Creta EV,51.4,473,1600,126,0,59.89,0.58,714,103,128,9,12,2,0,Clear,High,20,66,40,18,991,85.78,13.145,115446.8,81.24,51.4,77,1,0
1/2/2024 8:00,D009,VH009,Hyundai,Creta EV,51.4,473,1600,126,0,55.4,0.77,876.85,81,118,6,9,5,5,Rain,High,18,70,49,18,991,85.78,10.387,115502.1,81.67,51.16,77,1,1
1/2/2024 10:00,D009,VH009,Hyundai,Creta EV,51.4,473,1600,126,0,50.03,0.7,520.24,81,131,6,5,8,5,Clear,High,17,72,51,18,991,85.77,10.422,115552.2,81.93,51.01,77,1,0
1/2/2024 12:00,D009,VH009,Hyundai,Creta EV,51.4,473,1600,126,0,17.59,0.34,265.29,95,122,6,3,4,9,Fog,Medium,18,76,69,18,991,85.77,3.188,115569.8,82.07,50.93,77,1,0
1/2/2024 14:00,D009,VH009,Hyundai,Creta EV,51.4,473,1600,126,0,61.13,0.69,1076.85,103,165,11,9,4,6,Clear,High,24,64,37,18.4,991,85.77,13.872,115630.9,82.51,50.68,77,1,0
1/2/2024 16:00,D009,VH009,Hyundai,Creta EV,51.4,473,1600,126,0,36.52,0.64,387.16,98,156,5,5,0,16,Rain,Low,17,72,58,18,991,85.77,6.725,115667.4,82.75,50.54,77,1,0
1/2/2024 18:00,D009,VH009,Hyundai,Creta EV,51.4,473,1600,126,0,26.4,0.52,362.83,88,130,6,5,7,13,Clear,Medium,21,72,61,18,991,85.77,5.5,115693.8,82.99,50.4,77,1,0
1/2/2024 20:00,D009,VH009,Hyundai,Creta EV,51.4,473,1600,126,0,61.15,0.69,1043.85,95,144,5,5,5,3,Clear,Medium,14,79,54,18,991,85.76,12.511,115755,83.26,50.25,77,1,1
1/2/2024 22:00,D009,VH009,Hyundai,Creta EV,51.4,473,1600,126,1,110.39,0.95,1751.87,120,125,7,9,1,2,Clear,Low,19,56,12,26,992,85.76,22.237,115865.4,83.76,49.98,77,1,0
1/3/2024 0:00,D009,VH009,Hyundai,Creta EV,51.4,473,1600,126,0,46.26,0.59,797.34,91,148,4,6,4,5,Rain,High,17,70,53,18,992,85.76,8.363,115911.6,84.05,49.81,78,1,0
1/3/2024 2:00,D009,VH009,Hyundai,Creta EV,51.4,473,1600,126,0,55.79,0.79,874.95,85,127,4,4,2,8,Clear,Low,15,89,67,18.1,992,85.76,11.207,115967.4,84.28,49.68,78,1,0
1/3/2024 4:00,D009,VH009,Hyundai,Creta EV,51.4,473,1600,126,1,67.81,0.59,990.82,115,137,1,4,3,0,Clear,Low,14,72,48,18,992,85.75,12.222,116035.2,84.52,49.56,78,1,0
1/3/2024 6:00,D009,VH009,Hyundai,Creta EV,51.4,473,1600,126,0,46.73,0.7,478.18,87,140,7,5,7,10,Clear,High,19,69,49,18,992,85.75,9.909,116081.9,84.78,49.41,78,1,0
1/3/2024 8:00,D009,VH009,Hyundai,Creta EV,51.4,473,1600,126,0,42.66,0.61,602.94,83,118,2,8,6,6,Rain,Low,15,75,60,18,992,85.75,7.427,116124.6,85.15,49.19,78,1,1
1/3/2024 10:00,D009,VH009,Hyundai,Creta EV,51.4,473,1600,126,1,161.76,1.87,2359.53,88,160,5,8,4,2,Rain,Low,17,62,10,31.1,992,85.74,27.0878,116286.4,85.67,48.93,78,1,0
1/3/2024 12:00,D009,VH009,Hyundai,Creta EV,51.4,473,1600,126,0,23.19,0.25,417.88,98,128,7,5,3,1,Clear,Medium,8,72,62,18,992,85.74,4.917,116309.6,85.9,48.79,78,1,0
1/3/2024 14:00,D009,VH009,Hyundai,Creta EV,51.4,473,1600,126,1,109.71,1.1,1527.93,100,132,6,4,7,0,Fog,Medium,27,66,29,22.8,992,85.74,18.889,116419.3,86.19,48.64,78,1,0
1/3/2024 16:00,D009,VH009,Hyundai,Creta EV,51.4,473,1600,126,0,20.41,0.28,246.19,94,134,8,3,3,4,Cloudy,Medium,17,77,68,18,992,85.74,4.228,116439.7,86.34,48.56,78,1,1
1/3/2024 18:00,D009,VH009,Hyundai,Creta EV,51.4,473,1600,126,0,17.49,0.3,251.22,93,134,7,4,6,7,Cloudy,Medium,23,63,56,18,993,85.74,3.56,116457.2,86.52,48.45,78,1,0
1/3/2024 20:00,D009,VH009,Hyundai,Creta EV,51.4,473,1600,126,1,153.13,1.32,1729.68,119,138,2,1,4,2,Fog,Low,20,55,10,24.4,993,85.73,24.0295,116610.3,86.75,48.36,78,1,0
1/3/2024 22:00,D009,VH009,Hyundai,Creta EV,51.4,473,1600,126,1,172.8,1.92,2243.18,90,165,6,3,3,0,Cloudy,Medium,22,76,12,37.1,993,85.73,32.83,116783.1,87.08,48.22,78,1,0
1/4/2024 0:00,D009,VH009,Hyundai,Creta EV,51.4,473,1600,126,0,59.39,0.82,632.91,88,122,5,2,6,9,Fog,Low,20,73,52,18,993,85.72,10.572,116842.5,87.23,48.14,79,1,0
1/4/2024 2:00,D009,VH009,Hyundai,Creta EV,51.4,473,1600,126,0,10.6,0.31,170.86,100,113,13,6,1,12,Clear,Medium,17,56,51,18,993,85.72,2.484,116853.1,87.49,47.99,79,1,0
1/4/2024 4:00,D009,VH009,Hyundai,Creta EV,51.4,473,1600,126,0,37.45,0.56,744.07,73,126,3,8,7,3,Clear,Medium,16,74,59,18,993,85.72,7.384,116890.5,87.85,47.77,79,1,0
1/4/2024 6:00,D009,VH009,Hyundai,Creta EV,51.4,473,1600,126,1,115.91,1.14,2143.89,105,139,8,3,6,2,Clear,Medium,16,64,17,27.2,993,85.72,23.758,117006.4,88.11,47.65,79,1,0
1/4/2024 8:00,D009,VH009,Hyundai,Creta EV,51.4,473,1600,126,0,21.01,0.48,372.03,64,121,9,5,6,9,Cloudy,Low,16,72,63,18,993,85.72,4.427,117027.5,88.34,47.51,79,1,0
1/4/2024 10:00,D009,VH009,Hyundai,Creta EV,51.4,473,1600,126,0,56.36,0.59,946.1,95,164,3,8,7,0,Cloudy,High,17,66,45,18,994,85.71,10.667,117083.8,88.73,47.29,79,1,1
1/4/2024 12:00,D009,VH009,Hyundai,Creta EV,51.4,473,1600,126,0,39.45,0.55,747.35,84,108,6,5,1,5,Clear,Medium,21,76,60,18,994,85.71,8.218,117123.3,88.98,47.15,79,1,0
1/4/2024 14:00,D009,VH009,Hyundai,Creta EV,51.4,473,1600,126,0,29.02,0.52,518.7,75,144,5,2,6,8,Cloudy,Medium,16,82,70,18,994,85.71,5.7,117152.3,89.09,47.09,79,1,0
1/4/2024 16:00,D009,VH009,Hyundai,Creta EV,51.4,473,1600,126,0,49.13,0.69,580.07,77,141,3,7,7,3,Clear,Low,18,76,57,18,994,85.71,9.686,117201.4,89.43,46.89,79,1,0
1/4/2024 18:00,D009,VH009,Hyundai,Creta EV,51.4,473,1600,126,1,160.36,1.38,2725.05,119,165,5,6,1,2,Clear,Medium,22,78,17,30.4,994,85.7,31.169,117361.8,89.87,46.67,79,1,0
1/4/2024 20:00,D009,VH009,Hyundai,Creta EV,51.4,473,1600,126,0,53.28,0.48,601.53,115,120,8,7,4,1,Rain,Medium,23,78,57,18,994,85.7,10.346,117415.1,90.21,46.48,79,1,0
1/4/2024 22:00,D009,VH009,Hyundai,Creta EV,51.4,473,1600,126,0,31.91,0.44,468.91,86,107,13,4,6,4,Clear,Medium,14,59,44,18,994,85.7,7.478,117447,90.41,46.36,79,1,1
1/5/2024 0:00,D009,VH009,Hyundai,Creta EV,51.4,473,1600,126,0,11.52,0.15,206.19,87,128,8,2,4,1,Clear,Medium,16,71,66,18,994,85.7,2.486,117458.5,90.51,46.31,80,1,0
1/5/2024 2:00,D009,VH009,Hyundai,Creta EV,51.4,473,1600,126,1,94.77,0.82,1735.62,118,133,6,5,12,1,Clear,Medium,20,78,41,24.7,994,85.69,18.755,117553.3,90.82,46.14,80,1,0
1/5/2024 4:00,D009,VH009,Hyundai,Creta EV,51.4,473,1600,126,0,46.74,0.59,792.2,98,122,8,8,7,7,Clear,Medium,22,62,42,20.1,994,85.69,10.085,117600,91.2,45.92,80,1,0
1/5/2024 6:00,D009,VH009,Hyundai,Creta EV,51.4,473,1600,126,0,47.52,0.65,521.76,81,133,6,3,5,4,Fog,Medium,9,46,29,18,995,85.69,8.612,117647.5,91.38,45.83,80,1,0
1/5/2024 8:00,D009,VH009,Hyundai,Creta EV,51.4,473,1600,126,0,53.85,0.9,872.07,66,126,5,11,4,5,Fog,High,21,63,44,20.3,995,85.69,9.585,117701.4,91.88,45.53,80,1,0
1/5/2024 10:00,D009,VH009,Hyundai,Creta EV,51.4,473,1600,126,1,178.43,1.54,3300.35,116,165,7,6,5,0,Rain,Low,17,59,10,25.7,995,85.68,25.7771,117879.8,92.34,45.31,80,1,0
1/5/2024 12:00,D009,VH009,Hyundai,Creta EV,51.4,473,1600,126,0,53.54,0.69,1042.22,86,134,7,6,1,4,Clear,Medium,16,57,34,18,995,85.68,11.353,117933.3,92.65,45.13,80,1,1
1/5/2024 14:00,D009,VH009,Hyundai,Creta EV,51.4,473,1600,126,1,165.9,1.54,3118.87,108,145,11,8,6,0,Clear,Medium,21,58,10,28.9,995,85.67,25.3402,118099.2,93.17,44.86,80,1,0
1/5/2024 16:00,D009,VH009,Hyundai,Creta EV,51.4,473,1600,126,1,165.81,1.38,3293.45,125,162,6,6,5,3,Fog,Low,21,74,18,32.3,995,85.67,28.549,118265.1,93.62,44.64,80,1,0
1/5/2024 18:00,D009,VH009,Hyundai,Creta EV,51.4,473,1600,126,0,51.21,0.89,910.82,72,118,7,2,7,11,Cloudy,Low,20,79,58,18,995,85.67,10.424,118316.3,93.76,44.57,80,1,0
1/5/2024 20:00,D009,VH009,Hyundai,Creta EV,51.4,473,1600,126,1,122.72,0.99,1603.26,128,153,8,5,2,2,Fog,Medium,22,82,39,29.1,996,85.66,21.884,118439,94.11,44.4,80,1,1
1/5/2024 22:00,D009,VH009,Hyundai,Creta EV,51.4,473,1600,126,1,130.28,1.09,2150.37,119,158,6,3,8,0,Clear,Medium,23,87,36,30.7,996,85.66,25.783,118569.3,94.39,44.27,80,1,0
1/6/2024 0:00,D009,VH009,Hyundai,Creta EV,51.4,473,1600,126,0,43.19,0.54,510.03,80,144,7,2,3,0,Clear,Low,10,66,48,18,996,85.65,9.158,118612.5,94.52,44.2,81,1,0
1/6/2024 2:00,D009,VH009,Hyundai,Creta EV,51.4,473,1600,126,0,61.34,0.68,1009.42,103,129,8,3,3,5,Cloudy,Medium,11,55,30,18,996,85.65,12.705,118673.8,94.72,44.1,81,1,0
1/6/2024 4:00,D009,VH009,Hyundai,Creta EV,51.4,473,1600,126,0,28.11,0.45,390.15,99,143,11,4,4,10,Fog,High,15,91,80,18,996,85.65,5.549,118701.9,94.91,43.99,81,1,1
1/6/2024 6:00,D009,VH009,Hyundai,Creta EV,51.4,473,1600,126,0,35.18,0.54,490.4,77,126,3,5,4,5,Clear,Medium,14,56,42,18,996,85.65,6.936,118737.1,95.15,43.85,81,1,0
1/6/2024 8:00,D009,VH009,Hyundai,Creta EV,51.4,473,1600,126,0,16.01,0.37,313.5,55,111,5,3,7,5,Clear,High,16,65,58,18,996,85.65,3.276,118753.1,95.29,43.76,81,1,0
1/6/2024 10:00,D009,VH009,Hyundai,Creta EV,51.4,473,1600,126,0,35.69,0.54,659.33,92,133,4,4,6,9,Rain,High,10,53,40,18,996,85.65,6.452,118788.8,95.5,43.65,81,1,0
1/6/2024 12:00,D009,VH009,Hyundai,Creta EV,51.4,473,1600,126,0,9.61,0.31,101.71,87,130,7,4,4,12,Clear,High,14,74,70,18,996,85.65,2.038,118798.4,95.67,43.55,81,1,0
1/6/2024 14:00,D009,VH009,Hyundai,Creta EV,51.4,473,1600,126,1,143.82,1.26,2471.82,116,134,5,3,4,1,Clear,Medium,16,76,21,28.2,997,85.64,27.954,118942.2,95.96,43.41,81,1,0
1/6/2024 16:00,D009,VH009,Hyundai,Creta EV,51.4,473,1600,126,0,55.61,1,839.68,63,122,3,2,5,7,Fog,Medium,15,73,54,18,997,85.64,9.539,118997.8,96.11,43.34,81,1,0
1/6/2024 18:00,D009,VH009,Hyundai,Creta EV,51.4,473,1600,126,0,56.19,0.76,679.62,92,143,4,7,4,9,Clear,High,20,66,44,21.8,997,85.64,11.287,119054,96.46,43.14,81,1,0
1/6/2024 20:00,D009,VH009,Hyundai,Creta EV,51.4,473,1600,126,1,105.87,1.02,1858.57,106,142,6,3,5,1,Rain,Medium,11,62,25,18,997,85.63,18.857,119159.9,96.71,43.02,81,1,0
1/6/2024 22:00,D009,VH009,Hyundai,Creta EV,51.4,473,1600,126,1,100.23,0.79,1207.35,130,160,7,8,2,1,Clear,Medium,21,81,41,20.7,997,85.63,20.19,119260.1,97.15,42.78,81,1,1
1/7/2024 0:00,D009,VH009,Hyundai,Creta EV,51.4,473,1600,126,0,48.99,0.68,675.23,85,144,10,8,6,6,Rain,Medium,25,78,58,20.1,997,85.63,9.841,119309.1,97.53,42.56,82,1,0
1/7/2024 2:00,D009,VH009,Hyundai,Creta EV,51.4,473,1600,126,0,14.03,0.13,223.66,107,112,6,8,4,0,Clear,High,21,81,75,18,997,85.63,2.923,119323.1,97.87,42.35,82,1,0
1/7/2024 4:00,D009,VH009,Hyundai,Creta EV,51.4,473,1600,126,0,58.33,0.85,859.36,83,151,10,11,6,9,Rain,Medium,24,84,61,19.5,997,85.62,11.717,119381.5,98.38,42.05,82,1,0
1/7/2024 6:00,D009,VH009,Hyundai,Creta EV,51.4,473,1600,126,0,48,0.59,953.92,101,147,4,9,2,7,Cloudy,High,22,77,58,22.5,997,85.62,9.257,119429.5,98.8,41.81,82,1,0
1/7/2024 8:00,D009,VH009,Hyundai,Creta EV,51.4,473,1600,126,0,20.92,0.43,287.56,98,126,7,10,10,13,Rain,Medium,17,75,67,18,997,85.62,3.992,119450.4,99.23,41.55,82,1,0
1/7/2024 10:00,D009,VH009,Hyundai,Creta EV,51.4,473,1600,126,0,58.04,0.77,856.88,79,133,12,7,6,2,Fog,Low,14,75,52,18,998,85.62,11.646,119508.4,99.58,41.35,82,1,0
1/7/2024 12:00,D009,VH009,Hyundai,Creta EV,51.4,473,1600,126,1,120.55,1.23,1468.56,101,158,5,4,9,2,Clear,Low,17,69,23,25,998,85.61,23.431,119629,99.89,41.2,82,1,1
1/7/2024 14:00,D009,VH009,Hyundai,Creta EV,51.4,473,1600,126,0,47.14,0.78,910.59,73,160,5,13,9,8,Clear,High,20,77,58,18,998,85.61,9.645,119676.1,100,40.85,82,1,0
1/7/2024 16:00,D009,VH009,Hyundai,Creta EV,51.4,473,1600,126,0,13.77,0.41,143.96,85,126,5,5,4,15,Cloudy,Low,20,79,73,18,998,85.61,2.705,119689.9,100,40.72,82,1,0
1/7/2024 18:00,D009,VH009,Hyundai,Creta EV,51.4,473,1600,126,0,54.14,0.79,668.65,73,149,5,5,3,3,Clear,Low,18,58,36,22.3,998,85.61,11.077,119744,100,40.57,82,1,0
1/7/2024 20:00,D009,VH009,Hyundai,Creta EV,51.4,473,1600,126,0,46,0.53,570.04,95,156,12,7,3,3,Rain,Medium,19,75,56,18,998,85.61,9.548,119790,100,40.38,82,1,0
1/7/2024 22:00,D009,VH009,Hyundai,Creta EV,51.4,473,1600,126,0,55.73,0.67,691.69,103,117,6,6,3,8,Clear,High,18,86,63,20.7,998,85.6,11.61,119845.8,100,40.21,82,1,0
1/8/2024 0:00,D009,VH009,Hyundai,Creta EV,51.4,473,1600,126,0,20.9,0.45,291.51,85,136,4,3,6,12,Fog,Medium,11,68,60,18,998,85.6,3.653,119866.6,100,40.12,83,1,0
1/8/2024 2:00,D009,VH009,Hyundai,Creta EV,51.4,473,1600,126,0,63.05,0.76,812.69,91,127,7,3,6,4,Fog,Medium,18,68,45,18,998,85.6,11.631,119929.7,100,40.02,83,1,0
1/8/2024 4:00,D009,VH009,Hyundai,Creta EV,51.4,473,1600,126,0,44.85,0.65,512.55,87,110,7,6,7,8,Clear,Low,19,76,57,18,998,85.6,9.51,119974.6,100,39.85,83,1,1
1/8/2024 6:00,D009,VH009,Hyundai,Creta EV,51.4,473,1600,126,0,16.85,0.26,214.51,85,132,7,4,4,4,Clear,Medium,20,72,65,18,998,85.6,3.573,119991.4,100,39.74,83,1,0
1/8/2024 8:00,D009,VH009,Hyundai,Creta EV,51.4,473,1600,126,0,42.61,0.76,787.22,70,99,0,6,7,9,Clear,Medium,13,76,60,18,998,85.6,7.925,120034,100,39.58,83,1,0
1/8/2024 10:00,D009,VH009,Hyundai,Creta EV,51.4,473,1600,126,1,158.64,1.57,2634.99,103,165,5,4,3,2,Fog,Medium,26,84,31,32.6,999,85.59,26.826,120192.7,100,39.41,83,1,0
1/8/2024 12:00,D009,VH009,Hyundai,Creta EV,51.4,473,1600,126,0,22.65,0.3,419.2,99,135,7,4,6,4,Cloudy,High,22,54,45,18,999,85.59,4.611,120215.3,100,39.3,83,1,1
1/8/2024 14:00,D009,VH009,Hyundai,Creta EV,51.4,473,1600,126,1,99.75,0.85,1866.23,118,165,4,0,3,0,Rain,Medium,19,66,32,24.1,999,85.59,17.132,120315.1,100,39.26,83,1,0
1/8/2024 16:00,D009,VH009,Hyundai,Creta EV,51.4,473,1600,126,1,128.71,1.12,1787.42,117,154,7,4,1,1,Rain,Medium,17,73,27,25.9,999,85.58,23.334,120443.8,100,39.1,83,1,0
1/8/2024 18:00,D009,VH009,Hyundai,Creta EV,51.4,473,1600,126,0,11.25,0.18,139.38,89,155,7,6,6,3,Cloudy,Medium,21,62,57,18,999,85.58,2.29,120455,100,38.95,83,1,0
1/8/2024 20:00,D009,VH009,Hyundai,Creta EV,51.4,473,1600,126,1,65.82,0.7,833.1,101,155,7,9,7,3,Fog,Medium,16,74,51,18,999,85.58,11.535,120520.8,100,38.7,83,1,0
1/8/2024 22:00,D009,VH009,Hyundai,Creta EV,51.4,473,1600,126,0,46.33,0.74,813.17,81,123,7,7,5,10,Rain,Medium,15,67,49,18,999,85.58,8.841,120567.2,100,38.5,83,1,0
1/9/2024 0:00,D009,VH009,Hyundai,Creta EV,51.4,473,1600,126,0,36.45,0.74,411.43,62,124,7,6,6,9,Rain,Low,16,69,55,18,999,85.57,6.956,120603.6,100,38.34,84,1,0
1/9/2024 2:00,D009,VH009,Hyundai,Creta EV,51.4,473,1600,126,0,19.48,0.32,347.51,98,160,6,3,8,7,Clear,Medium,16,71,63,18,999,85.57,4.058,120623.1,100,38.25,84,1,1
1/9/2024 4:00,D009,VH009,Hyundai,Creta EV,51.4,473,1600,126,0,59.47,1.62,743.97,37,138,10,7,6,1,Rain,Medium,20,51,27,18,999,85.57,11.946,120682.6,100,38.05,84,1,0
1/9/2024 6:00,D009,VH009,Hyundai,Creta EV,51.4,473,1600,126,1,154.56,1.38,2054.57,115,150,7,7,6,2,Fog,Medium,20,80,27,30,1000,85.57,27.087,120837.1,100,37.81,84,1,0
1/9/2024 8:00,D009,VH009,Hyundai,Creta EV,51.4,473,1600,126,0,35.21,0.38,431.65,92,148,5,5,7,0,Rain,Medium,12,73,60,18,1000,85.56,6.484,120872.3,100,37.67,84,1,0
1/9/2024 10:00,D009,VH009,Hyundai,Creta EV,51.4,473,1600,126,0,21.82,0.33,436.19,87,114,9,7,8,5,Clear,Low,20,69,59,18,1000,85.56,4.789,120894.2,100,37.49,84,1,0
1/9/2024 12:00,D009,VH009,Hyundai,Creta EV,51.4,473,1600,126,1,116.77,0.98,1438.44,121,165,7,7,8,1,Rain,Medium,14,63,21,19.6,1000,85.56,21.17,121010.9,100,37.27,84,1,0
1/9/2024 14:00,D009,VH009,Hyundai,Creta EV,51.4,473,1600,126,0,39.13,0.57,521.48,89,134,5,3,1,8,Cloudy,Medium,19,84,69,18,1000,85.56,7.686,121050.1,100,37.17,84,1,0
1/9/2024 16:00,D009,VH009,Hyundai,Creta EV,51.4,473,1600,126,0,58.68,0.67,985.22,97,126,8,7,2,4,Clear,Medium,22,64,39,20.9,1000,85.55,12.661,121108.7,100,36.98,84,1,1
1/9/2024 18:00,D009,VH009,Hyundai,Creta EV,51.4,473,1600,126,0,63.26,1.07,1024.89,70,106,4,6,19,10,Clear,Medium,13,87,62,18,1000,85.55,12.708,121172,100,36.8,84,1,0
1/9/2024 20:00,D009,VH009,Hyundai,Creta EV,51.4,473,1600,126,0,49.79,0.8,773.37,75,131,10,4,6,8,Clear,Medium,20,59,37,18.5,1000,85.55,11.113,121221.8,100,36.68,84,1,0
1/9/2024 22:00,D009,VH009,Hyundai,Creta EV,51.4,473,1600,126,1,64.1,0.78,685.29,82,164,6,7,7,0,Clear,Medium,13,58,33,18,1000,85.55,12.686,121285.9,100,36.48,84,1,0
1/10/2024 0:00,D009,VH009,Hyundai,Creta EV,51.4,473,1600,126,0,24.86,0.5,476.07,62,116,1,4,7,6,Fog,Medium,21,73,65,18,1001,85.55,4.103,121310.7,100,36.37,85,1,0
1/10/2024 2:00,D009,VH009,Hyundai,Creta EV,51.4,473,1600,126,0,36.33,0.55,674.43,88,132,6,4,3,8,Clear,Low,19,76,61,18,1001,85.54,7.568,121347.1,100,36.25,85,1,1
1/10/2024 4:00,D009,VH009,Hyundai,Creta EV,51.4,473,1600,126,0,31.66,0.33,450.53,100,126,8,4,8,1,Fog,High,22,50,38,18,1001,85.54,5.943,121378.7,100,36.14,85,1,0
1/10/2024 6:00,D009,VH009,Hyundai,Creta EV,51.4,473,1600,126,1,120.37,1.06,1565.86,117,154,7,2,5,2,Fog,Low,24,69,27,24.7,1001,85.54,21.095,121499.1,100,36.04,85,1,0
1/10/2024 8:00,D009,VH009,Hyundai,Creta EV,51.4,473,1600,126,1,69.78,0.78,888.27,90,155,9,4,3,0,Fog,Medium,22,55,30,19.4,1001,85.54,12.658,121568.9,100,35.91,85,1,0
1/10/2024 10:00,D009,VH009,Hyundai,Creta EV,51.4,473,1600,126,0,18.82,0.32,300.8,80,112,7,8,4,5,Clear,Medium,19,60,52,18,1001,85.54,3.991,121587.7,100,35.7,85,1,0
1/10/2024 12:00,D009,VH009,Hyundai,Creta EV,51.4,473,1600,126,0,46.3,0.57,562.53,81,130,12,4,5,0,Clear,High,15,83,62,18,1001,85.53,10.679,121634,100,35.58,85,1,1
1/10/2024 14:00,D009,VH009,Hyundai,Creta EV,51.4,473,1600,126,1,130.67,1.25,1628.63,107,164,10,7,8,2,Cloudy,Medium,13,64,12,25.8,1001,85.53,26.599,121764.7,100,35.35,85,1,0
1/10/2024 16:00,D009,VH009,Hyundai,Creta EV,51.4,473,1600,126,0,29.91,0.48,429.37,79,137,6,8,6,6,Fog,Medium,16,83,72,18,1001,85.53,5.421,121794.6,100,35.14,85,1,0
1/10/2024 18:00,D009,VH009,Hyundai,Creta EV,51.4,473,1600,126,1,121.14,1.26,1374.84,99,141,5,3,9,2,Fog,Medium,9,53,13,20.7,1002,85.52,20.485,121915.7,100,35.01,85,1,0
1/10/2024 20:00,D009,VH009,Hyundai,Creta EV,51.4,473,1600,126,0,8.2,0.33,116.01,84,161,6,7,7,14,Rain,Medium,15,61,58,18,1002,85.52,1.537,121923.9,100,34.83,85,1,0
1/10/2024 22:00,D009,VH009,Hyundai,Creta EV,51.4,473,1600,126,1,65.96,0.59,1242.14,119,165,7,5,6,2,Cloudy,Medium,25,74,49,21.1,1002,85.52,12.755,121989.9,100,34.68,85,1,0
1/11/2024 0:00,D009,VH009,Hyundai,Creta EV,51.4,473,1600,126,0,43.26,0.63,671.46,71,129,7,4,5,1,Rain,Medium,16,77,60,18,1002,85.52,8.256,122033.1,100,34.56,86,1,0
1/11/2024 2:00,D009,VH009,Hyundai,Creta EV,51.4,473,1600,126,1,134.66,1.18,1865.06,116,159,5,4,3,1,Clear,Medium,20,71,20,32,1002,85.51,26.174,122167.8,100,34.41,86,1,1
1/11/2024 4:00,D009,VH009,Hyundai,Creta EV,51.4,473,1600,126,0,47.27,0.58,581.2,89,145,3,5,4,3,Cloudy,Low,20,66,48,18,1002,85.51,8.947,122215.1,100,34.26,86,1,0
1/11/2024 6:00,D009,VH009,Hyundai,Creta EV,51.4,473,1600,126,0,47.97,0.46,862.37,109,114,9,6,7,1,Rain,Low,18,57,38,19,1002,85.51,9.476,122263,100,34.09,86,1,0
1/11/2024 8:00,D009,VH009,Hyundai,Creta EV,51.4,473,1600,126,0,55.05,0.8,907.63,80,138,6,7,2,7,Clear,Medium,24,55,32,19.1,1002,85.51,11.468,122318.1,100,33.89,86,1,0
1/11/2024 10:00,D009,VH009,Hyundai,Creta EV,51.4,473,1600,126,0,34.77,0.64,417.66,83,125,5,8,5,13,Fog,High,18,66,53,18,1002,85.5,6.189,122352.9,100,33.68,86,1,0
1/11/2024 12:00,D009,VH009,Hyundai,Creta EV,51.4,473,1600,126,0,13.23,0.29,221.27,95,118,4,7,7,9,Rain,Medium,17,78,73,18,1002,85.5,2.392,122366.1,100,33.5,86,1,0
1/11/2024 14:00,D009,VH009,Hyundai,Creta EV,51.4,473,1600,126,0,42.77,0.77,443.23,83,134,2,7,7,15,Clear,High,21,47,30,18,1002,85.5,8.273,122408.9,100,33.3,86,1,0
1/11/2024 16:00,D009,VH009,Hyundai,Creta EV,51.4,473,1600,126,0,50.01,0.59,593.89,93,151,4,5,10,3,Clear,Medium,19,72,52,18,1002,85.5,10.046,122458.9,100,33.16,86,1,1
1/11/2024 18:00,D009,VH009,Hyundai,Creta EV,51.4,473,1600,126,1,177.74,1.46,2573.43,123,157,8,4,4,1,Fog,Medium,22,64,10,32.1,1003,85.49,27.9616,122636.6,100,32.98,86,1,0
1/11/2024 20:00,D009,VH009,Hyundai,Creta EV,51.4,473,1600,126,1,97.04,0.76,1048.4,127,161,4,5,3,0,Rain,Medium,16,70,37,21.1,1003,85.49,16.667,122733.7,100,32.82,86,1,0
1/11/2024 22:00,D009,VH009,Hyundai,Creta EV,51.4,473,1600,126,0,37.19,0.53,727.33,90,138,7,5,3,7,Clear,Medium,22,61,45,18,1003,85.49,7.886,122770.8,100,32.68,86,1,0
1/12/2024 0:00,D009,VH009,Hyundai,Creta EV,51.4,473,1600,126,0,27.53,0.47,352.64,63,127,6,9,10,2,Clear,Medium,16,78,66,18,1003,85.49,5.735,122798.4,100,32.44,87,1,0
1/12/2024 2:00,D009,VH009,Hyundai,Creta EV,51.4,473,1600,126,0,22.8,0.44,347.64,74,158,11,3,4,8,Fog,Medium,15,77,68,18,1003,85.49,4.501,122821.2,100,32.36,87,1,0
1/12/2024 4:00,D009,VH009,Hyundai,Creta EV,51.4,473,1600,126,0,17.24,0.3,194.43,96,153,7,7,8,7,Clear,Low,18,77,69,18,1003,85.49,3.656,122838.4,100,32.17,87,1,0
1/12/2024 6:00,D009,VH009,Hyundai,Creta EV,51.4,473,1600,126,0,61.26,0.6,1144.88,102,107,5,4,3,0,Clear,Medium,16,54,29,18,1003,85.48,12.534,122899.7,100,32.05,87,1,0
1/12/2024 8:00,D009,VH009,Hyundai,Creta EV,51.4,473,1600,126,1,70.81,0.63,986.63,123,165,9,6,2,3,Clear,Medium,21,44,15,18,1003,85.48,14.764,122970.5,100,31.87,87,1,1
1/12/2024 10:00,D009,VH009,Hyundai,Creta EV,51.4,473,1600,126,1,150.21,1.51,2061.94,102,165,7,9,5,2,Clear,Medium,19,71,12,31.7,1004,85.47,30.258,123120.7,100,31.58,87,1,0
1/12/2024 12:00,D009,VH009,Hyundai,Creta EV,51.4,473,1600,126,0,42.19,0.59,527.83,99,121,4,5,6,10,Clear,High,19,59,42,18,1004,85.47,8.475,123162.9,100,31.44,87,1,0
1/12/2024 14:00,D009,VH009,Hyundai,Creta EV,51.4,473,1600,126,0,25.2,0.34,392.77,97,125,5,7,7,5,Rain,High,16,80,70,18,1004,85.47,4.64,123188.1,100,31.25,87,1,0
1/12/2024 16:00,D009,VH009,Hyundai,Creta EV,51.4,473,1600,126,0,37.7,0.79,449.58,77,114,6,5,5,18,Rain,Medium,20,68,54,18,1004,85.47,7.068,123225.8,100,31.11,87,1,0
1/12/2024 18:00,D009,VH009,Hyundai,Creta EV,51.4,473,1600,126,1,105.64,1.01,1342.75,108,117,1,6,7,2,Rain,Medium,18,67,33,23.3,1004,85.47,17.136,123331.4,100,30.92,87,1,0
1/12/2024 20:00,D009,VH009,Hyundai,Creta EV,51.4,473,1600,126,1,73.25,0.76,1257.15,101,145,6,2,3,2,Rain,Medium,18,81,55,18,1004,85.46,13.047,123404.7,100,30.84,87,1,0
1/12/2024 22:00,D009,VH009,Hyundai,Creta EV,51.4,473,1600,126,0,61.91,0.68,1077.48,104,145,7,4,5,5,Clear,Medium,18,72,46,18,1004,85.46,13.127,123466.6,100,30.71,87,1,1
1/13/2024 0:00,D009,VH009,Hyundai,Creta EV,51.4,473,1600,126,0,27.6,0.38,356.45,104,121,3,6,3,7,Clear,Low,22,49,38,18,1004,85.46,5.442,123494.2,100,30.55,88,1,0
1/13/2024 2:00,D009,VH009,Hyundai,Creta EV,51.4,473,1600,126,1,107.71,1.06,1410.89,103,165,4,3,3,1,Rain,Medium,19,56,20,23,1004,85.46,18.499,123601.9,100,30.43,88,1,0
1/13/2024 4:00,D009,VH009,Hyundai,Creta EV,51.4,473,1600,126,0,63.79,0.87,794.28,83,123,7,7,8,6,Clear,Low,19,53,26,20.2,1004,85.45,13.526,123665.7,100,30.23,88,1,0
1/13/2024 6:00,D009,VH009,Hyundai,Creta EV,51.4,473,1600,126,1,86.17,0.91,1570.43,100,151,8,4,1,3,Clear,Medium,19,76,41,26.5,1005,85.45,17.662,123751.9,100,30.09,88,1,0
1/13/2024 8:00,D009,VH009,Hyundai,Creta EV,51.4,473,1600,126,1,124.52,1.25,2121.32,101,165,2,7,5,1,Cloudy,Low,15,70,27,27.2,1005,85.44,21.967,123876.4,100,29.86,88,1,0
1/13/2024 10:00,D009,VH009,Hyundai,Creta EV,51.4,473,1600,126,1,108.87,1.04,2065.28,105,146,8,5,6,0,Clear,Low,15,55,11,23.7,1005,85.44,22.315,123985.2,100,29.69,88,1,1
1/13/2024 12:00,D009,VH009,Hyundai,Creta EV,51.4,473,1600,126,1,93.99,0.95,1860.55,102,150,5,4,4,2,Fog,Low,16,89,58,21.2,1005,85.44,15.894,124079.2,100,29.55,88,1,0
1/13/2024 14:00,D009,VH009,Hyundai,Creta EV,51.4,473,1600,126,0,63.96,0.95,1214.41,83,140,7,10,5,11,Clear,Medium,21,69,42,22.9,1005,85.43,13.562,124143.2,100,29.28,88,1,0
1/13/2024 16:00,D009,VH009,Hyundai,Creta EV,51.4,473,1600,126,1,90.05,0.73,1608.36,130,142,3,6,9,2,Clear,Medium,16,74,41,22.5,1005,85.43,16.867,124233.2,100,29.09,88,1,0
1/13/2024 18:00,D009,VH009,Hyundai,Creta EV,51.4,473,1600,126,1,150.07,1.42,2287.2,108,165,9,6,4,2,Clear,Medium,20,60,10,32,1006,85.42,26.214,124383.3,100,28.87,88,1,0
1/13/2024 20:00,D009,VH009,Hyundai,Creta EV,51.4,473,1600,126,0,50.44,0.62,622.65,83,113,9,4,4,1,Cloudy,Low,20,46,25,18,1006,85.42,10.628,124433.8,100,28.75,88,1,0
1/13/2024 22:00,D009,VH009,Hyundai,Creta EV,51.4,473,1600,126,0,11.23,0.22,145.87,93,105,5,8,7,6,Fog,High,9,80,76,18,1006,85.42,1.999,124445,100,28.55,88,1,1
1/14/2024 0:00,D009,VH009,Hyundai,Creta EV,51.4,473,1600,126,1,165.63,1.58,1788.62,107,159,9,10,3,2,Clear,Low,16,56,10,25.8,1006,85.42,24.4664,124610.6,100,28.23,89,1,0
1/14/2024 2:00,D009,VH009,Hyundai,Creta EV,51.4,473,1600,126,1,60.95,0.53,1145.79,128,165,2,8,2,3,Clear,Low,25,89,67,21,1006,85.41,11.201,124671.6,100,28,89,1,0
1/14/2024 4:00,D009,VH009,Hyundai,Creta EV,51.4,473,1600,126,1,160.01,1.56,1938.9,104,157,12,3,5,1,Clear,Medium,20,70,10,32.2,1006,85.41,30.583,124831.6,100,27.86,89,1,0
1/14/2024 6:00,D009,VH009,Hyundai,Creta EV,51.4,473,1600,126,0,40.69,0.67,548.24,74,95,1,4,3,7,Clear,Medium,21,69,53,18,1006,85.41,7.72,124872.3,100,27.74,89,1,0
1/14/2024 8:00,D009,VH009,Hyundai,Creta EV,51.4,473,1600,126,1,97.12,0.8,1322.36,127,156,6,7,5,2,Rain,Medium,19,78,44,21.9,1006,85.4,17.298,124969.4,100,27.53,89,1,0
1/14/2024 10:00,D009,VH009,Hyundai,Creta EV,51.4,473,1600,126,1,55.62,0.44,695.25,125,130,3,7,7,0,Rain,Medium,22,62,43,18,1007,85.4,9.376,125025,100,27.33,89,1,0
1/14/2024 12:00,D009,VH009,Hyundai,Creta EV,51.4,473,1600,126,0,23.19,0.36,344.28,83,118,6,2,6,5,Clear,Medium,22,68,58,18,1007,85.4,4.831,125048.2,100,27.27,89,1,1
1/14/2024 14:00,D009,VH009,Hyundai,Creta EV,51.4,473,1600,126,0,60.62,1,922.19,69,91,2,3,8,7,Rain,High,19,67,46,18,1007,85.4,10.554,125108.8,100,27.17,89,1,0
1/14/2024 16:00,D009,VH009,Hyundai,Creta EV,51.4,473,1600,126,1,61.93,0.6,974.41,106,149,10,2,2,1,Cloudy,Medium,26,78,53,21.7,1007,85.39,12.606,125170.7,100,27.09,89,1,0
1/14/2024 18:00,D009,VH009,Hyundai,Creta EV,51.4,473,1600,126,0,12.8,0.24,218.84,94,102,2,7,2,6,Clear,Medium,17,68,63,18,1007,85.39,2.476,125183.5,100,26.91,89,1,0
1/14/2024 20:00,D009,VH009,Hyundai,Creta EV,51.4,473,1600,126,1,146.53,1.31,1495.33,115,158,9,5,3,2,Clear,Low,27,85,25,37.7,1007,85.39,30.552,125330.1,100,26.73,89,1,1
1/14/2024 22:00,D009,VH009,Hyundai,Creta EV,51.4,473,1600,126,1,177.95,1.51,2456,119,165,4,5,7,1,Fog,Medium,24,80,22,31.2,1007,85.38,29.545,125508,100,26.53,89,1,0
1/15/2024 0:00,D009,VH009,Hyundai,Creta EV,51.4,473,1600,126,1,146.91,1.36,2756.38,109,165,6,5,4,1,Clear,Low,22,81,24,32.3,1008,85.38,29.074,125654.9,100,26.34,90,1,0
1/15/2024 2:00,D009,VH009,Hyundai,Creta EV,51.4,473,1600,126,0,23.53,0.37,464.7,87,131,6,6,4,6,Rain,Low,18,62,53,18,1008,85.37,4.412,125678.5,100,26.18,90,1,0
1/15/2024 4:00,D009,VH009,Hyundai,Creta EV,51.4,473,1600,126,0,19.58,0.36,299.96,114,132,5,11,5,11,Cloudy,High,16,89,81,18,1008,85.37,3.846,125698,100,25.9,90,1,0
1/15/2024 6:00,D009,VH009,Hyundai,Creta EV,51.4,473,1600,126,0,55.91,0.82,916.03,68,151,5,4,7,0,Fog,Low,12,76,56,18,1008,85.37,9.952,125754,100,25.77,90,1,0
1/15/2024 8:00,D009,VH009,Hyundai,Creta EV,51.4,473,1600,126,0,52.33,0.58,709.22,98,138,9,5,5,3,Clear,Medium,19,57,34,18,1008,85.37,11.485,125806.3,100,25.63,90,1,1
1/15/2024 10:00,D009,VH009,Hyundai,Creta EV,51.4,473,1600,126,0,30.02,0.41,510.45,83,128,3,3,5,3,Rain,Medium,20,72,61,18,1008,85.37,5.327,125836.3,100,25.54,90,1,0
1/15/2024 12:00,D009,VH009,Hyundai,Creta EV,51.4,473,1600,126,0,60.23,0.85,620.19,90,122,11,7,4,11,Rain,High,24,75,51,20.2,1008,85.37,12.301,125896.5,100,25.34,90,1,0
1/15/2024 14:00,D009,VH009,Hyundai,Creta EV,51.4,473,1600,126,1,71.86,0.64,1168.75,121,137,9,5,11,3,Rain,Low,18,58,31,20.2,1008,85.36,13.485,125968.4,100,25.18,90,1,0
1/15/2024 16:00,D009,VH009,Hyundai,Creta EV,51.4,473,1600,126,0,63.34,0.79,678.39,92,131,4,5,5,6,Clear,High,13,55,30,18,1008,85.36,12.724,126031.7,100,25.03,90,1,0
1/15/2024 18:00,D009,VH009,Hyundai,Creta EV,51.4,473,1600,126,1,102.29,0.94,1164.49,109,165,4,3,6,0,Clear,Medium,9,53,15,18.6,1008,85.36,19.521,126134,100,24.91,90,1,0
1/15/2024 20:00,D009,VH009,Hyundai,Creta EV,51.4,473,1600,126,0,54.69,0.78,645.15,70,152,7,5,5,0,Clear,Medium,14,57,34,18,1009,85.35,11.596,126188.7,100,24.77,90,1,1
1/15/2024 22:00,D009,VH009,Hyundai,Creta EV,51.4,473,1600,126,1,120.03,1.07,1360.47,116,165,4,6,5,2,Rain,Medium,20,80,39,28.9,1009,85.35,20.615,126308.7,100,24.57,90,1,0
1/16/2024 0:00,D009,VH009,Hyundai,Creta EV,51.4,473,1600,126,1,168.96,1.45,2991.03,118,157,15,6,7,1,Clear,Low,15,70,10,31,1009,85.34,30.583,126477.7,100,24.35,91,1,0
1/16/2024 2:00,D009,VH009,Hyundai,Creta EV,51.4,473,1600,126,1,116,0.95,1783.94,127,161,4,6,3,2,Clear,Medium,20,68,24,30.5,1009,85.34,22.137,126593.7,100,24.15,91,1,0
1/16/2024 4:00,D009,VH009,Hyundai,Creta EV,51.4,473,1600,126,0,16.02,0.34,176.44,92,151,7,3,5,10,Clear,High,8,64,57,18,1009,85.34,3.397,126609.7,100,24.06,91,1,0
1/16/2024 6:00,D009,VH009,Hyundai,Creta EV,51.4,473,1600,126,0,60.12,1.01,998.4,66,127,7,7,5,6,Cloudy,Medium,23,53,29,21.1,1009,85.33,12.238,126669.8,100,23.86,91,1,0
1/16/2024 8:00,D009,VH009,Hyundai,Creta EV,51.4,473,1600,126,1,161.18,1.69,2715.78,97,150,10,6,5,2,Cloudy,Low,8,81,17,30,1010,85.33,32.81,126831,100,23.65,91,1,0
1/16/2024 10:00,D009,VH009,Hyundai,Creta EV,51.4,473,1600,126,0,29.33,0.53,470.54,65,138,4,4,3,5,Clear,Medium,17,62,50,18,1010,85.33,5.892,126860.4,100,23.53,91,1,1
1/16/2024 12:00,D009,VH009,Hyundai,Creta EV,51.4,473,1600,126,0,52.74,1.04,662.9,54,120,10,3,6,4,Rain,Low,19,91,70,19.8,1010,85.32,10.594,126913.1,100,23.44,91,1,0
1/16/2024 14:00,D009,VH009,Hyundai,Creta EV,51.4,473,1600,126,0,58.73,1.11,979.16,61,154,4,3,4,9,Rain,Medium,22,90,69,18,1010,85.32,10.618,126971.8,100,23.34,91,1,0
1/16/2024 16:00,D009,VH009,Hyundai,Creta EV,51.4,473,1600,126,0,39.16,0.74,492.38,63,138,9,11,4,7,Rain,Low,16,67,51,18,1010,85.32,7.735,127011,100,23.05,91,1,0
1/16/2024 18:00,D009,VH009,Hyundai,Creta EV,51.4,473,1600,126,0,24.8,0.37,318.26,98,107,11,5,11,7,Clear,High,22,79,68,18,1010,85.32,5.628,127035.8,100,22.91,91,1,0
1/16/2024 20:00,D009,VH009,Hyundai,Creta EV,51.4,473,1600,126,0,34.75,0.5,475,105,148,9,10,3,10,Clear,High,12,77,62,18,1010,85.32,7.627,127070.5,100,22.65,91,1,0
1/16/2024 22:00,D009,VH009,Hyundai,Creta EV,51.4,473,1600,126,1,69.4,0.58,1120.68,119,124,4,2,5,0,Rain,Medium,20,65,41,18.7,1010,85.32,11.92,127139.9,100,22.57,91,1,0
1/17/2024 0:00,D009,VH009,Hyundai,Creta EV,51.4,473,1600,126,0,29.5,0.56,566.19,79,109,6,9,3,11,Rain,High,18,73,62,18,1010,85.31,5.531,127169.4,100,22.33,92,1,0
1/17/2024 2:00,D009,VH009,Hyundai,Creta EV,51.4,473,1600,126,1,168.23,1.79,2409.65,95,161,5,7,8,1,Fog,Medium,23,49,10,31.4,1010,85.31,21.4081,127337.7,100,22.08,92,1,1
1/17/2024 4:00,D009,VH009,Hyundai,Creta EV,51.4,473,1600,126,0,55.59,0.96,706.02,73,164,12,12,12,12,Clear,Low,19,78,53,18.5,1010,85.31,12.821,127393.3,100,21.76,92,1,0
1/17/2024 6:00,D009,VH009,Hyundai,Creta EV,51.4,473,1600,126,1,128.94,1.18,1666.42,111,165,7,7,4,1,Clear,Medium,14,67,16,28,1011,85.3,25.973,127522.2,100,21.53,92,1,0
1/17/2024 8:00,D009,VH009,Hyundai,Creta EV,51.4,473,1600,126,0,11.19,0.27,207.09,81,125,4,3,3,8,Rain,Low,12,77,73,18,1011,85.3,2.023,127533.4,100,21.45,92,1,0
1/17/2024 10:00,D009,VH009,Hyundai,Creta EV,51.4,473,1600,126,0,43.59,0.47,816.45,114,126,9,5,4,5,Rain,Medium,14,73,56,18,1011,85.3,8.61,127577,100,21.31,92,1,0
1/17/2024 12:00,D009,VH009,Hyundai,Creta EV,51.4,473,1600,126,0,26.66,0.46,284.46,85,158,12,9,4,9,Rain,Low,20,67,56,18,1011,85.3,5.534,127603.6,100,21.07,92,1,0
1/17/2024 14:00,D009,VH009,Hyundai,Creta EV,51.4,473,1600,126,0,45.5,0.71,597.52,84,114,5,5,8,10,Cloudy,High,19,40,22,18,1011,85.3,8.937,127649.1,100,20.93,92,1,0
1/17/2024 16:00,D009,VH009,Hyundai,Creta EV,51.4,473,1600,126,0,44.22,0.78,842.85,70,146,2,8,3,9,Fog,Medium,22,54,39,18,1011,85.29,7.442,127693.4,100,20.71,92,1,0
1/17/2024 18:00,D009,VH009,Hyundai,Creta EV,51.4,473,1600,126,1,86.64,0.8,1313.56,116,152,8,5,3,3,Clear,Medium,18,55,20,24.1,1011,85.29,17.759,127780,100,20.55,92,1,0
1/17/2024 20:00,D009,VH009,Hyundai,Creta EV,51.4,473,1600,126,1,77.98,0.72,1329.67,114,165,3,3,8,2,Clear,Low,14,77,48,21.8,1011,85.29,14.606,127858,100,20.44,92,1,1
1/17/2024 22:00,D009,VH009,Hyundai,Creta EV,51.4,473,1600,126,1,121.14,1.07,1428.81,115,165,2,2,7,1,Fog,Low,23,71,33,27.2,1011,85.28,19.368,127979.1,100,20.34,92,1,0
1/18/2024 0:00,D009,VH009,Hyundai,Creta EV,51.4,473,1600,126,1,149.31,1.66,2916.17,92,124,7,5,3,2,Rain,Medium,20,82,29,28.9,1012,85.28,27.069,128128.4,100,20.15,93,1,0
1/18/2024 2:00,D009,VH009,Hyundai,Creta EV,51.4,473,1600,126,0,46.35,0.61,714.84,78,145,3,4,7,1,Fog,High,25,73,57,18.3,1012,85.28,7.95,128174.8,100,20.03,93,1,0
1/18/2024 4:00,D009,VH009,Hyundai,Creta EV,51.4,473,1600,126,1,143.07,1.61,2791.47,92,154,9,8,8,3,Clear,Medium,18,55,10,30.2,1012,85.27,24.0295,128317.8,100,19.77,93,1,0
1/18/2024 6:00,D009,VH009,Hyundai,Creta EV,51.4,473,1600,126,0,48.46,0.79,676.99,85,143,2,4,6,13,Rain,Medium,23,77,60,18,1012,85.27,8.437,128366.3,100,19.65,93,1,0
1/18/2024 8:00,D009,VH009,Hyundai,Creta EV,51.4,473,1600,126,1,166.12,1.36,1715.65,122,162,7,3,2,0,Clear,Medium,13,44,10,22.3,1012,85.27,19.2236,128532.4,100,19.51,93,1,0
1/18/2024 10:00,D009,VH009,Hyundai,Creta EV,51.4,473,1600,126,1,148.66,1.52,2653.52,100,149,8,4,5,2,Clear,Medium,22,81,21,35,1012,85.26,30.471,128681.1,100,19.34,93,1,0
1/18/2024 12:00,D009,VH009,Hyundai,Creta EV,51.4,473,1600,126,1,71.37,0.6,888.41,126,162,3,5,1,2,Rain,Medium,21,65,41,20.6,1013,85.26,12.031,128752.5,100,19.19,93,1,1
1/18/2024 14:00,D009,VH009,Hyundai,Creta EV,51.4,473,1600,126,0,16.45,0.3,265.05,88,132,7,4,4,7,Clear,Low,24,63,56,18,1013,85.26,3.488,128768.9,100,19.08,93,1,0
1/18/2024 16:00,D009,VH009,Hyundai,Creta EV,51.4,473,1600,126,0,45.78,0.72,801.78,86,119,6,5,9,11,Rain,High,18,62,45,18,1013,85.25,8.583,128814.7,100,18.94,93,1,0
1/18/2024 18:00,D009,VH009,Hyundai,Creta EV,51.4,473,1600,126,0,20.48,0.38,263.08,73,118,6,5,6,6,Cloudy,High,16,71,63,18,1013,85.25,4.096,128835.2,100,18.81,93,1,0
1/18/2024 20:00,D009,VH009,Hyundai,Creta EV,51.4,473,1600,126,0,30.96,0.59,423.56,88,140,4,4,4,14,Rain,Medium,15,72,61,18,1013,85.25,5.597,128866.1,100,18.69,93,1,0
1/18/2024 22:00,D009,VH009,Hyundai,Creta EV,51.4,473,1600,126,0,46.54,0.57,830.21,90,136,7,3,5,3,Cloudy,High,20,64,45,18,1013,85.25,9.474,128912.7,100,18.6,93,1,1
1/19/2024 0:00,D009,VH009,Hyundai,Creta EV,51.4,473,1600,126,0,48.69,0.9,650.92,68,154,7,5,2,11,Clear,Low,21,75,54,19.1,1013,85.25,10.324,128961.4,100,18.45,94,1,0
1/19/2024 2:00,D009,VH009,Hyundai,Creta EV,51.4,473,1600,126,1,119.86,1.15,1342.92,106,164,3,7,3,1,Fog,Low,22,67,29,22.1,1013,85.24,19.532,129081.2,100,18.23,94,1,0
1/19/2024 4:00,D009,VH009,Hyundai,Creta EV,51.4,473,1600,126,1,122.66,1.2,2300.59,104,156,11,7,7,1,Rain,Medium,17,57,10,25.1,1013,85.24,23.798,129203.9,100,18,94,1,0
1/19/2024 6:00,D009,VH009,Hyundai,Creta EV,51.4,473,1600,126,0,40.44,0.61,450.52,77,133,7,6,10,5,Clear,Low,16,49,32,18,1013,85.24,8.575,129244.3,100,17.83,94,1,0
1/19/2024 8:00,D009,VH009,Hyundai,Creta EV,51.4,473,1600,126,1,130.07,1.07,1590.13,123,128,5,5,3,1,Rain,Low,18,67,22,23.7,1014,85.23,22.754,129374.4,100,17.65,94,1,0
1/19/2024 10:00,D009,VH009,Hyundai,Creta EV,51.4,473,1600,126,0,27.36,0.39,523.44,85,124,8,6,2,4,Cloudy,High,24,63,51,18,1014,85.23,5.667,129401.7,100,17.49,94,1,0
1/19/2024 12:00,D009,VH009,Hyundai,Creta EV,51.4,473,1600,126,1,103.5,0.87,1793.77,123,150,5,3,4,2,Cloudy,Medium,20,57,19,24.3,1014,85.23,19.313,129505.2,100,17.37,94,1,0
1/19/2024 14:00,D009,VH009,Hyundai,Creta EV,51.4,473,1600,126,0,52.65,0.67,1006.86,96,125,6,5,9,7,Clear,Medium,20,83,61,18.8,1014,85.22,10.968,129557.9,100,17.23,94,1,1
1/19/2024 16:00,D009,VH009,Hyundai,Creta EV,51.4,473,1600,126,1,154.08,1.43,1544.82,109,161,9,9,6,1,Fog,Medium,21,80,25,37,1014,85.22,27.95,129712,100,16.94,94,1,0
1/19/2024 18:00,D009,VH009,Hyundai,Creta EV,51.4,473,1600,126,0,49.49,0.63,708.5,96,137,7,5,4,7,Clear,Medium,13,60,39,18.7,1014,85.22,10.494,129761.5,100,16.79,94,1,0
1/19/2024 20:00,D009,VH009,Hyundai,Creta EV,51.4,473,1600,126,0,22.4,0.47,306.78,64,141,6,5,9,7,Clear,High,24,78,68,18,1014,85.22,4.666,129783.9,100,16.66,94,1,0
1/19/2024 22:00,D009,VH009,Hyundai,Creta EV,51.4,473,1600,126,0,38.44,0.53,429.14,89,126,6,7,6,6,Clear,High,17,88,72,18,1014,85.21,8.008,129822.3,100,16.47,94,1,0
1/20/2024 0:00,D009,VH009,Hyundai,Creta EV,51.4,473,1600,126,1,59.23,0.52,910.54,115,165,5,4,6,0,Rain,Medium,25,67,46,20.5,1014,85.21,10.361,129881.5,100,16.34,95,1,0
1/20/2024 2:00,D009,VH009,Hyundai,Creta EV,51.4,473,1600,126,0,60.1,0.83,603.67,90,130,9,2,7,10,Clear,Medium,12,91,65,19.8,1015,85.21,13.191,129941.6,100,16.27,95,1,0
1/20/2024 4:00,D009,VH009,Hyundai,Creta EV,51.4,473,1600,126,0,63.12,0.91,727.49,80,107,10,7,8,7,Clear,Medium,28,48,20,23.3,1015,85.21,14.088,130004.8,100,16.06,95,1,1
1/20/2024 6:00,D009,VH009,Hyundai,Creta EV,51.4,473,1600,126,0,20.82,0.34,228.56,101,151,1,5,8,8,Rain,Low,18,67,60,18,1015,85.21,3.555,130025.6,100,15.93,95,1,0
1/20/2024 8:00,D009,VH009,Hyundai,Creta EV,51.4,473,1600,126,0,42.47,0.54,608.45,90,122,6,5,4,4,Clear,Medium,19,46,28,18,1015,85.2,8.847,130068,100,15.79,95,1,0
1/20/2024 10:00,D009,VH009,Hyundai,Creta EV,51.4,473,1600,126,0,47.76,0.8,790.61,67,144,5,3,7,5,Clear,Medium,24,56,36,18,1015,85.2,9.772,130115.8,100,15.69,95,1,0
1/20/2024 12:00,D009,VH009,Hyundai,Creta EV,51.4,473,1600,126,0,51.05,0.55,610.16,105,127,4,6,6,4,Clear,Low,23,65,45,19.7,1015,85.2,10.255,130166.9,100,15.52,95,1,1
1/20/2024 14:00,D009,VH009,Hyundai,Creta EV,51.4,473,1600,126,1,64.06,0.58,1136.93,121,165,9,7,3,3,Clear,Medium,10,62,36,18,1015,85.2,13.357,130230.9,100,15.32,95,1,0
1/20/2024 16:00,D009,VH009,Hyundai,Creta EV,51.4,473,1600,126,0,39.95,0.79,666.83,58,132,8,9,4,6,Rain,Medium,18,62,46,18,1015,85.19,7.758,130270.9,100,15.08,95,1,0
1/20/2024 18:00,D009,VH009,Hyundai,Creta EV,51.4,473,1600,126,0,49.28,0.78,585.77,80,162,6,1,3,10,Clear,Medium,14,61,41,18,1015,85.19,10.266,130320.1,100,15.03,95,1,0
1/20/2024 20:00,D009,VH009,Hyundai,Creta EV,51.4,473,1600,126,0,36.49,0.58,718.55,81,124,4,4,4,8,Cloudy,Medium,23,67,53,18,1015,85.19,7.037,130356.6,100,14.92,95,1,0
1/20/2024 22:00,D009,VH009,Hyundai,Creta EV,51.4,473,1600,126,0,14.06,0.26,184.75,74,121,6,5,8,4,Clear,High,21,51,45,18,1015,85.19,2.929,130370.7,100,14.79,95,1,1
1/21/2024 0:00,D009,VH009,Hyundai,Creta EV,51.4,473,1600,126,1,59.55,0.74,988.48,86,148,5,5,2,3,Clear,Medium,22,59,36,18.6,1015,85.19,11.575,130430.2,100,14.64,96,1,0
1/21/2024 2:00,D009,VH009,Hyundai,Creta EV,51.4,473,1600,126,0,50.12,0.71,805.93,84,130,7,8,3,7,Clear,High,19,72,51,18,1016,85.19,10.627,130480.4,100,14.41,96,1,0
1/21/2024 4:00,D009,VH009,Hyundai,Creta EV,51.4,473,1600,126,0,17.97,0.31,236.55,99,118,5,9,3,8,Cloudy,Medium,20,75,68,18,1016,85.19,3.53,130498.3,100,14.18,96,1,0
1/21/2024 6:00,D009,VH009,Hyundai,Creta EV,51.4,473,1600,126,0,55.46,0.97,624.94,74,128,7,3,6,13,Rain,Medium,16,77,56,18,1016,85.18,10.584,130553.8,100,14.08,96,1,0
1/21/2024 8:00,D009,VH009,Hyundai,Creta EV,51.4,473,1600,126,1,124.45,1.03,1835.12,121,141,1,5,3,0,Rain,Medium,19,87,47,25.7,1016,85.18,20.187,130678.2,100,13.91,96,1,0
1/21/2024 10:00,D009,VH009,Hyundai,Creta EV,51.4,473,1600,126,1,98.88,0.9,996.21,112,144,12,6,9,1,Rain,Medium,16,56,18,23.7,1016,85.17,19.499,130777.1,100,13.71,96,1,0
1/21/2024 12:00,D009,VH009,Hyundai,Creta EV,51.4,473,1600,126,0,52.23,0.71,855.35,85,117,11,4,2,6,Rain,High,17,75,54,19,1016,85.17,10.667,130829.4,100,13.59,96,1,1
1/21/2024 14:00,D009,VH009,Hyundai,Creta EV,51.4,473,1600,126,0,56.28,1,672.71,70,142,9,8,6,12,Fog,Medium,30,64,43,22.5,1016,85.17,10.747,130885.6,100,13.37,96,1,0
1/21/2024 16:00,D009,VH009,Hyundai,Creta EV,51.4,473,1600,126,0,12.27,0.14,149.27,96,108,3,6,7,1,Rain,Medium,25,76,71,18,1016,85.17,2.177,130897.9,100,13.21,96,1,0
1/21/2024 18:00,D009,VH009,Hyundai,Creta EV,51.4,473,1600,126,0,17.26,0.38,273.62,59,133,5,8,7,5,Cloudy,Medium,17,58,51,18,1016,85.17,3.39,130915.2,100,13.01,96,1,0
1/21/2024 20:00,D009,VH009,Hyundai,Creta EV,51.4,473,1600,126,0,13.07,0.23,259.47,91,141,5,7,5,5,Clear,Medium,19,64,58,18,1016,85.17,2.674,130928.2,100,12.83,96,1,1
1/21/2024 22:00,D009,VH009,Hyundai,Creta EV,51.4,473,1600,126,1,82.39,0.67,1358.78,123,165,7,4,5,0,Rain,Low,10,66,36,18,1016,85.17,14.937,131010.6,100,12.69,96,1,0
1/22/2024 0:00,D009,VH009,Hyundai,Creta EV,51.4,473,1600,126,0,43.26,0.63,486.81,96,128,8,8,10,11,Clear,Low,20,46,27,18,1016,85.16,9.334,131053.9,100,12.47,97,1,0
1/22/2024 2:00,D009,VH009,Hyundai,Creta EV,51.4,473,1600,126,0,59.15,0.93,676.79,77,117,4,4,4,10,Fog,Low,16,88,67,18,1017,85.16,10.337,131113,100,12.35,97,1,0
1/22/2024 4:00,D009,VH009,Hyundai,Creta EV,51.4,473,1600,126,1,101.82,0.93,1527.6,112,117,10,4,5,1,Clear,Low,22,68,25,25.8,1017,85.16,21.59,131214.9,100,12.21,97,1,0
1/22/2024 6:00,D009,VH009,Hyundai,Creta EV,51.4,473,1600,126,1,130.44,1.4,2279.03,94,126,6,1,1,1,Clear,Low,17,74,23,27.7,1017,85.15,25.815,131345.3,100,12.13,97,1,0
1/22/2024 8:00,D009,VH009,Hyundai,Creta EV,51.4,473,1600,126,0,47.62,0.7,884.02,95,116,8,5,2,12,Clear,Medium,16,69,49,18,1017,85.15,10.274,131392.9,100,11.98,97,1,0
1/22/2024 10:00,D009,VH009,Hyundai,Creta EV,51.4,473,1600,126,0,64.99,0.97,920.27,67,123,10,8,4,0,Clear,Low,13,77,48,20.5,1017,85.15,14.506,131457.9,100,11.75,97,1,1
1/22/2024 12:00,D009,VH009,Hyundai,Creta EV,51.4,473,1600,126,0,29.07,0.6,528.35,50,142,5,4,6,1,Rain,Low,22,81,70,18,1017,85.14,5.353,131487,100,11.64,97,1,0
1/22/2024 14:00,D009,VH009,Hyundai,Creta EV,51.4,473,1600,126,1,78.46,1,1559.09,81,157,5,4,6,2,Rain,Medium,26,72,45,23.6,1017,85.14,13.725,131565.4,100,11.51,97,1,0
1/22/2024 16:00,D009,VH009,Hyundai,Creta EV,51.4,473,1600,126,0,46.51,0.58,553.14,104,137,5,8,4,8,Rain,Low,19,87,70,18,1017,85.14,8.564,131611.9,100,11.29,97,1,0
1/22/2024 18:00,D009,VH009,Hyundai,Creta EV,51.4,473,1600,126,1,165.1,1.42,2634.97,116,139,8,9,8,0,Fog,Medium,16,75,17,27.4,1018,85.13,29.442,131777,100,10.99,97,1,0
1/22/2024 20:00,D009,VH009,Hyundai,Creta EV,51.4,473,1600,126,1,156.91,1.46,2301.57,110,158,7,7,5,2,Cloudy,Medium,16,90,30,34.3,1018,85.13,30.343,131934,100,10.75,97,1,0
1/22/2024 22:00,D009,VH009,Hyundai,Creta EV,51.4,473,1600,126,0,24.83,0.48,459.61,80,146,9,6,3,10,Fog,Low,18,51,41,18,1018,85.13,4.741,131958.8,100,10.59,97,1,1
1/23/2024 0:00,D009,VH009,Hyundai,Creta EV,51.4,473,1600,126,1,155.29,1.51,2047.15,104,165,7,2,4,1,Rain,Low,16,62,10,27.8,1018,85.12,27.0878,132114.1,100,10.48,98,1,0
1/23/2024 2:00,D009,VH009,Hyundai,Creta EV,51.4,473,1600,126,0,42.12,0.58,832.41,88,128,7,6,7,6,Rain,Low,20,65,49,18,1018,85.12,8.038,132156.2,100,10.31,98,1,0
1/23/2024 4:00,D009,VH009,Hyundai,Creta EV,51.4,473,1600,126,0,62.41,1.08,1048.76,64,121,9,11,5,6,Rain,High,20,66,42,18.3,1018,85.12,12.328,132218.6,100,10.01,98,1,0
1/23/2024 6:00,D009,VH009,Hyundai,Creta EV,51.4,473,1600,126,1,58.01,0.53,933.4,113,124,9,6,7,1,Fog,Medium,17,53,32,19.1,1019,85.11,10.523,132276.6,100,10,98,1,0
1/23/2024 8:00,D009,VH009,Hyundai,Creta EV,51.4,473,1600,126,0,13.27,0.34,203.84,59,122,7,8,5,7,Clear,High,11,83,77,18,1019,85.11,2.814,132289.9,100,10,98,1,0
1/23/2024 10:00,D009,VH009,Hyundai,Creta EV,51.4,473,1600,126,1,118.28,1.13,1927.8,108,145,5,3,2,2,Clear,Low,16,70,25,24.3,1019,85.11,22.99,132408.2,100,10,98,1,0
1/23/2024 12:00,D009,VH009,Hyundai,Creta EV,51.4,473,1600,126,0,32.63,0.42,340.31,107,149,10,5,11,7,Cloudy,Medium,18,82,68,18,1019,85.11,6.992,132440.8,100,10,98,1,0
1/23/2024 14:00,D009,VH009,Hyundai,Creta EV,51.4,473,1600,126,0,29.58,0.49,438.02,84,115,11,8,2,8,Cloudy,High,20,61,48,18,1019,85.11,6.444,132470.4,100,10,98,1,0
1/23/2024 16:00,D009,VH009,Hyundai,Creta EV,51.4,473,1600,126,1,72.78,0.73,1036.21,105,145,4,5,6,2,Cloudy,Low,23,61,35,22.3,1019,85.1,13.333,132543.2,100,10,98,1,1
1/23/2024 18:00,D009,VH009,Hyundai,Creta EV,51.4,473,1600,126,1,174.03,1.61,3372.4,108,143,3,2,7,0,Clear,Medium,19,78,14,36.1,1019,85.1,32.596,132717.2,100,10,98,1,0
1/23/2024 20:00,D009,VH009,Hyundai,Creta EV,51.4,473,1600,126,1,64.55,0.6,720.09,118,165,4,4,7,3,Rain,Medium,19,80,58,18,1019,85.09,11.087,132781.7,100,10,98,1,0
1/23/2024 22:00,D009,VH009,Hyundai,Creta EV,51.4,473,1600,126,0,32.36,0.36,609.81,100,128,7,3,5,2,Cloudy,Medium,17,68,55,18,1019,85.09,6.587,132814.1,100,10,98,1,0
1/24/2024 0:00,D009,VH009,Hyundai,Creta EV,51.4,473,1600,126,0,23.57,0.46,302.03,66,101,5,2,4,6,Rain,Low,16,58,49,18,1019,85.09,4.34,132837.7,100,10,99,1,0
1/24/2024 2:00,D009,VH009,Hyundai,Creta EV,51.4,473,1600,126,0,26.76,0.35,387.37,89,103,5,7,5,3,Clear,Low,27,51,40,18,1019,85.09,5.475,132864.4,100,10,99,1,0
1/24/2024 4:00,D009,VH009,Hyundai,Creta EV,51.4,473,1600,126,0,31.3,0.36,477.46,101,118,6,7,6,3,Clear,Medium,14,69,56,18,1020,85.09,6.52,132895.7,100,10,99,1,0
1/24/2024 6:00,D009,VH009,Hyundai,Creta EV,51.4,473,1600,126,1,162.07,1.34,2172.12,127,165,4,1,1,4,Clear,Medium,19,60,10,27.8,1020,85.08,26.214,133057.8,100,10,99,1,0
1/24/2024 8:00,D009,VH009,Hyundai,Creta EV,51.4,473,1600,126,1,145.19,1.19,1942.56,122,158,7,4,4,0,Rain,Medium,23,64,12,29.8,1020,85.08,26.322,133203,100,10,99,1,0
1/24/2024 10:00,D009,VH009,Hyundai,Creta EV,51.4,473,1600,126,0,29.49,0.45,295.78,80,100,2,1,5,5,Fog,Medium,20,60,50,18,1020,85.08,4.963,133232.5,100,10,99,1,1
1/24/2024 12:00,D009,VH009,Hyundai,Creta EV,51.4,473,1600,126,1,53.44,0.44,1003.49,125,149,5,7,7,1,Fog,Low,23,65,47,18,1020,85.08,9.037,133285.9,100,10,99,1,0
1/24/2024 14:00,D009,VH009,Hyundai,Creta EV,51.4,473,1600,126,0,60.38,0.88,859.26,96,123,12,5,7,15,Fog,Medium,24,58,34,21.3,1020,85.07,12.116,133346.3,100,10,99,1,0
1/24/2024 16:00,D009,VH009,Hyundai,Creta EV,51.4,473,1600,126,0,42.63,0.53,767.24,83,108,10,8,9,1,Rain,Medium,18,79,62,18,1020,85.07,8.564,133388.9,100,10,99,1,0
1/24/2024 18:00,D009,VH009,Hyundai,Creta EV,51.4,473,1600,126,0,24.14,0.43,352.47,91,112,6,4,2,10,Clear,Low,24,73,63,18,1020,85.07,5.029,133413.1,100,10,99,1,0
1/24/2024 20:00,D009,VH009,Hyundai,Creta EV,51.4,473,1600,126,0,20.27,0.36,210.3,72,136,7,4,3,5,Clear,Medium,21,84,75,18,1020,85.07,4.298,133433.3,100,10,99,1,0
1/24/2024 22:00,D009,VH009,Hyundai,Creta EV,51.4,473,1600,126,1,81.82,0.82,1437.07,102,165,9,9,4,1,Fog,Low,17,64,35,21.7,1021,85.07,14.842,133515.2,100,10,99,1,0
1/25/2024 0:00,D009,VH009,Hyundai,Creta EV,51.4,473,1600,126,0,39.46,0.57,406.73,113,140,5,5,5,13,Clear,Low,21,57,41,18,1021,85.06,8.074,133554.6,100,10,100,1,0
1/25/2024 2:00,D009,VH009,Hyundai,Creta EV,51.4,473,1600,126,0,41.54,0.86,792.04,57,114,11,4,3,8,Fog,Low,20,58,42,18,1021,85.06,8.201,133596.2,100,10,100,1,0
1/25/2024 4:00,D009,VH009,Hyundai,Creta EV,51.4,473,1600,126,1,162.94,1.51,3159.08,110,155,6,6,3,2,Rain,Medium,20,73,16,28.4,1021,85.06,29.022,133759.1,100,10,100,1,1
1/25/2024 6:00,D009,VH009,Hyundai,Creta EV,51.4,473,1600,126,1,58.75,0.72,892.46,84,136,4,6,4,1,Rain,Medium,20,51,31,18,1021,85.05,10.09,133817.8,100,10,100,1,0
1/25/2024 8:00,D009,VH009,Hyundai,Creta EV,51.4,473,1600,126,0,50.48,0.71,915.01,80,129,4,3,1,5,Rain,Medium,18,67,49,18,1021,85.05,9.126,133868.3,100,10,100,1,0
1/25/2024 10:00,D009,VH009,Hyundai,Creta EV,51.4,473,1600,126,1,124.14,1.27,1548.64,102,153,6,4,2,3,Clear,Medium,13,78,30,28.8,1021,85.05,24.568,133992.5,100,10,100,1,0
1/25/2024 12:00,D009,VH009,Hyundai,Creta EV,51.4,473,1600,126,0,64.82,0.73,727.58,112,117,7,3,3,9,Cloudy,Medium,18,57,31,20.2,1021,85.04,13.195,134057.3,100,10,100,1,0
1/25/2024 14:00,D009,VH009,Hyundai,Creta EV,51.4,473,1600,126,1,50.79,0.41,616.66,130,140,7,3,5,1,Rain,Medium,15,83,65,18,1021,85.04,9.208,134108.1,100,10,100,1,0
1/25/2024 16:00,D009,VH009,Hyundai,Creta EV,51.4,473,1600,126,0,45.79,0.8,477.53,79,132,7,3,2,13,Clear,Medium,20,89,70,18,1022,85.04,9.709,134153.9,100,10,100,1,0
1/25/2024 18:00,D009,VH009,Hyundai,Creta EV,51.4,473,1600,126,1,116.23,0.94,1654.74,128,165,12,8,4,2,Rain,Medium,17,68,23,25.2,1022,85.04,22.92,134270.1,100,10,100,1,0
1/25/2024 20:00,D009,VH009,Hyundai,Creta EV,51.4,473,1600,126,0,12.62,0.27,192.1,83,119,9,5,2,7,Cloudy,Medium,17,69,63,18,1022,85.04,2.659,134282.7,100,10,100,1,1
1/25/2024 22:00,D009,VH009,Hyundai,Creta EV,51.4,473,1600,126,0,46.81,0.58,601.97,88,94,3,5,7,3,Rain,High,19,80,63,18.2,1022,85.03,8.306,134329.5,100,10,100,1,0
1/26/2024 0:00,D009,VH009,Hyundai,Creta EV,51.4,473,1600,126,0,44.61,1.17,535.94,45,138,10,4,3,11,Clear,Medium,14,74,54,18,1022,85.03,9.957,134374.1,100,10,101,1,0
1/26/2024 2:00,D009,VH009,Hyundai,Creta EV,51.4,473,1600,126,0,15.27,0.18,179.46,91,139,5,10,4,1,Rain,High,21,75,69,18,1022,85.03,2.812,134389.4,100,10,101,1,0
1/26/2024 4:00,D009,VH009,Hyundai,Creta EV,51.4,473,1600,126,0,19.61,0.36,347.74,76,117,15,4,8,6,Rain,High,15,85,76,18,1022,85.03,4.268,134409,100,10,101,1,0
1/26/2024 6:00,D009,VH009,Hyundai,Creta EV,51.4,473,1600,126,0,46.29,0.91,874.87,70,118,6,1,5,15,Clear,Medium,19,75,56,18,1022,85.03,9.643,134455.3,100,10,101,1,0
1/26/2024 8:00,D009,VH009,Hyundai,Creta EV,51.4,473,1600,126,1,98.61,0.86,1566.07,114,165,5,5,7,0,Clear,Low,14,70,32,20.5,1022,85.02,19.167,134553.9,100,10,101,1,0
1/26/2024 10:00,D009,VH009,Hyundai,Creta EV,51.4,473,1600,126,0,55.32,0.49,765.79,112,117,4,10,6,0,Clear,High,20,69,47,18,1022,85.02,11.113,134609.2,100,10,101,1,0
1/26/2024 12:00,D009,VH009,Hyundai,Creta EV,51.4,473,1600,126,1,148.6,1.16,2332.06,130,136,2,7,6,1,Rain,Medium,16,77,29,27.1,1023,85.02,24.577,134757.8,100,10,101,1,1
1/26/2024 14:00,D009,VH009,Hyundai,Creta EV,51.4,473,1600,126,0,28.35,0.51,360.53,92,130,2,3,5,12,Rain,High,18,70,60,18,1023,85.02,4.936,134786.2,100,10,101,1,0
1/26/2024 16:00,D009,VH009,Hyundai,Creta EV,51.4,473,1600,126,1,159.44,1.36,1763.4,117,140,9,3,5,0,Fog,Medium,17,69,12,29.4,1023,85.01,28.922,134945.6,100,10,101,1,0
1/26/2024 18:00,D009,VH009,Hyundai,Creta EV,51.4,473,1600,126,1,110.36,1.04,2177.69,110,165,7,3,5,2,Rain,Medium,26,90,51,25.3,1023,85,20.008,135056,100,10,101,1,0
1/26/2024 20:00,D009,VH009,Hyundai,Creta EV,51.4,473,1600,126,0,36.1,0.5,658.53,98,139,7,5,5,8,Clear,Medium,21,49,34,18,1023,85,7.655,135092.1,100,10,101,1,0
1/26/2024 22:00,D009,VH009,Hyundai,Creta EV,51.4,473,1600,126,1,90.29,0.74,1091.83,125,163,2,5,5,1,Fog,Medium,19,64,35,23.1,1023,85,14.435,135182.4,100,10,101,1,0
1/27/2024 0:00,D009,VH009,Hyundai,Creta EV,51.4,473,1600,126,0,14.33,0.24,242.15,81,149,7,4,7,4,Clear,Medium,23,69,63,18,1023,85,3.039,135196.7,100,10,102,1,1
1/27/2024 2:00,D009,VH009,Hyundai,Creta EV,51.4,473,1600,126,1,77.64,0.98,948.24,79,139,10,4,5,0,Clear,Medium,16,53,20,18,1023,85,16.463,135274.3,100,10,102,1,0
1/27/2024 4:00,D009,VH009,Hyundai,Creta EV,51.4,473,1600,126,0,41.43,0.8,462.58,67,144,10,4,9,11,Cloudy,Low,16,56,38,18,1024,84.99,8.877,135315.8,100,10,102,1,0
1/27/2024 6:00,D009,VH009,Hyundai,Creta EV,51.4,473,1600,126,0,24.22,0.46,275.2,57,151,6,10,10,2,Clear,Low,25,62,52,18,1024,84.99,5.046,135340,100,10,102,1,0
1/27/2024 8:00,D009,VH009,Hyundai,Creta EV,51.4,473,1600,126,0,23.85,0.36,245.05,103,121,4,3,7,8,Clear,Medium,14,91,81,18,1024,84.99,4.791,135363.8,100,10,102,1,0
1/27/2024 10:00,D009,VH009,Hyundai,Creta EV,51.4,473,1600,126,1,97.31,0.82,1868.02,121,146,7,6,6,1,Clear,Medium,11,74,35,22.1,1024,84.99,19.602,135461.2,100,10,102,1,0
1/27/2024 12:00,D009,VH009,Hyundai,Creta EV,51.4,473,1600,126,0,46.37,0.83,672.78,65,104,8,3,7,7,Rain,Medium,20,74,56,18.2,1024,84.99,9.004,135507.5,100,10,102,1,0
1/27/2024 14:00,D009,VH009,Hyundai,Creta EV,51.4,473,1600,126,0,33.72,0.39,504.38,105,149,11,5,3,4,Clear,Medium,20,88,73,18,1024,84.98,7.652,135541.2,100,10,102,1,1
1/27/2024 16:00,D009,VH009,Hyundai,Creta EV,51.4,473,1600,126,0,23.35,0.52,316.43,78,135,8,1,10,13,Cloudy,Low,21,84,74,18,1024,84.98,4.836,135564.6,100,10,102,1,0
1/27/2024 18:00,D009,VH009,Hyundai,Creta EV,51.4,473,1600,126,0,18.61,0.34,324.52,89,125,9,5,6,8,Clear,Low,14,79,71,18,1024,84.98,4.085,135583.2,100,10,102,1,0
1/27/2024 20:00,D009,VH009,Hyundai,Creta EV,51.4,473,1600,126,0,25.74,0.4,409.4,73,136,2,3,2,3,Clear,Medium,13,77,67,18,1024,84.98,4.979,135608.9,100,10,102,1,0
1/27/2024 22:00,D009,VH009,Hyundai,Creta EV,51.4,473,1600,126,0,15.05,0.23,172.88,114,123,8,3,5,6,Fog,High,17,87,81,18,1024,84.98,2.825,135624,100,10,102,1,0
1/28/2024 0:00,D009,VH009,Hyundai,Creta EV,51.4,473,1600,126,0,51.56,0.69,780.12,92,133,10,4,4,8,Rain,Medium,17,82,61,18,1024,84.98,10.357,135675.6,100,10,103,1,1
1/28/2024 2:00,D009,VH009,Hyundai,Creta EV,51.4,473,1600,126,0,36.5,0.54,561.78,87,150,5,3,2,7,Clear,High,16,66,51,18,1024,84.98,7.468,135712.1,100,10,103,1,0
1/28/2024 4:00,D009,VH009,Hyundai,Creta EV,51.4,473,1600,126,1,136.69,1.22,1614.85,115,165,10,7,4,2,Clear,Medium,20,64,10,31.9,1024,84.97,27.9616,135848.7,100,10,103,1,0
1/28/2024 6:00,D009,VH009,Hyundai,Creta EV,51.4,473,1600,126,0,37.88,0.55,672.1,88,122,9,4,4,7,Fog,Low,19,79,64,19.2,1025,84.97,7.233,135886.6,100,10,103,1,0
1/28/2024 8:00,D009,VH009,Hyundai,Creta EV,51.4,473,1600,126,1,122.32,1.01,1552.45,123,136,5,6,4,1,Rain,Medium,23,65,23,25.9,1025,84.97,21.398,136008.9,100,10,103,1,0
1/28/2024 10:00,D009,VH009,Hyundai,Creta EV,51.4,473,1600,126,0,23.93,0.32,466.78,94,138,5,4,9,4,Clear,Medium,9,67,57,18,1025,84.96,4.896,136032.9,100,10,103,1,0
1/28/2024 12:00,D009,VH009,Hyundai,Creta EV,51.4,473,1600,126,1,60.46,0.53,774.93,122,146,8,8,4,2,Cloudy,Medium,12,74,50,18,1025,84.96,11.897,136093.3,100,10,103,1,1
1/28/2024 14:00,D009,VH009,Hyundai,Creta EV,51.4,473,1600,126,0,41.61,0.61,791.19,81,128,4,5,11,6,Clear,Medium,18,80,63,18,1025,84.96,8.359,136134.9,100,10,103,1,0
1/28/2024 16:00,D009,VH009,Hyundai,Creta EV,51.4,473,1600,126,1,93.21,0.76,1139.95,125,165,10,5,3,1,Clear,Low,21,52,13,25.6,1025,84.96,19.764,136228.2,100,10,103,1,0
1/28/2024 18:00,D009,VH009,Hyundai,Creta EV,51.4,473,1600,126,1,73.61,0.71,820.54,103,154,5,5,5,0,Cloudy,Medium,20,68,41,20,1025,84.95,13.735,136301.8,100,10,103,1,0
1/28/2024 20:00,D009,VH009,Hyundai,Creta EV,51.4,473,1600,126,1,72.02,0.73,859.69,99,165,4,5,5,0,Rain,Medium,20,59,34,18,1025,84.95,12.37,136373.8,100,10,103,1,0
1/28/2024 22:00,D009,VH009,Hyundai,Creta EV,51.4,473,1600,126,0,53.1,0.71,986.05,80,127,4,10,8,3,Clear,High,18,63,42,18,1025,84.95,10.667,136426.9,100,10,103,1,0
1/29/2024 0:00,D009,VH009,Hyundai,Creta EV,51.4,473,1600,126,0,64.9,0.94,1280.38,82,95,2,3,5,9,Fog,Medium,17,54,32,18,1026,84.95,10.922,136491.8,100,10,104,1,0
1/29/2024 2:00,D009,VH009,Hyundai,Creta EV,51.4,473,1600,126,1,140.98,1.2,2581.6,121,165,5,8,2,2,Cloudy,Medium,16,82,30,31.7,1026,84.94,26.306,136632.8,100,10,104,1,1
1/29/2024 4:00,D009,VH009,Hyundai,Creta EV,51.4,473,1600,126,0,49.63,0.79,822.06,72,146,7,9,7,6,Clear,High,21,82,61,18,1026,84.94,10.524,136682.4,100,10,104,1,0
1/29/2024 6:00,D009,VH009,Hyundai,Creta EV,51.4,473,1600,126,1,177.14,1.51,3417.16,119,151,7,6,6,1,Clear,Medium,19,74,11,34.2,1026,84.93,32.3306,136859.5,100,10,104,1,0
1/29/2024 8:00,D009,VH009,Hyundai,Creta EV,51.4,473,1600,126,0,38.69,0.72,618.6,58,137,4,5,3,3,Fog,Medium,12,71,57,18,1026,84.93,6.762,136898.2,100,10,104,1,0
1/29/2024 10:00,D009,VH009,Hyundai,Creta EV,51.4,473,1600,126,0,14.47,0.23,171.18,74,140,8,3,6,2,Fog,High,22,54,48,18,1026,84.93,2.716,136912.7,100,10,104,1,0
1/29/2024 12:00,D009,VH009,Hyundai,Creta EV,51.4,473,1600,126,0,57.18,0.71,792.97,80,104,5,11,2,0,Clear,High,19,83,60,20,1026,84.93,11.699,136969.9,100,10,104,1,0
1/29/2024 14:00,D009,VH009,Hyundai,Creta EV,51.4,473,1600,126,1,167.84,1.52,2509.84,112,164,4,9,4,1,Clear,Medium,17,63,10,29.4,1027,84.92,27.5247,137137.7,100,10,104,1,0
1/29/2024 16:00,D009,VH009,Hyundai,Creta EV,51.4,473,1600,126,1,162.14,1.44,3200.58,117,147,5,3,3,3,Rain,Medium,18,72,16,33.3,1027,84.92,28.364,137299.9,100,10,104,1,1
1/29/2024 18:00,D009,VH009,Hyundai,Creta EV,51.4,473,1600,126,0,17.26,0.26,244.91,89,142,2,8,6,4,Rain,High,27,61,55,18,1027,84.91,3.005,137317.1,100,10,104,1,0
1/29/2024 20:00,D009,VH009,Hyundai,Creta EV,51.4,473,1600,126,0,9.72,0.2,185.62,80,127,2,5,9,5,Rain,High,18,87,83,18,1027,84.91,1.692,137326.8,100,10,104,1,0
1/29/2024 22:00,D009,VH009,Hyundai,Creta EV,51.4,473,1600,126,0,10.03,0.31,200.33,56,134,6,1,8,8,Clear,Low,15,67,62,18,1027,84.91,2.089,137336.9,100,10,104,1,0
1/30/2024 0:00,D009,VH009,Hyundai,Creta EV,51.4,473,1600,126,0,27.39,0.49,470.06,65,145,8,5,2,4,Rain,Low,21,57,46,18,1027,84.91,5.319,137364.3,100,10,105,1,1
1/30/2024 2:00,D009,VH009,Hyundai,Creta EV,51.4,473,1600,126,0,14.97,0.32,151.58,58,131,8,8,6,4,Clear,High,9,79,72,18,1027,84.91,3.23,137379.2,100,10,105,1,0
1/30/2024 4:00,D009,VH009,Hyundai,Creta EV,51.4,473,1600,126,1,121.21,1.02,1255.13,123,159,5,6,6,2,Rain,Medium,19,79,37,24.8,1027,84.91,21.204,137500.4,100,10,105,1,0
1/30/2024 6:00,D009,VH009,Hyundai,Creta EV,51.4,473,1600,126,0,58.13,1.01,1093.83,69,109,6,9,5,10,Rain,High,21,69,47,18.7,1027,84.91,10.899,137558.6,100,10,105,1,0
1/30/2024 8:00,D009,VH009,Hyundai,Creta EV,51.4,473,1600,126,0,9.83,0.15,152.94,94,107,5,6,4,3,Fog,Medium,16,72,68,18,1027,84.9,1.75,137568.4,100,10,105,1,0
1/30/2024 10:00,D009,VH009,Hyundai,Creta EV,51.4,473,1600,126,0,62.39,0.68,1167.2,99,126,4,6,10,3,Clear,Low,21,74,49,18.8,1027,84.9,12.533,137630.8,100,10,105,1,0
1/30/2024 12:00,D009,VH009,Hyundai,Creta EV,51.4,473,1600,126,1,101.42,1.14,1311.38,90,131,9,4,6,1,Rain,Low,17,41,10,24.9,1027,84.9,17.9129,137732.2,100,10,105,1,0
1/30/2024 14:00,D009,VH009,Hyundai,Creta EV,51.4,473,1600,126,1,126.56,1.09,2268.46,120,165,4,5,6,2,Clear,Medium,16,81,34,23.7,1028,84.89,24.152,137858.8,100,10,105,1,0
1/30/2024 16:00,D009,VH009,Hyundai,Creta EV,51.4,473,1600,126,1,78.21,0.81,889,103,119,3,6,7,3,Clear,Low,21,72,43,23.1,1028,84.89,14.649,137937,100,10,105,1,0
1/30/2024 18:00,D009,VH009,Hyundai,Creta EV,51.4,473,1600,126,0,33.45,0.53,556.53,93,122,8,6,2,10,Rain,Medium,20,49,36,18,1028,84.89,6.495,137970.4,100,10,105,1,1
1/30/2024 20:00,D009,VH009,Hyundai,Creta EV,51.4,473,1600,126,0,62.32,0.66,1109.4,97,158,5,6,4,1,Rain,Medium,18,68,45,18,1028,84.89,11.476,138032.7,100,10,105,1,0
1/30/2024 22:00,D009,VH009,Hyundai,Creta EV,51.4,473,1600,126,0,36.73,0.54,460.3,103,128,7,3,9,11,Clear,Medium,11,73,57,18,1028,84.89,7.788,138069.5,100,10,105,1,0
1/31/2024 0:00,D009,VH009,Hyundai,Creta EV,51.4,473,1600,126,0,17.12,0.39,229.03,89,143,8,4,5,12,Rain,Medium,21,49,42,18,1028,84.88,3.324,138086.6,100,10,106,1,0
1/31/2024 2:00,D009,VH009,Hyundai,Creta EV,51.4,473,1600,126,0,56.09,0.78,914.86,97,156,11,4,9,12,Clear,Low,20,86,61,22.1,1028,84.88,12.728,138142.7,100,10,106,1,0
1/31/2024 4:00,D009,VH009,Hyundai,Creta EV,51.4,473,1600,126,0,26.77,0.48,297.27,91,121,6,6,7,11,Clear,Medium,19,49,38,18,1028,84.88,5.577,138169.5,100,10,106,1,1
1/31/2024 6:00,D009,VH009,Hyundai,Creta EV,51.4,473,1600,126,0,43.64,0.69,848.58,65,137,8,2,7,1,Cloudy,Low,18,80,62,18,1028,84.88,9.039,138213.1,100,10,106,1,0
1/31/2024 8:00,D009,VH009,Hyundai,Creta EV,51.4,473,1600,126,0,15.53,0.42,256.15,72,127,6,9,7,12,Clear,Medium,14,77,70,18,1028,84.88,3.235,138228.6,100,10,106,1,0
1/31/2024 10:00,D009,VH009,Hyundai,Creta EV,51.4,473,1600,126,0,11.97,0.2,236.89,71,159,5,3,6,2,Rain,Low,13,75,70,18,1028,84.88,2.204,138240.6,100,10,106,1,0
1/31/2024 12:00,D009,VH009,Hyundai,Creta EV,51.4,473,1600,126,1,91.1,0.9,1147.26,107,149,7,6,5,3,Clear,Medium,21,81,45,25.2,1029,84.87,18.351,138331.7,100,10,106,1,0
1/31/2024 14:00,D009,VH009,Hyundai,Creta EV,51.4,473,1600,126,0,43.34,0.62,819.65,76,142,3,7,6,3,Rain,High,16,62,47,18,1029,84.87,7.69,138375,100,10,106,1,0
1/31/2024 16:00,D009,VH009,Hyundai,Creta EV,51.4,473,1600,126,0,58.53,0.8,844.33,84,107,8,5,8,6,Rain,Low,15,54,31,18,1029,84.87,11.366,138433.6,100,10,106,1,0
1/31/2024 18:00,D009,VH009,Hyundai,Creta EV,51.4,473,1600,126,0,23.88,0.44,309.85,101,147,4,8,8,12,Rain,Medium,19,61,52,18,1029,84.87,4.317,138457.4,100,10,106,1,0
1/31/2024 20:00,D009,VH009,Hyundai,Creta EV,51.4,473,1600,126,0,51.75,0.57,553.25,91,121,4,3,2,0,Clear,Medium,21,70,49,18,1029,84.87,10.396,138509.2,100,10,106,1,0
1/31/2024 22:00,D009,VH009,Hyundai,Creta EV,51.4,473,1600,126,1,168.67,2.1,1788.74,81,144,11,6,4,1,Rain,Low,14,88,24,34.6,1029,84.86,32.725,138677.9,100,10,106,1,1
2/1/2024 0:00,D009,VH009,Hyundai,Creta EV,51.4,473,1600,126,1,78.42,0.67,1478.98,117,165,5,6,6,0,Fog,Low,20,79,53,23.2,1029,84.86,13.261,138756.3,100,10,107,1,0
2/1/2024 2:00,D009,VH009,Hyundai,Creta EV,51.4,473,1600,126,1,156.98,1.47,2512.69,109,131,7,3,5,2,Clear,Medium,15,83,21,35.3,1030,84.85,31.622,138913.3,100,10,107,1,0
2/1/2024 4:00,D009,VH009,Hyundai,Creta EV,51.4,473,1600,126,1,160.67,1.5,1815.02,108,165,8,9,7,1,Clear,Medium,19,61,10,30.8,1030,84.84,26.6509,139073.9,100,10,107,1,0
2/1/2024 6:00,D009,VH009,Hyundai,Creta EV,51.4,473,1600,126,0,56.1,0.94,859.32,81,136,5,6,1,15,Cloudy,Medium,14,84,62,18,1030,84.84,11.019,139130,100,10,107,1,0
2/1/2024 8:00,D009,VH009,Hyundai,Creta EV,51.4,473,1600,126,1,111.74,1.2,1353.51,96,165,7,1,4,2,Fog,Medium,14,58,19,24.1,1030,84.84,19.583,139241.8,100,10,107,1,0
2/1/2024 10:00,D009,VH009,Hyundai,Creta EV,51.4,473,1600,126,1,159.01,1.47,2971.5,111,165,7,7,4,2,Rain,Medium,19,92,35,31.2,1030,84.83,28.828,139400.8,100,10,107,1,0
2/1/2024 12:00,D009,VH009,Hyundai,Creta EV,51.4,473,1600,126,1,168.16,1.82,2336.47,93,165,7,4,1,1,Cloudy,Medium,21,82,18,36.3,1031,84.83,32.519,139568.9,100,10,107,1,0
2/1/2024 14:00,D009,VH009,Hyundai,Creta EV,51.4,473,1600,126,0,35.05,0.59,658.24,97,126,7,5,8,14,Clear,Low,18,59,44,18,1031,84.82,7.432,139604,100,10,107,1,0
2/1/2024 16:00,D009,VH009,Hyundai,Creta EV,51.4,473,1600,126,0,52.82,0.8,941.36,88,98,3,5,3,12,Clear,Medium,18,62,41,18,1031,84.82,10.414,139656.8,100,10,107,1,1
2/1/2024 18:00,D009,VH009,Hyundai,Creta EV,51.4,473,1600,126,0,11.8,0.31,142.62,65,121,4,10,5,8,Clear,High,24,79,74,18,1031,84.82,2.37,139668.6,100,10,107,1,0
2/1/2024 20:00,D009,VH009,Hyundai,Creta EV,51.4,473,1600,126,1,75.34,0.72,763.46,107,159,4,1,5,1,Clear,Medium,20,67,39,22.7,1031,84.82,14.378,139744,100,10,107,1,0
2/1/2024 22:00,D009,VH009,Hyundai,Creta EV,51.4,473,1600,126,1,120.41,1.31,1889.48,94,165,10,4,4,2,Fog,Low,23,68,24,31.5,1031,84.81,22.213,139864.4,100,10,107,1,0
2/2/2024 0:00,D009,VH009,Hyundai,Creta EV,51.4,473,1600,126,0,40.23,0.66,635.49,66,147,9,8,5,3,Clear,High,19,58,40,18,1031,84.81,8.83,139904.6,100,10,108,1,0
2/2/2024 2:00,D009,VH009,Hyundai,Creta EV,51.4,473,1600,126,0,30.38,0.39,595.17,78,123,5,3,11,0,Clear,High,14,84,71,18,1031,84.81,6.216,139935,100,10,108,1,1
2/2/2024 4:00,D009,VH009,Hyundai,Creta EV,51.4,473,1600,126,1,165.92,1.76,2377,95,148,5,11,4,1,Clear,Low,21,58,10,27.9,1031,84.8,25.3402,140100.9,100,10,108,1,0
2/2/2024 6:00,D009,VH009,Hyundai,Creta EV,51.4,473,1600,126,1,136.04,1.4,2281.74,97,157,7,7,2,0,Rain,Low,20,63,15,30.5,1032,84.8,24.663,140236.9,100,10,108,1,0
2/2/2024 8:00,D009,VH009,Hyundai,Creta EV,51.4,473,1600,126,0,52.13,0.77,664.01,76,118,3,9,5,5,Clear,High,22,87,67,18.5,1032,84.8,10.278,140289.1,100,10,108,1,0
2/2/2024 10:00,D009,VH009,Hyundai,Creta EV,51.4,473,1600,126,1,76.1,0.65,1205.69,124,165,4,4,5,2,Rain,Medium,20,51,25,20.5,1032,84.79,13.07,140365.2,100,10,108,1,0
2/2/2024 12:00,D009,VH009,Hyundai,Creta EV,51.4,473,1600,126,1,117,1.09,1648.57,112,165,12,9,4,3,Rain,Low,28,83,38,27.3,1032,84.79,23.072,140482.2,100,10,108,1,0
2/2/2024 14:00,D009,VH009,Hyundai,Creta EV,51.4,473,1600,126,0,43.23,0.57,626.72,83,129,7,9,6,3,Clear,Medium,28,77,59,18.9,1032,84.79,9.166,140525.4,100,10,108,1,0
2/2/2024 16:00,D009,VH009,Hyundai,Creta EV,51.4,473,1600,126,0,12.95,0.3,241.66,89,150,8,4,2,9,Clear,Medium,24,84,78,18,1032,84.79,2.794,140538.3,100,10,108,1,0
2/2/2024 18:00,D009,VH009,Hyundai,Creta EV,51.4,473,1600,126,0,26.74,0.49,470.01,75,129,5,5,7,8,Clear,High,24,71,60,18,1032,84.79,5.471,140565.1,100,10,108,1,1
2/2/2024 20:00,D009,VH009,Hyundai,Creta EV,51.4,473,1600,126,0,32,0.51,629.33,99,111,6,5,8,11,Clear,Medium,23,69,56,18,1032,84.78,6.666,140597.1,100,10,108,1,0
2/2/2024 22:00,D009,VH009,Hyundai,Creta EV,51.4,473,1600,126,1,172.52,1.68,2414.94,105,165,4,4,3,2,Clear,Low,27,74,11,37.2,1033,84.78,32.3306,140769.6,100,10,108,1,0
2/3/2024 0:00,D009,VH009,Hyundai,Creta EV,51.4,473,1600,126,0,11.71,0.2,125.94,89,121,5,9,3,4,Rain,Medium,21,83,78,18,1033,84.78,2.156,140781.3,100,10,109,1,0
2/3/2024 2:00,D009,VH009,Hyundai,Creta EV,51.4,473,1600,126,0,45.91,0.53,542.34,96,116,9,4,3,3,Cloudy,Medium,16,59,40,18,1033,84.78,9.673,140827.2,100,10,109,1,0
2/3/2024 4:00,D009,VH009,Hyundai,Creta EV,51.4,473,1600,126,1,174.83,1.51,3366.97,118,125,4,6,5,2,Clear,Medium,20,79,14,32.5,1033,84.77,33.364,141002.1,100,10,109,1,1
2/3/2024 6:00,D009,VH009,Hyundai,Creta EV,51.4,473,1600,126,0,50.22,0.56,688.27,96,160,7,2,1,2,Clear,High,16,69,48,18,1033,84.77,10.649,141052.3,100,10,109,1,0
2/3/2024 8:00,D009,VH009,Hyundai,Creta EV,51.4,473,1600,126,1,84.31,0.69,1286.91,122,152,1,4,3,0,Cloudy,Low,21,64,35,21.7,1033,84.76,14.588,141136.6,100,10,109,1,0
2/3/2024 10:00,D009,VH009,Hyundai,Creta EV,51.4,473,1600,126,1,169.51,1.84,1780.35,94,139,8,7,5,2,Clear,Low,23,78,11,37.2,1033,84.76,34.0782,141306.1,100,10,109,1,0
2/3/2024 12:00,D009,VH009,Hyundai,Creta EV,51.4,473,1600,126,0,21.72,0.44,415.94,84,151,3,3,3,11,Rain,Low,24,72,64,18,1033,84.76,3.854,141327.8,100,10,109,1,0
2/3/2024 14:00,D009,VH009,Hyundai,Creta EV,51.4,473,1600,126,0,21.16,0.34,355.14,89,127,5,2,3,6,Cloudy,High,21,77,68,18,1033,84.75,4.156,141349,100,10,109,1,0
2/3/2024 16:00,D009,VH009,Hyundai,Creta EV,51.4,473,1600,126,1,84.97,0.92,1477.66,92,160,5,3,7,0,Rain,Low,15,84,55,21.1,1034,84.75,14.864,141433.9,100,10,109,1,0
2/3/2024 18:00,D009,VH009,Hyundai,Creta EV,51.4,473,1600,126,1,92.1,0.92,1566.5,102,165,3,3,8,1,Fog,Medium,21,72,42,21.9,1034,84.75,15.008,141526,100,10,109,1,1
2/3/2024 20:00,D009,VH009,Hyundai,Creta EV,51.4,473,1600,126,1,108.61,1.15,1608.35,97,165,6,7,5,2,Cloudy,Medium,21,80,39,25.1,1034,84.74,20.635,141634.7,100,10,109,1,0
2/3/2024 22:00,D009,VH009,Hyundai,Creta EV,51.4,473,1600,126,1,73.74,0.59,825.79,128,164,8,2,7,1,Clear,Medium,22,61,31,21.4,1034,84.74,15.115,141708.4,100,10,109,1,0
2/4/2024 0:00,D009,VH009,Hyundai,Creta EV,51.4,473,1600,126,1,68.59,0.69,1044.61,102,155,5,8,5,1,Rain,Low,13,70,46,18,1034,84.74,11.999,141777,100,10,110,1,0
2/4/2024 2:00,D009,VH009,Hyundai,Creta EV,51.4,473,1600,126,0,52.97,0.7,956.78,91,129,9,4,7,7,Rain,Medium,19,69,48,18,1034,84.74,10.463,141830,100,10,110,1,0
2/4/2024 4:00,D009,VH009,Hyundai,Creta EV,51.4,473,1600,126,0,34.89,0.52,535.74,84,114,5,4,4,6,Rain,Low,23,72,59,18,1034,84.73,6.425,141864.8,100,10,110,1,0
2/4/2024 6:00,D009,VH009,Hyundai,Creta EV,51.4,473,1600,126,0,56.88,0.68,886.11,104,152,6,3,3,8,Clear,Medium,15,62,38,18,1034,84.73,11.849,141921.7,100,10,110,1,0
2/4/2024 8:00,D009,VH009,Hyundai,Creta EV,51.4,473,1600,126,0,32.69,0.42,436.56,92,101,13,6,1,4,Fog,Medium,17,65,52,18,1034,84.73,6.665,141954.4,100,10,110,1,0
2/4/2024 10:00,D009,VH009,Hyundai,Creta EV,51.4,473,1600,126,0,54.42,0.63,785.09,99,116,2,4,3,5,Clear,Low,21,80,59,19.2,1035,84.73,10.527,142008.8,100,10,110,1,1
2/4/2024 12:00,D009,VH009,Hyundai,Creta EV,51.4,473,1600,126,0,15.38,0.32,277.66,89,149,7,7,5,9,Fog,Medium,17,59,53,18,1035,84.73,2.837,142024.2,100,10,110,1,0
2/4/2024 14:00,D009,VH009,Hyundai,Creta EV,51.4,473,1600,126,0,9.01,0.2,172.19,90,95,2,4,0,6,Clear,Medium,28,65,61,18,1035,84.73,1.743,142033.2,100,10,110,1,0
2/4/2024 16:00,D009,VH009,Hyundai,Creta EV,51.4,473,1600,126,0,15.76,0.29,188.19,72,150,9,6,2,4,Clear,Medium,23,50,43,18,1035,84.73,3.459,142049,100,10,110,1,0
2/4/2024 18:00,D009,VH009,Hyundai,Creta EV,51.4,473,1600,126,0,38.63,0.63,682.25,68,142,8,2,7,4,Clear,Medium,16,93,76,18,1035,84.73,8.335,142087.6,100,10,110,1,0
2/4/2024 20:00,D009,VH009,Hyundai,Creta EV,51.4,473,1600,126,0,51.33,0.67,761.73,88,157,7,5,4,5,Rain,Low,24,59,39,19,1035,84.72,9.796,142138.9,100,10,110,1,0
2/4/2024 22:00,D009,VH009,Hyundai,Creta EV,51.4,473,1600,126,1,130.05,1.25,2404.06,107,150,3,5,4,2,Clear,Low,11,77,29,27.1,1035,84.72,24.359,142269,100,10,110,1,1
2/5/2024 0:00,D009,VH009,Hyundai,Creta EV,51.4,473,1600,126,0,58.37,1.09,1039.08,67,116,8,9,3,13,Rain,Medium,20,68,45,18,1035,84.72,11.335,142327.4,100,10,111,1,0
2/5/2024 2:00,D009,VH009,Hyundai,Creta EV,51.4,473,1600,126,1,92.45,0.84,1376.68,110,165,5,5,5,0,Clear,Low,10,70,35,23.1,1035,84.71,17.97,142419.8,100,10,111,1,0
2/5/2024 4:00,D009,VH009,Hyundai,Creta EV,51.4,473,1600,126,0,45.94,0.71,832.65,88,132,3,7,8,11,Clear,High,28,86,68,18.6,1035,84.71,9.058,142465.8,100,10,111,1,0
2/5/2024 6:00,D009,VH009,Hyundai,Creta EV,51.4,473,1600,126,0,10.09,0.16,172.25,93,123,4,7,7,3,Clear,High,19,76,72,18,1035,84.71,2.027,142475.8,100,10,111,1,1
2/5/2024 8:00,D009,VH009,Hyundai,Creta EV,51.4,473,1600,126,0,56.99,0.62,606.55,107,134,6,8,7,5,Cloudy,Medium,21,75,52,18,1035,84.71,11.397,142532.8,100,10,111,1,0
2/5/2024 10:00,D009,VH009,Hyundai,Creta EV,51.4,473,1600,126,0,54.01,0.69,923.38,100,105,6,8,9,9,Clear,Medium,17,51,29,20,1036,84.7,11.251,142586.8,100,10,111,1,0
2/5/2024 12:00,D009,VH009,Hyundai,Creta EV,51.4,473,1600,126,0,47.81,0.7,806.92,85,114,9,6,6,8,Cloudy,High,21,54,34,18,1036,84.7,10.074,142634.7,100,10,111,1,0
2/5/2024 14:00,D009,VH009,Hyundai,Creta EV,51.4,473,1600,126,0,52.48,0.81,995.62,86,106,5,6,10,12,Fog,Medium,22,74,55,18,1036,84.7,9.342,142687.1,100,10,111,1,0
2/5/2024 16:00,D009,VH009,Hyundai,Creta EV,51.4,473,1600,126,0,20.63,0.43,386.65,83,149,6,9,5,11,Clear,Medium,25,71,62,18,1036,84.7,4.298,142707.8,100,10,111,1,0
2/5/2024 18:00,D009,VH009,Hyundai,Creta EV,51.4,473,1600,126,0,11.21,0.25,210.85,83,148,5,4,6,7,Clear,Low,18,76,71,18,1036,84.7,2.294,142719,100,10,111,1,0
2/5/2024 20:00,D009,VH009,Hyundai,Creta EV,51.4,473,1600,126,0,57.53,0.51,879.9,113,118,5,5,5,0,Clear,Low,13,69,46,18,1036,84.7,11.771,142776.5,100,10,111,1,1
2/5/2024 22:00,D009,VH009,Hyundai,Creta EV,51.4,473,1600,126,0,31.93,0.44,488.13,89,125,7,3,6,5,Rain,Medium,19,68,56,18,1036,84.7,6.093,142808.4,100,10,111,1,0
2/6/2024 0:00,D009,VH009,Hyundai,Creta EV,51.4,473,1600,126,1,166.81,1.36,3137.75,124,161,4,4,6,1,Rain,Medium,20,66,10,30.5,1036,84.69,28.65,142975.2,100,10,112,1,0
2/6/2024 2:00,D009,VH009,Hyundai,Creta EV,51.4,473,1600,126,1,148.58,1.36,2895.11,113,163,8,3,8,3,Fog,Medium,17,55,10,30.5,1036,84.68,24.0295,143123.8,100,10,112,1,0
2/6/2024 4:00,D009,VH009,Hyundai,Creta EV,51.4,473,1600,126,0,35.52,0.39,397.24,96,113,7,7,3,1,Clear,Medium,18,76,61,18,1036,84.68,7.532,143159.3,100,10,112,1,0
2/6/2024 6:00,D009,VH009,Hyundai,Creta EV,51.4,473,1600,126,1,177.48,1.66,2314.72,108,154,9,4,6,1,Clear,Medium,19,64,10,33.3,1037,84.68,27.9616,143336.8,100,10,112,1,0
2/6/2024 8:00,D009,VH009,Hyundai,Creta EV,51.4,473,1600,126,1,133.21,1.02,2620.51,130,158,10,7,1,0,Rain,Medium,22,76,26,33.8,1037,84.67,25.421,143470,100,10,112,1,0
2/6/2024 10:00,D009,VH009,Hyundai,Creta EV,51.4,473,1600,126,1,118.02,1.03,2154.5,117,122,8,7,6,1,Rain,Low,14,60,17,25.8,1037,84.67,21.772,143588.1,100,10,112,1,0
2/6/2024 12:00,D009,VH009,Hyundai,Creta EV,51.4,473,1600,126,0,34.56,0.62,438.65,82,116,8,6,4,12,Clear,High,19,68,53,18,1037,84.67,7.457,143622.6,100,10,112,1,1
2/6/2024 14:00,D009,VH009,Hyundai,Creta EV,51.4,473,1600,126,1,82.24,0.64,913.24,129,134,8,5,4,0,Rain,Low,23,73,43,20.4,1037,84.66,15.171,143704.9,100,10,112,1,0
2/6/2024 16:00,D009,VH009,Hyundai,Creta EV,51.4,473,1600,126,0,55.25,0.98,762.97,76,142,8,9,2,15,Rain,Low,21,59,38,18,1037,84.66,10.729,143760.1,100,10,112,1,0
2/6/2024 18:00,D009,VH009,Hyundai,Creta EV,51.4,473,1600,126,1,124.11,1.03,1926.24,123,155,7,7,5,1,Cloudy,Low,17,47,10,25,1038,84.66,20.5343,143884.2,100,10,112,1,0
2/6/2024 20:00,D009,VH009,Hyundai,Creta EV,51.4,473,1600,126,0,43.91,0.55,763.81,97,132,5,4,6,6,Clear,Low,18,76,58,18,1038,84.65,8.984,143928.1,100,10,112,1,1
2/6/2024 22:00,D009,VH009,Hyundai,Creta EV,51.4,473,1600,126,0,24.56,0.34,413.82,103,117,6,7,4,6,Clear,Low,17,80,70,18,1038,84.65,5.116,143952.7,100,10,112,1,0
2/7/2024 0:00,D009,VH009,Hyundai,Creta EV,51.4,473,1600,126,0,36.09,0.6,439.36,64,134,9,5,5,2,Rain,Low,16,56,42,18,1038,84.65,7.129,143988.8,100,10,113,1,0
2/7/2024 2:00,D009,VH009,Hyundai,Creta EV,51.4,473,1600,126,1,150.7,1.25,2487.26,122,149,12,5,3,1,Rain,Medium,24,61,10,33.4,1038,84.65,26.6509,144139.5,100,10,113,1,0
2/7/2024 4:00,D009,VH009,Hyundai,Creta EV,51.4,473,1600,126,0,33.48,0.46,383.36,82,110,7,4,6,3,Rain,Low,18,76,63,18,1038,84.64,6.389,144173,100,10,113,1,0
2/7/2024 6:00,D009,VH009,Hyundai,Creta EV,51.4,473,1600,126,0,35.02,0.47,544.15,83,143,6,7,8,3,Clear,Medium,24,52,37,18,1038,84.64,7.295,144208,100,10,113,1,0
2/7/2024 8:00,D009,VH009,Hyundai,Creta EV,51.4,473,1600,126,1,51.91,0.53,795.37,111,165,12,6,8,4,Rain,Medium,17,70,50,18,1038,84.64,10.237,144259.9,100,10,113,1,1
2/7/2024 10:00,D009,VH009,Hyundai,Creta EV,51.4,473,1600,126,1,173.49,2.03,1830.38,86,149,9,9,2,1,Clear,Medium,25,60,10,31.6,1038,84.64,26.214,144433.4,100,10,113,1,0
1/1/2024 0:00,D010,VH010,Hyundai,Creta EV Pro,55,490,1650,135,1,140.55,1.53,1510.67,94,165,9,6,4,2,Clear,Medium,23,70,16,35.5,668,89.35,29.306,85844.6,57.5,65.53,27,1,1
1/1/2024 2:00,D010,VH010,Hyundai,Creta EV Pro,55,490,1650,135,1,164.16,1.58,3056.99,104,165,11,4,3,0,Clear,Low,17,73,10,34.5,668,89.34,34.1275,86008.7,57.81,65.38,27,1,0
1/1/2024 4:00,D010,VH010,Hyundai,Creta EV Pro,55,490,1650,135,0,64.47,0.69,959.43,96,136,5,5,4,1,Rain,Low,17,65,43,18.8,668,89.34,11.872,86073.2,58.06,65.23,27,1,1
1/1/2024 6:00,D010,VH010,Hyundai,Creta EV Pro,55,490,1650,135,0,13.91,0.19,186.62,101,128,7,4,3,3,Rain,Medium,21,69,64,18,668,89.34,2.655,86087.1,58.24,65.13,27,1,1
1/1/2024 8:00,D010,VH010,Hyundai,Creta EV Pro,55,490,1650,135,0,53.59,0.79,848.19,82,108,2,5,7,8,Clear,Medium,20,55,36,18,668,89.34,10.366,86140.7,58.48,64.99,27,1,1
1/1/2024 10:00,D010,VH010,Hyundai,Creta EV Pro,55,490,1650,135,0,31.01,0.49,358.41,92,120,4,9,1,9,Clear,Medium,20,74,62,18,668,89.34,6.229,86171.7,58.87,64.75,27,1,1
1/1/2024 12:00,D010,VH010,Hyundai,Creta EV Pro,55,490,1650,135,0,59.47,0.74,832.56,86,145,7,5,5,3,Rain,Low,20,75,54,18,668,89.33,11.349,86231.2,59.12,64.61,27,1,1
1/1/2024 14:00,D010,VH010,Hyundai,Creta EV Pro,55,490,1650,135,1,75.96,0.63,1148.88,123,162,7,7,8,1,Clear,Medium,16,74,46,18,668,89.33,15.301,86307.1,59.47,64.41,27,1,1
1/1/2024 16:00,D010,VH010,Hyundai,Creta EV Pro,55,490,1650,135,1,106.3,0.89,1304.82,120,165,6,3,6,0,Rain,Low,16,75,40,26,669,89.33,18.933,86413.4,59.68,64.31,27,1,1
1/1/2024 18:00,D010,VH010,Hyundai,Creta EV Pro,55,490,1650,135,0,23.65,0.44,419.04,70,87,2,4,3,6,Fog,Low,21,70,62,18,669,89.33,3.98,86437.1,59.86,64.2,27,1,0
1/1/2024 20:00,D010,VH010,Hyundai,Creta EV Pro,55,490,1650,135,1,113.41,0.92,1895.68,128,165,5,4,5,2,Cloudy,Medium,14,66,27,24.6,669,89.33,21.162,86550.5,60.12,64.07,27,1,0
1/1/2024 22:00,D010,VH010,Hyundai,Creta EV Pro,55,490,1650,135,0,11.65,0.47,221.08,46,119,7,7,5,13,Rain,Medium,18,69,64,18,669,89.32,2.223,86562.1,60.41,63.89,27,1,1
1/2/2024 0:00,D010,VH010,Hyundai,Creta EV Pro,55,490,1650,135,0,15.47,0.4,160.95,63,139,17,3,3,9,Cloudy,Low,23,77,70,18,669,89.32,3.702,86577.6,60.54,63.81,28,1,1
1/2/2024 2:00,D010,VH010,Hyundai,Creta EV Pro,55,490,1650,135,0,49.24,1.01,525,55,145,6,4,2,7,Cloudy,High,12,52,34,18,669,89.32,9.847,86626.8,60.75,63.69,28,1,1
1/2/2024 4:00,D010,VH010,Hyundai,Creta EV Pro,55,490,1650,135,1,162.15,1.49,3040.32,111,165,6,3,5,2,Fog,Low,16,70,19,28.5,669,89.32,27.918,86789,61.01,63.57,28,1,1
1/2/2024 6:00,D010,VH010,Hyundai,Creta EV Pro,55,490,1650,135,0,31.33,0.44,619.37,85,165,8,4,3,4,Clear,Medium,16,77,64,18,669,89.32,6.76,86820.3,61.2,63.46,28,1,1
1/2/2024 8:00,D010,VH010,Hyundai,Creta EV Pro,55,490,1650,135,0,22.37,0.37,337.35,60,112,9,10,3,0,Fog,Medium,20,72,64,18,669,89.32,4.271,86842.7,61.62,63.2,28,1,1
1/2/2024 10:00,D010,VH010,Hyundai,Creta EV Pro,55,490,1650,135,0,29.41,0.31,476.41,94,125,11,7,9,0,Rain,Low,14,55,44,18,669,89.32,6.006,86872.1,61.92,63.02,28,1,1
1/2/2024 12:00,D010,VH010,Hyundai,Creta EV Pro,55,490,1650,135,0,20.99,0.33,245.28,79,140,7,8,2,4,Fog,Medium,22,75,67,18,669,89.32,3.872,86893.1,62.26,62.81,28,1,1
1/2/2024 14:00,D010,VH010,Hyundai,Creta EV Pro,55,490,1650,135,0,32.9,0.63,425.81,66,110,9,6,3,8,Fog,Low,18,90,78,18,669,89.31,6.282,86926,62.53,62.65,28,1,1
1/2/2024 16:00,D010,VH010,Hyundai,Creta EV Pro,55,490,1650,135,0,16.34,0.17,248.42,95,107,4,6,2,0,Clear,Low,17,73,67,18,669,89.31,3.282,86942.3,62.78,62.5,28,1,1
1/2/2024 18:00,D010,VH010,Hyundai,Creta EV Pro,55,490,1650,135,0,49,0.74,818.55,76,101,6,7,3,6,Rain,Low,17,53,36,18,670,89.31,9.187,86991.3,63.11,62.31,28,1,1
1/2/2024 20:00,D010,VH010,Hyundai,Creta EV Pro,55,490,1650,135,0,21.56,0.33,400.83,94,149,3,8,4,6,Clear,High,22,70,62,18,670,89.31,4.251,87012.9,63.45,62.1,28,1,1
1/2/2024 22:00,D010,VH010,Hyundai,Creta EV Pro,55,490,1650,135,1,100.67,0.92,1586.47,110,141,7,1,4,0,Clear,Medium,25,66,29,28.2,670,89.31,20.279,87113.6,63.57,62.05,28,1,1
1/3/2024 0:00,D010,VH010,Hyundai,Creta EV Pro,55,490,1650,135,0,60.04,0.79,993.42,92,129,5,5,5,8,Fog,Medium,18,80,60,18,670,89.31,10.687,87173.6,63.83,61.9,29,1,1
1/3/2024 2:00,D010,VH010,Hyundai,Creta EV Pro,55,490,1650,135,0,61.33,0.91,775.75,84,154,5,6,4,11,Clear,Low,19,75,52,18,670,89.31,12.548,87234.9,64.12,61.74,29,1,1
1/3/2024 4:00,D010,VH010,Hyundai,Creta EV Pro,55,490,1650,135,0,49.41,0.6,537.82,82,126,4,4,4,0,Cloudy,Medium,15,78,60,18,670,89.3,9.528,87284.3,64.32,61.62,29,1,1
1/3/2024 6:00,D010,VH010,Hyundai,Creta EV Pro,55,490,1650,135,0,25.98,0.49,412.57,57,136,9,5,4,2,Rain,Medium,24,79,69,18,670,89.3,5.132,87310.3,64.55,61.49,29,1,1
1/3/2024 8:00,D010,VH010,Hyundai,Creta EV Pro,55,490,1650,135,1,67.09,0.81,1112.89,85,143,5,4,4,1,Cloudy,Medium,24,78,55,18,670,89.3,12.519,87377.4,64.76,61.37,29,1,1
1/3/2024 10:00,D010,VH010,Hyundai,Creta EV Pro,55,490,1650,135,1,69.47,0.77,969.72,92,153,6,8,3,1,Rain,Low,19,64,41,19.4,670,89.3,12.374,87446.9,65.15,61.15,29,1,1
1/3/2024 12:00,D010,VH010,Hyundai,Creta EV Pro,55,490,1650,135,1,179.26,1.49,2869.12,123,150,11,6,3,2,Clear,Low,21,75,11,38.8,671,89.29,35.0625,87626.1,65.54,60.94,29,1,1
1/3/2024 14:00,D010,VH010,Hyundai,Creta EV Pro,55,490,1650,135,0,43.35,0.48,754.27,101,124,9,5,2,3,Clear,Medium,24,67,49,18,671,89.29,9.514,87669.5,65.78,60.81,29,1,1
1/3/2024 16:00,D010,VH010,Hyundai,Creta EV Pro,55,490,1650,135,0,19.21,0.31,251.73,73,118,5,5,8,3,Clear,Low,18,67,59,18,671,89.29,3.93,87688.7,66,60.67,29,1,0
1/3/2024 18:00,D010,VH010,Hyundai,Creta EV Pro,55,490,1650,135,0,54.3,0.67,997.62,98,119,8,4,6,7,Clear,Medium,19,55,33,18,671,89.29,11.716,87743,66.2,60.56,29,1,1
1/3/2024 20:00,D010,VH010,Hyundai,Creta EV Pro,55,490,1650,135,0,48.14,0.53,795.94,91,141,5,7,6,0,Cloudy,High,17,82,64,18,671,89.29,9.455,87791.1,66.53,60.37,29,1,1
1/3/2024 22:00,D010,VH010,Hyundai,Creta EV Pro,55,490,1650,135,0,28.36,0.55,526.77,82,117,5,3,4,12,Rain,Low,24,79,69,18,671,89.29,5.222,87819.5,66.67,60.29,29,1,1
1/4/2024 0:00,D010,VH010,Hyundai,Creta EV Pro,55,490,1650,135,0,20.86,0.25,219.39,90,125,6,5,9,1,Clear,Low,21,59,51,18,671,89.29,4.346,87840.4,66.89,60.15,30,1,1
1/4/2024 2:00,D010,VH010,Hyundai,Creta EV Pro,55,490,1650,135,0,11.3,0.36,160.03,77,114,5,6,6,13,Clear,High,20,54,49,18,671,89.29,2.312,87851.7,67.14,60,30,1,1
1/4/2024 4:00,D010,VH010,Hyundai,Creta EV Pro,55,490,1650,135,0,25.09,0.45,263.23,68,136,5,3,2,5,Rain,Medium,15,64,55,18,671,89.29,4.62,87876.8,67.28,59.92,30,1,1
1/4/2024 6:00,D010,VH010,Hyundai,Creta EV Pro,55,490,1650,135,0,42.35,0.71,436.73,76,141,6,7,5,9,Cloudy,Low,22,78,62,18,671,89.29,8.469,87919.1,67.6,59.73,30,1,1
1/4/2024 8:00,D010,VH010,Hyundai,Creta EV Pro,55,490,1650,135,1,141.13,1.34,1886.29,105,165,7,3,7,0,Clear,Low,13,66,14,30,671,89.28,28.429,88060.2,67.84,59.61,30,1,1
1/4/2024 10:00,D010,VH010,Hyundai,Creta EV Pro,55,490,1650,135,1,51.12,0.5,678.19,106,130,5,5,3,1,Rain,Low,17,71,54,18,671,89.28,8.943,88111.4,68.09,59.47,30,1,1
1/4/2024 12:00,D010,VH010,Hyundai,Creta EV Pro,55,490,1650,135,0,45.19,0.69,530.05,81,137,7,3,6,8,Rain,Medium,23,69,53,18.2,671,89.28,8.624,88156.5,68.25,59.38,30,1,1
1/4/2024 14:00,D010,VH010,Hyundai,Creta EV Pro,55,490,1650,135,1,108.47,0.95,1599.19,118,160,5,2,7,2,Clear,Low,23,81,42,31.9,672,89.28,21.083,88265,68.42,59.3,30,1,1
1/4/2024 16:00,D010,VH010,Hyundai,Creta EV Pro,55,490,1650,135,1,92.39,0.8,1721.71,116,132,11,12,2,0,Rain,Medium,13,51,18,20.3,672,89.27,17.925,88357.4,68.98,58.97,30,1,1
1/4/2024 18:00,D010,VH010,Hyundai,Creta EV Pro,55,490,1650,135,1,110.83,0.95,1301.7,117,165,9,4,5,0,Fog,Low,15,80,43,24.4,672,89.27,20.105,88468.2,69.24,58.84,30,1,1
1/4/2024 20:00,D010,VH010,Hyundai,Creta EV Pro,55,490,1650,135,0,45.59,0.66,625.84,86,135,12,7,7,8,Clear,Low,8,68,48,18,672,89.27,10.515,88513.8,69.56,58.65,30,1,1
1/4/2024 22:00,D010,VH010,Hyundai,Creta EV Pro,55,490,1650,135,0,48.88,0.6,571.28,82,98,2,2,7,0,Clear,Medium,17,70,52,18,672,89.27,9.455,88562.7,69.68,58.59,30,1,1
1/5/2024 0:00,D010,VH010,Hyundai,Creta EV Pro,55,490,1650,135,0,21.34,0.47,310.09,71,146,3,5,9,10,Clear,Medium,21,80,72,18,672,89.27,4.207,88584,69.9,58.46,31,1,1
1/5/2024 2:00,D010,VH010,Hyundai,Creta EV Pro,55,490,1650,135,0,60.5,0.66,660.02,97,152,8,5,6,2,Clear,Low,17,66,42,21.7,672,89.26,13.053,88644.5,70.15,58.31,31,1,1
1/5/2024 4:00,D010,VH010,Hyundai,Creta EV Pro,55,490,1650,135,0,26.05,0.55,345.22,77,109,9,0,4,13,Rain,Medium,15,79,69,18,672,89.26,5.146,88670.6,70.18,58.31,31,1,1
1/5/2024 6:00,D010,VH010,Hyundai,Creta EV Pro,55,490,1650,135,0,31.75,0.44,353.79,105,120,3,5,3,8,Fog,Medium,15,79,69,18,672,89.26,5.446,88702.3,70.4,58.17,31,1,1
1/5/2024 8:00,D010,VH010,Hyundai,Creta EV Pro,55,490,1650,135,0,32.97,0.65,562.54,71,136,6,3,6,11,Fog,Low,18,75,64,18,672,89.26,5.975,88735.3,70.55,58.09,31,1,1
1/5/2024 10:00,D010,VH010,Hyundai,Creta EV Pro,55,490,1650,135,0,14.75,0.31,161.44,100,114,7,8,8,10,Clear,Low,29,80,74,18,672,89.26,3.128,88750.1,70.89,57.88,31,1,1
1/5/2024 12:00,D010,VH010,Hyundai,Creta EV Pro,55,490,1650,135,1,98.85,1.04,1487.26,97,147,7,4,0,1,Clear,Medium,14,68,31,25.9,673,89.26,19.912,88848.9,71.13,57.75,31,1,1
1/5/2024 14:00,D010,VH010,Hyundai,Creta EV Pro,55,490,1650,135,0,58.21,0.61,732.45,101,147,3,11,6,2,Rain,High,20,91,72,18,673,89.26,10.329,88907.1,71.62,57.46,31,1,1
1/5/2024 16:00,D010,VH010,Hyundai,Creta EV Pro,55,490,1650,135,0,55.99,0.83,857.35,79,107,3,4,5,7,Clear,Medium,23,74,53,19,673,89.25,11.039,88963.1,71.83,57.34,31,1,1
1/5/2024 18:00,D010,VH010,Hyundai,Creta EV Pro,55,490,1650,135,0,59.16,0.65,1143.88,91,128,4,5,4,0,Clear,Medium,23,64,42,20.3,673,89.25,11.884,89022.3,72.08,57.2,31,1,1
1/5/2024 20:00,D010,VH010,Hyundai,Creta EV Pro,55,490,1650,135,1,157.71,1.3,1888.75,125,130,6,0,4,2,Fog,Low,16,60,10,31.8,673,89.25,27.154,89180,72.22,57.15,31,1,1
1/5/2024 22:00,D010,VH010,Hyundai,Creta EV Pro,55,490,1650,135,0,53.35,0.79,708.83,72,158,4,6,5,3,Clear,Medium,17,72,52,19.1,673,89.25,10.717,89233.3,72.51,56.99,31,1,1
1/6/2024 0:00,D010,VH010,Hyundai,Creta EV Pro,55,490,1650,135,0,58.64,0.73,753.81,80,131,6,4,4,0,Clear,Medium,13,78,55,18,673,89.25,12.216,89292,72.72,56.87,32,1,1
1/6/2024 2:00,D010,VH010,Hyundai,Creta EV Pro,55,490,1650,135,1,52.63,0.45,886.61,122,154,7,6,3,1,Cloudy,Low,21,77,58,18,673,89.24,10.178,89344.6,73.01,56.7,32,1,1
1/6/2024 4:00,D010,VH010,Hyundai,Creta EV Pro,55,490,1650,135,0,45.52,0.49,633.33,122,127,5,9,10,7,Rain,High,21,67,51,18,673,89.24,8.382,89390.1,73.41,56.46,32,1,1
1/6/2024 6:00,D010,VH010,Hyundai,Creta EV Pro,55,490,1650,135,1,166.54,1.49,2951.68,114,160,4,3,2,2,Rain,Low,11,68,15,31.8,674,89.24,28.604,89556.7,73.67,56.34,32,1,1
1/6/2024 8:00,D010,VH010,Hyundai,Creta EV Pro,55,490,1650,135,0,34.5,0.68,359.38,70,88,2,3,7,11,Clear,Low,16,79,66,18,674,89.24,6.674,89591.2,73.82,56.25,32,1,1
1/6/2024 10:00,D010,VH010,Hyundai,Creta EV Pro,55,490,1650,135,1,59.01,0.52,753.19,122,149,8,6,7,2,Rain,Medium,24,53,33,18,674,89.24,10.886,89650.2,74.11,56.09,32,1,1
1/6/2024 12:00,D010,VH010,Hyundai,Creta EV Pro,55,490,1650,135,0,36.42,0.57,440.55,87,94,1,4,8,9,Rain,Medium,21,56,44,18,674,89.23,6.219,89686.6,74.3,55.98,32,1,1
1/6/2024 14:00,D010,VH010,Hyundai,Creta EV Pro,55,490,1650,135,0,15.31,0.38,233.77,49,146,10,3,3,4,Clear,Low,27,68,61,18,674,89.23,3.417,89701.9,74.44,55.9,32,1,1
1/6/2024 16:00,D010,VH010,Hyundai,Creta EV Pro,55,490,1650,135,1,92.87,0.87,1495.12,107,158,8,2,5,0,Fog,Low,17,73,42,19.9,674,89.23,16.561,89794.8,74.6,55.82,32,1,1
1/6/2024 18:00,D010,VH010,Hyundai,Creta EV Pro,55,490,1650,135,0,52.93,0.84,910.77,66,106,8,3,2,2,Fog,Medium,24,64,45,18,674,89.23,9.936,89847.7,74.77,55.73,32,1,1
1/6/2024 20:00,D010,VH010,Hyundai,Creta EV Pro,55,490,1650,135,0,31.98,0.59,508.03,75,134,12,5,8,10,Rain,Low,20,63,50,18,674,89.23,6.638,89879.7,74.99,55.59,32,1,1
1/6/2024 22:00,D010,VH010,Hyundai,Creta EV Pro,55,490,1650,135,0,54.93,0.69,789.85,91,154,6,4,6,5,Fog,Low,21,83,64,18,674,89.23,9.955,89934.6,75.2,55.48,32,1,1
1/7/2024 0:00,D010,VH010,Hyundai,Creta EV Pro,55,490,1650,135,1,114.99,0.98,2012.02,119,154,5,7,4,1,Clear,Low,21,63,22,27.4,674,89.22,22.351,90049.6,75.58,55.27,33,1,1
1/7/2024 2:00,D010,VH010,Hyundai,Creta EV Pro,55,490,1650,135,0,47.66,0.52,863.34,91,123,7,10,3,0,Clear,Medium,26,68,49,20.9,674,89.22,10.106,90097.3,76.02,55,33,1,1
1/7/2024 4:00,D010,VH010,Hyundai,Creta EV Pro,55,490,1650,135,0,58.71,0.76,681.33,89,105,10,6,7,6,Fog,Medium,19,90,69,18,675,89.22,11.401,90156,76.32,54.83,33,1,1
1/7/2024 6:00,D010,VH010,Hyundai,Creta EV Pro,55,490,1650,135,0,26.47,0.37,346.38,103,151,7,2,4,7,Rain,Low,25,71,61,18.5,675,89.22,5.051,90182.4,76.42,54.78,33,1,1
1/7/2024 8:00,D010,VH010,Hyundai,Creta EV Pro,55,490,1650,135,0,64.98,0.89,1154.36,74,154,9,6,5,1,Clear,Medium,23,74,48,22,675,89.22,14.262,90247.4,76.72,54.61,33,1,1
1/7/2024 10:00,D010,VH010,Hyundai,Creta EV Pro,55,490,1650,135,0,51.57,0.71,807.13,74,136,9,7,6,1,Clear,Low,19,59,38,19.9,675,89.22,11.319,90299,77.04,54.42,33,1,1
1/7/2024 12:00,D010,VH010,Hyundai,Creta EV Pro,55,490,1650,135,0,20.55,0.26,220.32,106,121,6,2,2,4,Clear,Low,13,70,62,18,675,89.22,4.281,90319.5,77.14,54.36,33,1,0
1/7/2024 14:00,D010,VH010,Hyundai,Creta EV Pro,55,490,1650,135,1,158.28,1.5,2454.25,108,165,5,5,10,2,Rain,Medium,20,64,13,34.2,675,89.21,27.688,90477.8,77.48,54.19,33,1,1
1/7/2024 16:00,D010,VH010,Hyundai,Creta EV Pro,55,490,1650,135,0,27.68,0.35,424.88,88,108,7,4,2,2,Fog,High,22,66,56,18,675,89.21,5.106,90505.5,77.66,54.08,33,1,1
1/7/2024 18:00,D010,VH010,Hyundai,Creta EV Pro,55,490,1650,135,0,42.22,0.59,548.32,80,133,3,7,7,4,Clear,High,20,84,68,18,675,89.21,8.324,90547.7,77.98,53.89,33,1,1
1/7/2024 20:00,D010,VH010,Hyundai,Creta EV Pro,55,490,1650,135,1,152.07,1.27,2798,123,165,4,10,7,2,Rain,Medium,20,65,17,31.3,675,89.21,26.118,90699.8,78.51,53.6,33,1,1
1/7/2024 22:00,D010,VH010,Hyundai,Creta EV Pro,55,490,1650,135,1,172.01,1.67,2842.88,106,159,6,3,5,3,Clear,Medium,18,65,10,33.6,676,89.2,30.3875,90871.8,78.78,53.47,33,1,1
1/8/2024 0:00,D010,VH010,Hyundai,Creta EV Pro,55,490,1650,135,1,74.68,0.67,1247.08,114,165,8,5,10,1,Fog,Low,21,53,28,18,676,89.2,13.317,90946.5,79.05,53.32,34,1,0
1/8/2024 2:00,D010,VH010,Hyundai,Creta EV Pro,55,490,1650,135,1,146.34,1.41,2659.29,104,152,6,1,6,0,Clear,Medium,15,62,10,30.7,676,89.2,28.961,91092.8,79.22,53.25,34,1,1
1/8/2024 4:00,D010,VH010,Hyundai,Creta EV Pro,55,490,1650,135,0,35.32,0.94,437.39,51,123,4,4,7,15,Cloudy,Medium,17,63,50,18,676,89.19,6.811,91128.1,79.41,53.14,34,1,1
1/8/2024 6:00,D010,VH010,Hyundai,Creta EV Pro,55,490,1650,135,1,86.73,0.84,1384.15,105,156,9,5,2,1,Clear,Low,14,52,19,22.1,676,89.19,18.084,91214.9,79.68,52.99,34,1,1
1/8/2024 8:00,D010,VH010,Hyundai,Creta EV Pro,55,490,1650,135,0,39.74,0.57,745.29,104,132,5,5,5,11,Rain,Low,13,62,48,18,676,89.19,7.318,91254.6,79.92,52.85,34,1,1
1/8/2024 10:00,D010,VH010,Hyundai,Creta EV Pro,55,490,1650,135,1,171.43,1.5,1766.54,114,138,4,5,6,0,Clear,Medium,11,72,12,29.4,676,89.19,32.715,91426,80.27,52.68,34,1,1
1/8/2024 12:00,D010,VH010,Hyundai,Creta EV Pro,55,490,1650,135,0,39.25,0.41,481.43,116,148,6,4,8,4,Rain,Low,14,93,79,18,677,89.18,7.359,91465.3,80.46,52.57,34,1,1
1/8/2024 14:00,D010,VH010,Hyundai,Creta EV Pro,55,490,1650,135,0,31.93,0.6,600.41,73,128,11,6,4,10,Clear,Medium,17,73,59,18,677,89.18,7.246,91497.2,80.73,52.41,34,1,1
1/8/2024 16:00,D010,VH010,Hyundai,Creta EV Pro,55,490,1650,135,1,161.41,1.43,1623.89,113,157,8,7,8,0,Clear,Medium,26,66,10,39.7,677,89.18,30.855,91658.6,81.15,52.18,34,1,1
1/8/2024 18:00,D010,VH010,Hyundai,Creta EV Pro,55,490,1650,135,0,22.2,0.37,266.4,107,121,6,6,4,10,Rain,Medium,13,87,79,18,677,89.18,4.162,91680.8,81.41,52.03,34,1,1
1/8/2024 20:00,D010,VH010,Hyundai,Creta EV Pro,55,490,1650,135,1,87.38,0.81,1624.42,112,159,5,7,5,2,Clear,Medium,21,63,32,24,677,89.18,16.984,91768.2,81.77,51.83,34,1,1
1/8/2024 22:00,D010,VH010,Hyundai,Creta EV Pro,55,490,1650,135,0,42.34,0.97,746.3,45,125,9,5,7,2,Clear,High,22,69,52,18,677,89.17,9.293,91810.6,82,51.69,35,1,0
1/9/2024 0:00,D010,VH010,Hyundai,Creta EV Pro,55,490,1650,135,0,39.97,0.46,563.49,98,113,7,6,5,3,Rain,Medium,23,61,47,18,677,89.17,7.628,91850.5,82.28,51.53,35,1,0
1/9/2024 2:00,D010,VH010,Hyundai,Creta EV Pro,55,490,1650,135,0,54.93,0.64,689.32,91,119,4,7,8,2,Clear,Medium,18,58,37,18.4,677,89.17,11.034,91905.5,82.61,51.33,35,1,0
1/9/2024 4:00,D010,VH010,Hyundai,Creta EV Pro,55,490,1650,135,0,47.56,0.54,769.72,116,122,5,6,1,8,Cloudy,High,23,64,47,19.4,677,89.17,9.342,91953,82.89,51.17,35,1,0
1/9/2024 6:00,D010,VH010,Hyundai,Creta EV Pro,55,490,1650,135,0,41.43,0.51,491.89,98,113,6,8,8,5,Cloudy,Medium,20,55,39,18,677,89.17,8.285,91994.4,83.24,50.96,35,1,0
1/9/2024 8:00,D010,VH010,Hyundai,Creta EV Pro,55,490,1650,135,1,169.14,1.36,1885.48,124,165,4,4,1,0,Fog,Low,17,62,10,30,678,89.16,28.082,92163.6,83.55,50.81,35,1,0
1/9/2024 10:00,D010,VH010,Hyundai,Creta EV Pro,55,490,1650,135,0,51,0.89,605.67,69,115,2,8,2,9,Rain,High,15,63,46,18,678,89.16,8.879,92214.6,83.92,50.59,35,1,0
1/9/2024 12:00,D010,VH010,Hyundai,Creta EV Pro,55,490,1650,135,0,54.89,0.79,592.43,80,110,5,6,4,6,Rain,Medium,23,67,48,18,678,89.16,10.107,92269.5,84.2,50.43,35,1,1
1/9/2024 14:00,D010,VH010,Hyundai,Creta EV Pro,55,490,1650,135,0,17.26,0.22,299.49,80,140,9,4,8,0,Clear,Medium,20,79,72,18,678,89.16,3.788,92286.7,84.38,50.32,35,1,0
1/9/2024 16:00,D010,VH010,Hyundai,Creta EV Pro,55,490,1650,135,0,47.48,0.69,477.47,96,123,3,6,6,12,Fog,Medium,22,76,61,18,678,89.16,8.144,92334.2,84.66,50.16,35,1,0
1/9/2024 18:00,D010,VH010,Hyundai,Creta EV Pro,55,490,1650,135,1,166.42,1.85,2924.06,90,165,8,7,7,0,Clear,Medium,24,51,10,29.7,678,89.16,23.8425,92500.6,85.09,49.93,35,1,0
1/9/2024 20:00,D010,VH010,Hyundai,Creta EV Pro,55,490,1650,135,1,91.25,0.84,1475.4,113,123,5,4,6,2,Clear,Medium,28,69,36,26,678,89.15,17.736,92591.9,85.33,49.8,35,1,0
1/9/2024 22:00,D010,VH010,Hyundai,Creta EV Pro,55,490,1650,135,1,92.87,0.79,1203.33,118,152,4,6,3,0,Cloudy,Low,8,48,17,18.2,678,89.15,17.014,92684.7,85.65,49.63,36,1,0
1/10/2024 0:00,D010,VH010,Hyundai,Creta EV Pro,55,490,1650,135,0,45.5,0.73,810.09,65,147,7,5,4,2,Clear,Low,17,62,44,18,678,89.15,9.648,92730.2,85.89,49.49,36,1,0
1/10/2024 2:00,D010,VH010,Hyundai,Creta EV Pro,55,490,1650,135,1,74.34,0.59,810.77,130,146,12,2,1,1,Fog,Medium,15,75,49,18,679,89.15,14.171,92804.6,86.03,49.41,36,1,0
1/10/2024 4:00,D010,VH010,Hyundai,Creta EV Pro,55,490,1650,135,0,26.13,0.28,266.1,94,130,9,4,7,0,Rain,Medium,15,64,54,18,679,89.15,5.162,92830.7,86.22,49.31,36,1,1
1/10/2024 6:00,D010,VH010,Hyundai,Creta EV Pro,55,490,1650,135,1,86.9,0.85,1380.59,104,165,8,3,5,1,Fog,Medium,16,71,42,19.5,679,89.14,15.496,92917.6,86.41,49.21,36,1,0
1/10/2024 8:00,D010,VH010,Hyundai,Creta EV Pro,55,490,1650,135,1,108.62,0.92,1915.29,118,149,7,9,7,0,Fog,Medium,21,86,51,23.8,679,89.14,19.036,93026.2,86.87,48.95,36,1,0
1/10/2024 10:00,D010,VH010,Hyundai,Creta EV Pro,55,490,1650,135,0,17.75,0.37,294.47,86,124,8,9,4,10,Rain,High,20,58,51,18,679,89.14,3.447,93044,87.24,48.72,36,1,0
1/10/2024 12:00,D010,VH010,Hyundai,Creta EV Pro,55,490,1650,135,0,38.31,0.6,496.24,80,146,7,3,6,7,Clear,Medium,23,48,33,18,679,89.14,8.123,93082.3,87.4,48.63,36,1,0
1/10/2024 14:00,D010,VH010,Hyundai,Creta EV Pro,55,490,1650,135,0,29.68,0.44,509.26,87,130,9,6,4,6,Clear,Medium,17,87,75,18,679,89.14,6.514,93112,87.66,48.47,36,1,0
1/10/2024 16:00,D010,VH010,Hyundai,Creta EV Pro,55,490,1650,135,1,116.98,1.03,1478.31,115,159,5,8,3,1,Rain,Low,14,70,32,24,679,89.14,20.464,93229,88.08,48.24,36,1,0
1/10/2024 18:00,D010,VH010,Hyundai,Creta EV Pro,55,490,1650,135,0,14.12,0.23,243.38,97,122,2,4,8,5,Rain,Medium,19,66,61,18,679,89.14,2.458,93243.1,88.26,48.13,36,1,0
1/10/2024 20:00,D010,VH010,Hyundai,Creta EV Pro,55,490,1650,135,0,49.31,0.84,858.01,70,134,3,6,8,8,Clear,Medium,20,60,42,18.6,679,89.13,9.722,93292.4,88.54,47.97,36,1,0
1/10/2024 22:00,D010,VH010,Hyundai,Creta EV Pro,55,490,1650,135,0,27.56,0.38,456.97,97,118,8,4,6,6,Clear,Medium,12,64,53,18,679,89.13,5.946,93319.9,88.72,47.86,37,1,1
1/11/2024 0:00,D010,VH010,Hyundai,Creta EV Pro,55,490,1650,135,1,65.3,0.66,1036.49,105,165,10,6,4,2,Rain,Medium,22,73,50,18,679,89.13,12.462,93385.2,89.02,47.69,37,1,0
1/11/2024 2:00,D010,VH010,Hyundai,Creta EV Pro,55,490,1650,135,0,23.87,0.5,427.56,79,111,0,5,2,12,Clear,Medium,15,67,58,18,679,89.13,4.44,93409.1,89.24,47.56,37,1,0
1/11/2024 4:00,D010,VH010,Hyundai,Creta EV Pro,55,490,1650,135,0,59.34,1.08,766.63,80,147,13,7,2,20,Cloudy,High,21,71,46,21.7,680,89.13,13.351,93468.5,89.57,47.37,37,1,0
1/11/2024 6:00,D010,VH010,Hyundai,Creta EV Pro,55,490,1650,135,1,103.17,0.92,1438.44,116,165,12,4,4,2,Cloudy,Medium,19,59,19,25.5,680,89.13,21.701,93571.6,89.82,47.23,37,1,0
1/11/2024 8:00,D010,VH010,Hyundai,Creta EV Pro,55,490,1650,135,0,36.93,0.68,686.11,85,160,7,3,6,15,Clear,Low,19,69,54,18,680,89.12,7.831,93608.6,89.98,47.15,37,1,0
1/11/2024 10:00,D010,VH010,Hyundai,Creta EV Pro,55,490,1650,135,0,62.94,0.84,720.24,93,124,7,7,3,10,Fog,Low,23,88,66,19.2,680,89.12,11.611,93671.5,90.31,46.95,37,1,1
1/11/2024 12:00,D010,VH010,Hyundai,Creta EV Pro,55,490,1650,135,1,88.34,1.05,1318.73,87,163,8,5,4,2,Clear,Low,18,75,42,19.6,680,89.12,18.107,93759.8,90.59,46.8,37,1,0
1/11/2024 14:00,D010,VH010,Hyundai,Creta EV Pro,55,490,1650,135,0,43.41,0.73,828.19,69,125,12,7,3,6,Rain,Medium,27,68,51,18,680,89.12,9.011,93803.2,90.91,46.62,37,1,0
1/11/2024 16:00,D010,VH010,Hyundai,Creta EV Pro,55,490,1650,135,0,54.14,1,988.36,57,151,4,7,2,3,Cloudy,Medium,15,76,57,18,680,89.12,10.441,93857.4,91.23,46.42,37,1,0
1/11/2024 18:00,D010,VH010,Hyundai,Creta EV Pro,55,490,1650,135,0,38.83,0.69,737.78,79,132,5,11,7,12,Rain,High,21,54,41,18,680,89.12,7.15,93896.2,91.71,46.14,37,1,0
1/11/2024 20:00,D010,VH010,Hyundai,Creta EV Pro,55,490,1650,135,1,146.1,1.23,2704.22,120,153,4,5,9,1,Clear,Low,21,84,33,31.3,681,89.11,27.881,94042.3,92.04,45.97,37,1,1
1/11/2024 22:00,D010,VH010,Hyundai,Creta EV Pro,55,490,1650,135,0,19.59,0.33,276.9,87,165,2,3,2,6,Fog,High,24,59,53,18,681,89.11,3.297,94061.9,92.17,45.89,38,1,0
1/12/2024 0:00,D010,VH010,Hyundai,Creta EV Pro,55,490,1650,135,0,24.13,0.33,366.56,104,145,6,2,7,6,Clear,Medium,15,73,63,18,681,89.11,5.027,94086,92.27,45.83,38,1,0
1/12/2024 2:00,D010,VH010,Hyundai,Creta EV Pro,55,490,1650,135,0,52.48,0.92,860.56,65,125,3,9,4,7,Rain,Medium,28,62,45,19.2,681,89.11,9.312,94138.5,92.68,45.59,38,1,0
1/12/2024 4:00,D010,VH010,Hyundai,Creta EV Pro,55,490,1650,135,1,75.7,0.7,906.33,110,165,10,6,2,1,Cloudy,Low,22,59,30,20.7,681,89.11,15.409,94214.2,92.99,45.42,38,1,0
1/12/2024 6:00,D010,VH010,Hyundai,Creta EV Pro,55,490,1650,135,0,59.07,0.77,727.93,82,94,2,6,7,3,Cloudy,High,16,80,60,18,681,89.1,10.969,94273.3,93.28,45.25,38,1,1
1/12/2024 8:00,D010,VH010,Hyundai,Creta EV Pro,55,490,1650,135,0,21.28,0.33,242.54,81,136,7,7,4,4,Cloudy,Medium,14,61,53,18,681,89.1,4.332,94294.6,93.58,45.07,38,1,0
1/12/2024 10:00,D010,VH010,Hyundai,Creta EV Pro,55,490,1650,135,1,85.21,0.81,892.1,118,165,2,2,7,5,Clear,Medium,22,76,47,21.8,681,89.1,15.659,94379.8,93.73,44.99,38,1,0
1/12/2024 12:00,D010,VH010,Hyundai,Creta EV Pro,55,490,1650,135,0,43.73,0.88,794.6,54,126,5,8,8,4,Cloudy,Medium,21,63,47,18.5,681,89.1,8.589,94423.5,94.09,44.78,38,1,0
1/12/2024 14:00,D010,VH010,Hyundai,Creta EV Pro,55,490,1650,135,1,91.31,1.11,1712.19,82,144,7,6,4,0,Clear,Medium,13,88,54,18.6,681,89.1,18.393,94514.8,94.41,44.6,38,1,0
1/12/2024 16:00,D010,VH010,Hyundai,Creta EV Pro,55,490,1650,135,0,42.47,0.6,841.21,85,141,9,5,5,6,Clear,Medium,24,75,58,19.9,681,89.1,9.321,94557.3,94.65,44.46,38,1,0
1/12/2024 18:00,D010,VH010,Hyundai,Creta EV Pro,55,490,1650,135,0,53.39,0.68,894.85,79,150,7,7,9,0,Clear,Medium,23,60,39,20.6,681,89.09,11.321,94610.7,94.97,44.27,38,1,0
1/12/2024 20:00,D010,VH010,Hyundai,Creta EV Pro,55,490,1650,135,1,179.45,1.46,2019.51,124,163,8,5,4,1,Clear,Medium,15,73,10,30.7,682,89.09,34.1275,94790.1,95.33,44.09,38,1,0
1/12/2024 22:00,D010,VH010,Hyundai,Creta EV Pro,55,490,1650,135,0,20.48,0.46,312.75,69,143,6,11,5,10,Cloudy,High,22,75,67,18,682,89.09,4.096,94810.6,95.79,43.81,39,1,1
1/13/2024 0:00,D010,VH010,Hyundai,Creta EV Pro,55,490,1650,135,0,22.24,0.32,346.06,78,106,8,7,3,2,Clear,Medium,22,78,69,18,682,89.09,4.799,94832.8,96.09,43.63,39,1,0
1/13/2024 2:00,D010,VH010,Hyundai,Creta EV Pro,55,490,1650,135,1,171.66,1.67,3082.19,105,120,12,3,4,2,Cloudy,Low,19,83,17,36.9,682,89.08,36.108,95004.5,96.36,43.5,39,1,0
1/13/2024 4:00,D010,VH010,Hyundai,Creta EV Pro,55,490,1650,135,0,9.13,0.21,133.42,72,113,12,5,2,5,Cloudy,High,20,77,73,18,682,89.08,2.022,95013.6,96.57,43.38,39,1,0
1/13/2024 6:00,D010,VH010,Hyundai,Creta EV Pro,55,490,1650,135,0,41.09,0.53,431.94,83,132,13,5,1,2,Fog,Medium,18,60,44,18,682,89.08,8.378,95054.7,96.8,43.24,39,1,0
1/13/2024 8:00,D010,VH010,Hyundai,Creta EV Pro,55,490,1650,135,1,136.16,1.27,2079.33,109,158,5,6,6,1,Cloudy,Medium,10,85,38,24.3,682,89.08,25.407,95190.9,97.16,43.05,39,1,0
1/13/2024 10:00,D010,VH010,Hyundai,Creta EV Pro,55,490,1650,135,1,56.5,0.56,1011.44,108,148,5,4,6,2,Clear,Medium,16,75,55,18.3,682,89.08,10.982,95247.4,97.37,42.93,39,1,0
1/13/2024 12:00,D010,VH010,Hyundai,Creta EV Pro,55,490,1650,135,0,23.22,0.6,360.51,88,133,6,5,8,20,Cloudy,Medium,22,69,60,18,682,89.08,4.644,95270.6,97.59,42.8,39,1,1
1/13/2024 14:00,D010,VH010,Hyundai,Creta EV Pro,55,490,1650,135,0,58.27,1.03,1074.56,72,144,12,6,4,13,Rain,Low,14,68,46,18,683,89.07,12.095,95328.9,97.88,42.63,39,1,0
1/13/2024 16:00,D010,VH010,Hyundai,Creta EV Pro,55,490,1650,135,0,17.93,0.31,323.64,84,114,7,7,5,6,Clear,Medium,21,52,45,18,683,89.07,3.802,95346.8,98.18,42.45,39,1,0
1/13/2024 18:00,D010,VH010,Hyundai,Creta EV Pro,55,490,1650,135,0,24.2,0.33,365.8,87,152,5,7,10,3,Cloudy,High,23,62,53,18,683,89.07,4.753,95371,98.48,42.27,39,1,0
1/13/2024 20:00,D010,VH010,Hyundai,Creta EV Pro,55,490,1650,135,0,32.72,0.54,335.06,97,111,2,8,5,12,Clear,Medium,20,76,64,18,683,89.07,6.329,95403.7,98.83,42.06,39,1,0
1/13/2024 22:00,D010,VH010,Hyundai,Creta EV Pro,55,490,1650,135,1,79.63,0.8,1113.72,102,147,4,8,6,1,Rain,Medium,11,58,33,18,683,89.07,13.677,95483.4,99.22,41.84,40,1,0
1/14/2024 0:00,D010,VH010,Hyundai,Creta EV Pro,55,490,1650,135,0,39.1,0.67,579.54,78,126,5,2,1,10,Clear,High,24,69,54,18,683,89.07,8,95522.5,99.33,41.77,40,1,1
1/14/2024 2:00,D010,VH010,Hyundai,Creta EV Pro,55,490,1650,135,1,130.7,1.22,1616.37,107,159,4,3,5,0,Clear,Medium,19,53,10,28.5,683,89.06,24.7775,95653.2,99.57,41.66,40,1,0
1/14/2024 4:00,D010,VH010,Hyundai,Creta EV Pro,55,490,1650,135,0,26.42,0.54,473.08,70,129,7,5,6,10,Cloudy,Low,20,91,81,18,683,89.06,5.378,95679.6,99.79,41.53,40,1,0
1/14/2024 6:00,D010,VH010,Hyundai,Creta EV Pro,55,490,1650,135,0,44.09,0.61,844.5,92,144,4,1,1,8,Rain,High,18,80,65,18,683,89.06,7.971,95723.7,99.87,41.49,40,1,0
1/14/2024 8:00,D010,VH010,Hyundai,Creta EV Pro,55,490,1650,135,0,29.24,0.33,573.3,88,142,3,6,4,0,Rain,Medium,14,45,35,18,683,89.06,5.188,95752.9,100,41.33,40,1,0
1/14/2024 10:00,D010,VH010,Hyundai,Creta EV Pro,55,490,1650,135,0,47.24,0.83,622.38,75,124,10,3,6,12,Rain,Medium,14,64,46,18,683,89.06,9.49,95800.1,100,41.24,40,1,0
1/14/2024 12:00,D010,VH010,Hyundai,Creta EV Pro,55,490,1650,135,0,49.93,0.65,568.41,91,128,3,9,4,6,Rain,High,22,75,58,19.5,683,89.06,8.86,95850.1,100,41,40,1,0
1/14/2024 14:00,D010,VH010,Hyundai,Creta EV Pro,55,490,1650,135,1,61.93,0.48,924.64,128,152,6,3,3,0,Clear,Medium,22,72,49,18,683,89.06,12.256,95912,100,40.91,40,1,1
1/14/2024 16:00,D010,VH010,Hyundai,Creta EV Pro,55,490,1650,135,1,64.77,0.54,1135.68,129,134,9,6,5,2,Cloudy,Low,19,65,41,19.5,684,89.05,12.965,95976.8,100,40.74,40,1,0
1/14/2024 18:00,D010,VH010,Hyundai,Creta EV Pro,55,490,1650,135,0,62.21,1,874.49,69,122,9,3,12,6,Clear,Medium,11,60,35,18,684,89.05,13.654,96039,100,40.64,40,1,0
1/14/2024 20:00,D010,VH010,Hyundai,Creta EV Pro,55,490,1650,135,0,51.11,0.8,850.98,71,132,6,4,3,5,Clear,Medium,17,75,55,18.2,684,89.05,10.647,96090.1,100,40.53,40,1,0
1/14/2024 22:00,D010,VH010,Hyundai,Creta EV Pro,55,490,1650,135,1,112.65,1.06,2014.4,108,148,8,8,7,1,Clear,Medium,23,55,13,27.4,684,89.05,23.09,96202.7,100,40.3,41,1,0
1/15/2024 0:00,D010,VH010,Hyundai,Creta EV Pro,55,490,1650,135,0,47.45,0.69,547.58,76,156,4,8,11,4,Fog,Low,14,76,60,18,684,89.05,8.293,96250.2,100,40.08,41,1,0
1/15/2024 2:00,D010,VH010,Hyundai,Creta EV Pro,55,490,1650,135,1,103,1.04,1122.01,104,157,8,4,5,3,Clear,Medium,9,77,38,23.5,684,89.04,21.112,96353.2,100,39.95,41,1,0
1/15/2024 4:00,D010,VH010,Hyundai,Creta EV Pro,55,490,1650,135,1,165.03,1.57,2494.39,106,151,7,7,3,1,Clear,Low,19,72,11,33.5,685,89.04,33.243,96518.2,100,39.73,41,1,0
1/15/2024 6:00,D010,VH010,Hyundai,Creta EV Pro,55,490,1650,135,0,36.33,0.64,465.66,70,120,6,3,5,7,Clear,Medium,11,82,68,18,685,89.04,7.568,96554.6,100,39.64,41,1,0
1/15/2024 8:00,D010,VH010,Hyundai,Creta EV Pro,55,490,1650,135,0,55.64,0.66,623.1,94,159,11,8,5,4,Cloudy,Medium,16,73,50,18,685,89.04,12.121,96610.2,100,39.42,41,1,1
1/15/2024 10:00,D010,VH010,Hyundai,Creta EV Pro,55,490,1650,135,1,76.96,0.62,790.54,127,165,10,5,7,1,Fog,Low,22,59,33,21.8,685,89.03,14.197,96687.2,100,39.28,41,1,0
1/15/2024 12:00,D010,VH010,Hyundai,Creta EV Pro,55,490,1650,135,1,134.82,1.11,1806.04,121,160,4,6,5,0,Rain,Low,26,56,13,28.4,685,89.03,23.156,96822,100,39.08,41,1,0
1/15/2024 14:00,D010,VH010,Hyundai,Creta EV Pro,55,490,1650,135,0,48.59,0.51,658.98,102,126,8,5,1,2,Fog,Medium,25,68,51,19.2,685,89.03,9.121,96870.6,100,38.95,41,1,0
1/15/2024 16:00,D010,VH010,Hyundai,Creta EV Pro,55,490,1650,135,0,61.66,0.8,1224.41,93,141,8,3,6,8,Rain,High,23,67,45,19.8,685,89.03,11.973,96932.2,100,38.85,41,1,0
1/15/2024 18:00,D010,VH010,Hyundai,Creta EV Pro,55,490,1650,135,1,87.27,0.96,1009.64,93,131,7,6,5,1,Clear,Medium,16,57,25,24.7,685,89.02,17.579,97019.5,100,38.68,41,1,0
1/15/2024 20:00,D010,VH010,Hyundai,Creta EV Pro,55,490,1650,135,0,36.53,0.44,549.02,93,150,7,7,7,3,Clear,Medium,23,65,50,18,685,89.02,7.746,97056,100,38.49,41,1,0
1/15/2024 22:00,D010,VH010,Hyundai,Creta EV Pro,55,490,1650,135,0,45.17,0.64,696.26,90,116,2,7,6,8,Cloudy,Medium,20,75,59,18,685,89.02,8.388,97101.2,100,38.3,42,1,0
1/16/2024 0:00,D010,VH010,Hyundai,Creta EV Pro,55,490,1650,135,0,18.45,0.43,289.27,88,132,4,6,3,13,Rain,Medium,17,53,46,18,685,89.02,3.336,97119.6,100,38.15,42,1,1
1/16/2024 2:00,D010,VH010,Hyundai,Creta EV Pro,55,490,1650,135,0,64,0.69,673.59,115,150,7,2,8,8,Fog,Medium,16,85,63,18,686,89.02,11.806,97183.6,100,38.08,42,1,0
1/16/2024 4:00,D010,VH010,Hyundai,Creta EV Pro,55,490,1650,135,0,27.6,0.6,448.91,84,151,4,5,0,16,Fog,Medium,22,68,59,18,686,89.02,4.824,97211.2,100,37.94,42,1,0
1/16/2024 6:00,D010,VH010,Hyundai,Creta EV Pro,55,490,1650,135,0,41.26,0.47,471.28,87,140,10,6,8,0,Cloudy,Low,12,71,54,18,686,89.02,8.841,97252.5,100,37.78,42,1,0
1/16/2024 8:00,D010,VH010,Hyundai,Creta EV Pro,55,490,1650,135,0,48.42,0.87,917.31,59,136,6,5,4,3,Clear,Medium,20,63,44,18,686,89.02,10.087,97300.9,100,37.64,42,1,0
1/16/2024 10:00,D010,VH010,Hyundai,Creta EV Pro,55,490,1650,135,0,56.24,0.67,641.79,96,135,4,3,4,5,Rain,Medium,19,41,22,19.7,686,89.01,10.168,97357.2,100,37.55,42,1,0
1/16/2024 12:00,D010,VH010,Hyundai,Creta EV Pro,55,490,1650,135,0,39.62,0.46,571.86,104,132,3,9,7,5,Rain,Medium,22,81,68,18,686,89.01,7.03,97396.8,100,37.31,42,1,0
1/16/2024 14:00,D010,VH010,Hyundai,Creta EV Pro,55,490,1650,135,0,12.15,0.29,149.05,86,146,5,5,1,9,Clear,Medium,16,65,60,18,686,89.01,2.486,97408.9,100,37.18,42,1,0
1/16/2024 16:00,D010,VH010,Hyundai,Creta EV Pro,55,490,1650,135,0,42.7,0.67,750.31,71,127,2,6,5,4,Clear,Medium,20,72,56,18,686,89.01,8.26,97451.6,100,37.02,42,1,1
1/16/2024 18:00,D010,VH010,Hyundai,Creta EV Pro,55,490,1650,135,0,10.76,0.34,174.22,52,132,7,5,4,8,Fog,Medium,12,63,59,18,686,89.01,1.985,97462.4,100,36.89,42,1,0
1/16/2024 20:00,D010,VH010,Hyundai,Creta EV Pro,55,490,1650,135,1,127.84,1.15,2392.2,111,165,8,6,6,0,Cloudy,Medium,17,84,38,25.9,686,89.01,25.155,97590.2,100,36.7,42,1,0
1/16/2024 22:00,D010,VH010,Hyundai,Creta EV Pro,55,490,1650,135,1,54.1,0.43,811.23,130,150,2,2,6,1,Clear,Medium,27,64,45,21.5,686,89.01,9.942,97644.3,100,36.64,43,1,0
1/17/2024 0:00,D010,VH010,Hyundai,Creta EV Pro,55,490,1650,135,0,37.33,0.66,610.95,73,123,6,4,4,9,Rain,Medium,10,51,38,18,686,89,6.999,97681.7,100,36.53,43,1,1
1/17/2024 2:00,D010,VH010,Hyundai,Creta EV Pro,55,490,1650,135,0,49.96,0.63,915.53,105,127,4,4,5,9,Cloudy,Low,14,51,33,18,686,89,9.635,97731.6,100,36.41,43,1,0
1/17/2024 4:00,D010,VH010,Hyundai,Creta EV Pro,55,490,1650,135,0,9.08,0.26,158.61,82,137,9,3,3,9,Clear,Medium,18,55,51,18,686,89,1.993,97740.7,100,36.33,43,1,0
1/17/2024 6:00,D010,VH010,Hyundai,Creta EV Pro,55,490,1650,135,1,57.4,0.56,933.54,109,160,5,6,7,2,Rain,Medium,13,82,63,18,687,89,10.041,97798.1,100,36.17,43,1,0
1/17/2024 8:00,D010,VH010,Hyundai,Creta EV Pro,55,490,1650,135,0,19.78,0.32,296.62,74,100,3,5,6,3,Fog,Low,21,71,64,18,687,89,3.393,97817.9,100,36.04,43,1,0
1/17/2024 10:00,D010,VH010,Hyundai,Creta EV Pro,55,490,1650,135,1,158.33,1.86,2468.86,86,165,7,6,4,1,Cloudy,Low,21,86,30,31.3,687,89,30.618,97976.2,100,35.84,43,1,0
1/17/2024 12:00,D010,VH010,Hyundai,Creta EV Pro,55,490,1650,135,0,20.23,0.3,398.89,93,156,5,1,5,5,Cloudy,Low,19,59,51,18,687,89,3.973,97996.4,100,35.81,43,1,0
1/17/2024 14:00,D010,VH010,Hyundai,Creta EV Pro,55,490,1650,135,1,130.47,1.45,2336.64,91,144,9,3,7,1,Clear,Low,22,74,24,31,687,88.99,27.204,98126.9,100,35.69,43,1,0
1/17/2024 16:00,D010,VH010,Hyundai,Creta EV Pro,55,490,1650,135,1,122.74,1.01,1893.55,124,165,4,5,6,1,Clear,Medium,22,52,10,28,687,88.99,23.423,98249.7,100,35.53,43,1,1
1/17/2024 18:00,D010,VH010,Hyundai,Creta EV Pro,55,490,1650,135,1,133.05,1.06,1438.97,130,146,8,5,6,2,Rain,Medium,16,51,10,24.3,687,88.98,23.8425,98382.7,100,35.37,43,1,0
1/17/2024 20:00,D010,VH010,Hyundai,Creta EV Pro,55,490,1650,135,1,56.26,0.46,749.28,126,132,5,12,8,1,Clear,Low,25,73,53,19.7,688,88.98,10.935,98439,100,35.05,43,1,0
1/17/2024 22:00,D010,VH010,Hyundai,Creta EV Pro,55,490,1650,135,0,59.16,0.84,652.08,88,133,6,2,7,10,Clear,High,21,68,45,19,688,88.98,12.324,98498.1,100,34.98,44,1,0
1/18/2024 0:00,D010,VH010,Hyundai,Creta EV Pro,55,490,1650,135,1,58.85,0.53,618.08,112,165,5,0,4,0,Clear,Low,24,73,52,18.7,688,88.98,11.439,98557,100,34.96,44,1,0
1/18/2024 2:00,D010,VH010,Hyundai,Creta EV Pro,55,490,1650,135,1,89.28,0.76,1656.36,117,165,4,8,3,0,Fog,Low,15,80,53,18,688,88.98,14.823,98646.3,100,34.74,44,1,0
1/18/2024 4:00,D010,VH010,Hyundai,Creta EV Pro,55,490,1650,135,0,29.85,0.34,512.33,87,130,3,3,6,0,Clear,Medium,19,91,80,18,688,88.98,5.885,98676.1,100,34.65,44,1,0
1/18/2024 6:00,D010,VH010,Hyundai,Creta EV Pro,55,490,1650,135,1,89.75,0.74,1641.57,122,142,9,3,7,0,Rain,Low,8,50,19,18.2,688,88.97,16.842,98765.9,100,34.55,44,1,0
1/18/2024 8:00,D010,VH010,Hyundai,Creta EV Pro,55,490,1650,135,1,154.06,1.75,2866.7,90,154,4,3,2,2,Cloudy,Medium,22,74,22,30.1,688,88.97,28.224,98919.9,100,34.43,44,1,1
1/18/2024 10:00,D010,VH010,Hyundai,Creta EV Pro,55,490,1650,135,0,46.99,0.59,693.66,82,136,4,0,7,1,Clear,Low,15,61,43,18,688,88.97,9.439,98966.9,100,34.42,44,1,0
1/18/2024 12:00,D010,VH010,Hyundai,Creta EV Pro,55,490,1650,135,0,11.83,0.24,199.05,97,129,5,3,8,7,Clear,Medium,15,72,67,18,688,88.97,2.42,98978.7,100,34.34,44,1,0
1/18/2024 14:00,D010,VH010,Hyundai,Creta EV Pro,55,490,1650,135,0,55.46,0.79,852.96,84,133,10,4,3,8,Rain,Low,17,60,39,18,688,88.97,11.141,99034.2,100,34.22,44,1,0
1/18/2024 16:00,D010,VH010,Hyundai,Creta EV Pro,55,490,1650,135,0,25.24,0.36,491.69,90,139,6,4,4,5,Cloudy,Medium,12,64,54,18,688,88.97,5.048,99059.4,100,34.11,44,1,0
1/18/2024 18:00,D010,VH010,Hyundai,Creta EV Pro,55,490,1650,135,0,53.85,0.78,551.77,72,156,5,8,9,2,Cloudy,Medium,17,69,49,18.2,689,88.96,10.577,99113.3,100,33.9,44,1,1
1/18/2024 20:00,D010,VH010,Hyundai,Creta EV Pro,55,490,1650,135,0,47.57,0.65,524.11,82,112,7,2,5,4,Rain,Medium,12,70,53,18,689,88.96,9.078,99160.9,100,33.83,44,1,0
1/18/2024 22:00,D010,VH010,Hyundai,Creta EV Pro,55,490,1650,135,1,124.08,1.08,1779.11,117,134,12,4,8,1,Fog,Medium,13,71,27,23.1,689,88.96,23.653,99284.9,100,33.7,45,1,0
1/19/2024 0:00,D010,VH010,Hyundai,Creta EV Pro,55,490,1650,135,0,33.28,0.34,562.57,97,127,2,7,2,0,Fog,Medium,18,65,54,18,689,88.96,5.601,99318.2,100,33.51,45,1,0
1/19/2024 2:00,D010,VH010,Hyundai,Creta EV Pro,55,490,1650,135,1,71.41,0.72,822.98,102,162,4,6,4,1,Rain,Low,10,76,53,18,689,88.96,12.265,99389.6,100,33.34,45,1,0
1/19/2024 4:00,D010,VH010,Hyundai,Creta EV Pro,55,490,1650,135,0,11.87,0.28,160.75,79,119,6,2,4,8,Fog,Low,18,73,69,18,689,88.96,2.151,99401.5,100,33.29,45,1,0
1/19/2024 6:00,D010,VH010,Hyundai,Creta EV Pro,55,490,1650,135,0,64.09,0.97,903.47,72,135,9,9,3,5,Cloudy,Medium,14,85,60,18,689,88.95,13.504,99465.6,100,33.04,45,1,1
1/19/2024 8:00,D010,VH010,Hyundai,Creta EV Pro,55,490,1650,135,0,52.56,0.66,845.72,91,135,4,5,6,5,Clear,Low,23,61,41,18,689,88.95,10.558,99518.1,100,32.9,45,1,0
1/19/2024 10:00,D010,VH010,Hyundai,Creta EV Pro,55,490,1650,135,1,82.77,0.69,1315.13,123,165,7,3,7,1,Fog,Medium,14,79,52,18,689,88.95,14.506,99600.9,100,32.8,45,1,0
1/19/2024 12:00,D010,VH010,Hyundai,Creta EV Pro,55,490,1650,135,0,19.89,0.35,321.86,69,130,5,6,1,4,Clear,Medium,8,85,77,18,689,88.95,4.069,99620.8,100,32.64,45,1,0
1/19/2024 14:00,D010,VH010,Hyundai,Creta EV Pro,55,490,1650,135,1,65.85,0.63,1270.79,104,165,9,4,5,0,Clear,Low,19,50,25,20.5,689,88.95,13.73,99686.7,100,32.53,45,1,0
1/19/2024 16:00,D010,VH010,Hyundai,Creta EV Pro,55,490,1650,135,0,28.75,0.57,517.38,75,117,3,8,11,11,Rain,High,15,51,41,18,689,88.95,5.102,99715.4,100,32.32,45,1,0
1/19/2024 18:00,D010,VH010,Hyundai,Creta EV Pro,55,490,1650,135,0,35.62,0.67,651.12,76,128,5,1,2,12,Fog,Medium,19,84,72,18,690,88.95,6.34,99751,100,32.28,45,1,0
1/19/2024 20:00,D010,VH010,Hyundai,Creta EV Pro,55,490,1650,135,1,138.65,1.24,2023.81,115,164,13,1,9,2,Fog,Low,16,61,12,28.1,690,88.94,26.856,99889.7,100,32.21,45,1,1
1/19/2024 22:00,D010,VH010,Hyundai,Creta EV Pro,55,490,1650,135,0,40.2,0.66,695.43,77,134,4,5,6,8,Cloudy,Medium,17,62,47,18,690,88.94,7.752,99929.9,100,32.08,46,1,0
1/20/2024 0:00,D010,VH010,Hyundai,Creta EV Pro,55,490,1650,135,1,62.27,0.51,862.11,126,158,2,10,5,1,Rain,Low,13,68,49,18,690,88.94,10.299,99992.1,100,31.81,46,1,0
1/20/2024 2:00,D010,VH010,Hyundai,Creta EV Pro,55,490,1650,135,1,111.17,0.95,1318.4,117,157,6,7,3,0,Fog,Medium,21,67,32,23.5,690,88.94,19.141,100103.3,100,31.6,46,1,0
1/20/2024 4:00,D010,VH010,Hyundai,Creta EV Pro,55,490,1650,135,1,141.45,1.52,2358.08,94,147,5,2,2,1,Clear,Low,19,64,14,31.4,690,88.93,27.494,100244.8,100,31.51,46,1,1
1/20/2024 6:00,D010,VH010,Hyundai,Creta EV Pro,55,490,1650,135,1,122.14,1.07,1508.72,116,165,2,4,3,1,Rain,Medium,19,73,36,27.5,690,88.93,20.201,100366.9,100,31.37,46,1,0
1/20/2024 8:00,D010,VH010,Hyundai,Creta EV Pro,55,490,1650,135,0,23.05,0.56,447.22,62,131,7,5,5,11,Rain,Medium,23,66,58,18,691,88.93,4.399,100390,100,31.24,46,1,0
1/20/2024 10:00,D010,VH010,Hyundai,Creta EV Pro,55,490,1650,135,0,21.44,0.68,218.48,54,114,3,5,3,17,Fog,Medium,20,74,67,18,691,88.93,3.678,100411.4,100,31.11,46,1,0
1/20/2024 12:00,D010,VH010,Hyundai,Creta EV Pro,55,490,1650,135,0,42.3,0.5,499.15,90,155,8,3,3,2,Fog,Medium,11,71,56,18,691,88.93,7.94,100453.7,100,31.02,46,1,0
1/20/2024 14:00,D010,VH010,Hyundai,Creta EV Pro,55,490,1650,135,0,61.52,0.77,1019.29,99,128,5,10,4,9,Clear,High,16,67,44,18.4,691,88.92,12.587,100515.2,100,30.75,46,1,0
1/20/2024 16:00,D010,VH010,Hyundai,Creta EV Pro,55,490,1650,135,0,29.57,0.58,439.46,77,158,7,5,3,12,Clear,Medium,16,90,78,18,691,88.92,6.27,100544.8,100,30.62,46,1,1
1/20/2024 18:00,D010,VH010,Hyundai,Creta EV Pro,55,490,1650,135,1,161.19,1.26,2211.8,130,148,7,2,6,1,Rain,Medium,10,57,10,28.8,691,88.92,26.6475,100706,100,30.52,46,1,0
1/20/2024 20:00,D010,VH010,Hyundai,Creta EV Pro,55,490,1650,135,0,27.23,0.32,336.24,96,142,9,13,7,2,Clear,High,17,57,46,18,691,88.92,5.976,100733.2,100,30.19,46,1,0
1/20/2024 22:00,D010,VH010,Hyundai,Creta EV Pro,55,490,1650,135,0,44.3,0.63,550.51,95,136,6,7,9,10,Fog,Medium,25,76,61,18.7,691,88.92,8.029,100777.5,100,30,47,1,0
1/21/2024 0:00,D010,VH010,Hyundai,Creta EV Pro,55,490,1650,135,0,49.15,0.92,862.09,68,155,5,7,5,12,Rain,Medium,17,71,54,18,691,88.92,9.05,100826.7,100,29.81,47,1,0
1/21/2024 2:00,D010,VH010,Hyundai,Creta EV Pro,55,490,1650,135,1,60.79,0.5,866.39,126,144,4,6,5,1,Cloudy,Medium,18,67,46,18,691,88.91,11.137,100887.4,100,29.64,47,1,0
1/21/2024 4:00,D010,VH010,Hyundai,Creta EV Pro,55,490,1650,135,0,33.58,0.49,429.45,68,152,7,7,1,0,Clear,Medium,23,59,46,18,691,88.91,7.12,100921,100,29.45,47,1,0
1/21/2024 6:00,D010,VH010,Hyundai,Creta EV Pro,55,490,1650,135,0,29.76,0.45,352.62,77,109,9,6,1,4,Clear,Medium,17,54,42,18,691,88.91,6.532,100950.8,100,29.3,47,1,1
1/21/2024 8:00,D010,VH010,Hyundai,Creta EV Pro,55,490,1650,135,1,108.57,0.99,1563.03,113,123,8,6,5,2,Rain,Low,19,74,37,23.9,692,88.91,20.028,101059.4,100,29.11,47,1,0
1/21/2024 10:00,D010,VH010,Hyundai,Creta EV Pro,55,490,1650,135,0,16.14,0.4,281.77,42,128,7,4,0,1,Clear,Low,15,72,65,18,692,88.91,3.422,101075.5,100,29.01,47,1,0
1/21/2024 12:00,D010,VH010,Hyundai,Creta EV Pro,55,490,1650,135,0,30.64,0.49,609.41,79,134,2,5,5,6,Rain,Medium,24,63,53,18,692,88.91,5.334,101106.1,100,28.87,47,1,0
1/21/2024 14:00,D010,VH010,Hyundai,Creta EV Pro,55,490,1650,135,0,15.12,0.31,183.03,73,122,10,5,7,6,Rain,Medium,23,71,65,18,692,88.91,3.037,101121.3,100,28.74,47,1,0
1/21/2024 16:00,D010,VH010,Hyundai,Creta EV Pro,55,490,1650,135,0,25.8,0.44,506.81,106,136,8,6,6,12,Cloudy,Low,17,74,64,18,692,88.91,5.344,101147.1,100,28.59,47,1,0
1/21/2024 18:00,D010,VH010,Hyundai,Creta EV Pro,55,490,1650,135,1,156.7,1.47,2609.05,108,129,5,9,4,1,Fog,Medium,23,64,15,29.8,692,88.9,26.498,101303.8,100,28.32,47,1,0
1/21/2024 20:00,D010,VH010,Hyundai,Creta EV Pro,55,490,1650,135,1,140.83,1.47,1678.91,98,152,5,1,4,2,Clear,Medium,22,89,39,34.7,692,88.9,27.373,101444.6,100,28.25,47,1,0
1/21/2024 22:00,D010,VH010,Hyundai,Creta EV Pro,55,490,1650,135,0,34.09,0.32,389.08,120,144,4,6,3,2,Rain,Medium,18,68,56,18,692,88.9,6.163,101478.7,100,28.09,48,1,0
1/22/2024 0:00,D010,VH010,Hyundai,Creta EV Pro,55,490,1650,135,1,144.77,1.11,2166.99,130,159,7,2,5,0,Rain,Low,23,72,24,29.6,692,88.89,26.246,101623.4,100,27.99,48,1,1
1/22/2024 2:00,D010,VH010,Hyundai,Creta EV Pro,55,490,1650,135,0,60.9,0.75,1107.4,105,117,5,5,8,10,Fog,Medium,18,85,65,18,692,88.89,10.84,101684.3,100,27.85,48,1,0
1/22/2024 4:00,D010,VH010,Hyundai,Creta EV Pro,55,490,1650,135,0,46.04,0.59,685.45,82,141,9,10,9,2,Clear,High,15,72,53,18,693,88.89,10.105,101730.4,100,27.59,48,1,0
1/22/2024 6:00,D010,VH010,Hyundai,Creta EV Pro,55,490,1650,135,0,38.4,0.55,747.39,74,123,9,7,6,2,Rain,Low,10,80,66,18,693,88.89,7.585,101768.8,100,27.4,48,1,0
1/22/2024 8:00,D010,VH010,Hyundai,Creta EV Pro,55,490,1650,135,1,152.91,1.46,2619.46,106,132,5,3,5,1,Rain,Medium,23,55,10,31.7,693,88.89,25.7125,101921.7,100,27.28,48,1,0
1/22/2024 10:00,D010,VH010,Hyundai,Creta EV Pro,55,490,1650,135,0,45.37,0.68,743.09,88,111,7,7,6,10,Cloudy,Low,18,55,38,19.4,693,88.88,9.235,101967.1,100,27.09,48,1,0
1/22/2024 12:00,D010,VH010,Hyundai,Creta EV Pro,55,490,1650,135,0,48.39,0.77,844.71,80,145,3,5,5,10,Clear,High,22,46,28,19.8,693,88.88,9.541,102015.5,100,26.95,48,1,0
1/22/2024 14:00,D010,VH010,Hyundai,Creta EV Pro,55,490,1650,135,1,100.21,0.8,1452.02,130,159,9,7,4,2,Clear,Low,25,74,36,28.8,693,88.88,20.894,102115.7,100,26.75,48,1,0
1/22/2024 16:00,D010,VH010,Hyundai,Creta EV Pro,55,490,1650,135,0,21.93,0.51,254.38,70,121,4,6,6,12,Clear,High,15,66,57,18,693,88.88,4.405,102137.6,100,26.59,48,1,1
1/22/2024 18:00,D010,VH010,Hyundai,Creta EV Pro,55,490,1650,135,0,30.96,0.59,425.09,68,146,6,9,0,8,Clear,High,24,67,55,18,693,88.88,6.45,102168.6,100,26.36,48,1,0
1/22/2024 20:00,D010,VH010,Hyundai,Creta EV Pro,55,490,1650,135,0,58.69,0.82,789.88,83,128,6,8,1,7,Clear,Medium,15,80,57,18,693,88.88,12.226,102227.2,100,26.14,48,1,0
1/22/2024 22:00,D010,VH010,Hyundai,Creta EV Pro,55,490,1650,135,0,32.29,0.43,333.47,94,105,5,9,3,5,Rain,Medium,14,91,80,18,693,88.88,5.946,102259.5,100,25.9,49,1,0
1/23/2024 0:00,D010,VH010,Hyundai,Creta EV Pro,55,490,1650,135,1,168.13,1.71,2078.06,100,165,1,7,3,2,Clear,Medium,17,65,10,32.6,694,88.87,30.303,102427.7,100,25.68,49,1,0
1/23/2024 2:00,D010,VH010,Hyundai,Creta EV Pro,55,490,1650,135,0,64.5,0.79,958.87,98,119,9,9,7,8,Clear,Low,14,68,42,18.8,694,88.87,14.156,102492.2,100,25.43,49,1,0
1/23/2024 4:00,D010,VH010,Hyundai,Creta EV Pro,55,490,1650,135,0,17.47,0.39,199.73,72,130,6,6,5,9,Rain,Low,25,71,65,18,694,88.87,3.275,102509.6,100,25.28,49,1,1
1/23/2024 6:00,D010,VH010,Hyundai,Creta EV Pro,55,490,1650,135,0,29.91,0.5,449.34,78,123,6,6,5,7,Cloudy,High,19,73,62,18,694,88.87,5.982,102539.5,100,25.12,49,1,0
1/23/2024 8:00,D010,VH010,Hyundai,Creta EV Pro,55,490,1650,135,1,146.52,1.47,2442.37,101,137,5,3,1,1,Clear,Low,13,76,24,28.8,694,88.86,28.479,102686.1,100,25,49,1,0
1/23/2024 10:00,D010,VH010,Hyundai,Creta EV Pro,55,490,1650,135,0,38.47,0.48,545.81,94,118,3,10,5,4,Clear,High,19,85,71,18,694,88.86,7.585,102724.5,100,24.74,49,1,0
1/23/2024 12:00,D010,VH010,Hyundai,Creta EV Pro,55,490,1650,135,0,22.99,0.38,423.02,107,122,4,5,3,10,Clear,High,22,76,67,18,694,88.86,4.618,102747.5,100,24.61,49,1,0
1/23/2024 14:00,D010,VH010,Hyundai,Creta EV Pro,55,490,1650,135,0,26.18,0.43,444.53,73,110,10,3,6,4,Cloudy,Medium,18,87,76,18,694,88.86,5.61,102773.7,100,24.52,49,1,0
1/23/2024 16:00,D010,VH010,Hyundai,Creta EV Pro,55,490,1650,135,0,58.41,1.02,618.54,67,129,7,2,4,9,Rain,Low,19,45,24,18,694,88.86,11.147,102832.1,100,24.46,49,1,0
1/23/2024 18:00,D010,VH010,Hyundai,Creta EV Pro,55,490,1650,135,1,133.46,1.45,2320.8,93,162,5,2,3,1,Rain,Low,22,49,10,28.9,694,88.86,22.9075,102965.6,100,24.37,49,1,0
1/23/2024 20:00,D010,VH010,Hyundai,Creta EV Pro,55,490,1650,135,1,132.79,1.18,1527.85,116,138,3,5,3,2,Rain,Medium,15,72,31,24.7,695,88.85,22.385,103098.4,100,24.2,49,1,1
1/23/2024 22:00,D010,VH010,Hyundai,Creta EV Pro,55,490,1650,135,0,23.69,0.37,255.63,87,143,8,7,3,6,Clear,High,17,72,62,18,695,88.85,5.111,103122.1,100,24.02,50,1,0
1/24/2024 0:00,D010,VH010,Hyundai,Creta EV Pro,55,490,1650,135,0,21.35,0.45,217.08,91,128,3,7,10,13,Fog,High,12,75,68,18,695,88.85,3.662,103143.4,100,23.84,50,1,0
1/24/2024 2:00,D010,VH010,Hyundai,Creta EV Pro,55,490,1650,135,1,97.95,0.89,1525.66,114,161,7,3,7,2,Clear,Low,25,69,33,28.1,695,88.85,19.731,103241.4,100,23.73,50,1,0
1/24/2024 4:00,D010,VH010,Hyundai,Creta EV Pro,55,490,1650,135,0,37.49,0.66,466.88,76,124,7,6,3,10,Rain,Medium,22,63,49,18,695,88.85,7.154,103278.9,100,23.57,50,1,1
1/24/2024 6:00,D010,VH010,Hyundai,Creta EV Pro,55,490,1650,135,1,152.05,1.62,2007.82,97,148,9,2,5,3,Clear,Low,21,85,27,32,695,88.84,31.703,103430.9,100,23.48,50,1,0
1/24/2024 8:00,D010,VH010,Hyundai,Creta EV Pro,55,490,1650,135,1,137.49,1.47,1850.85,96,157,4,6,5,2,Cloudy,Medium,23,65,19,27.6,695,88.84,25.189,103568.4,100,23.29,50,1,0
1/24/2024 10:00,D010,VH010,Hyundai,Creta EV Pro,55,490,1650,135,0,46.74,0.57,904.4,112,127,9,6,4,9,Rain,Medium,18,74,57,18,695,88.84,9.233,103615.1,100,23.12,50,1,0
1/24/2024 12:00,D010,VH010,Hyundai,Creta EV Pro,55,490,1650,135,0,49.49,0.74,966.73,77,129,5,6,6,6,Clear,Medium,21,62,43,20.7,696,88.84,10.126,103664.6,100,22.96,50,1,0
1/24/2024 14:00,D010,VH010,Hyundai,Creta EV Pro,55,490,1650,135,0,64.6,0.91,659.96,75,113,5,7,8,3,Rain,High,18,71,49,18,696,88.83,11.895,103729.2,100,22.76,50,1,0
1/24/2024 16:00,D010,VH010,Hyundai,Creta EV Pro,55,490,1650,135,0,26.08,0.36,412.73,85,126,5,6,6,3,Clear,Medium,10,55,45,18,696,88.83,5.336,103755.3,100,22.6,50,1,0
1/24/2024 18:00,D010,VH010,Hyundai,Creta EV Pro,55,490,1650,135,1,143.91,1.55,2379.72,94,155,7,5,5,1,Rain,Low,21,80,32,31.2,696,88.83,26.09,103899.2,100,22.44,50,1,0
1/24/2024 20:00,D010,VH010,Hyundai,Creta EV Pro,55,490,1650,135,0,30.9,0.44,322.04,95,139,5,12,7,7,Rain,High,22,68,57,18,696,88.83,5.69,103930.1,100,22.13,50,1,0
1/24/2024 22:00,D010,VH010,Hyundai,Creta EV Pro,55,490,1650,135,0,46.26,0.56,594.94,97,158,7,7,3,5,Fog,High,15,56,40,18,696,88.83,8.534,103976.4,100,21.94,51,1,1
1/25/2024 0:00,D010,VH010,Hyundai,Creta EV Pro,55,490,1650,135,0,34.96,0.34,557.98,102,107,3,8,6,0,Cloudy,Medium,16,85,72,18,696,88.83,6.617,104011.3,100,21.73,51,1,0
1/25/2024 2:00,D010,VH010,Hyundai,Creta EV Pro,55,490,1650,135,0,46.88,0.66,525.67,103,137,6,7,2,12,Cloudy,Medium,22,83,65,18.3,696,88.82,9.375,104058.2,100,21.54,51,1,0
1/25/2024 4:00,D010,VH010,Hyundai,Creta EV Pro,55,490,1650,135,1,61,0.65,1210.91,101,145,5,7,5,3,Clear,Medium,17,83,61,18,696,88.82,11.857,104119.2,100,21.35,51,1,0
1/25/2024 6:00,D010,VH010,Hyundai,Creta EV Pro,55,490,1650,135,0,32.53,0.4,357.44,97,107,6,2,3,4,Clear,Medium,14,80,67,18,696,88.82,6.777,104151.7,100,21.29,51,1,0
1/25/2024 8:00,D010,VH010,Hyundai,Creta EV Pro,55,490,1650,135,0,15.7,0.34,264.6,71,131,7,6,8,7,Rain,Medium,16,73,67,18,696,88.82,2.996,104167.4,100,21.13,51,1,0
1/25/2024 10:00,D010,VH010,Hyundai,Creta EV Pro,55,490,1650,135,0,18.59,0.21,224.57,89,128,6,3,7,0,Clear,High,23,53,45,18,696,88.82,3.873,104186,100,21.05,51,1,0
1/25/2024 12:00,D010,VH010,Hyundai,Creta EV Pro,55,490,1650,135,0,63.65,0.7,1086.29,98,127,8,5,8,3,Cloudy,Low,25,71,47,19.9,696,88.82,13.184,104249.7,100,20.91,51,1,0
1/25/2024 14:00,D010,VH010,Hyundai,Creta EV Pro,55,490,1650,135,0,23.01,0.39,266.62,88,113,6,4,5,8,Clear,Medium,12,68,59,18,697,88.82,4.793,104272.7,100,20.8,51,1,0
1/25/2024 16:00,D010,VH010,Hyundai,Creta EV Pro,55,490,1650,135,0,38.63,0.45,429.5,90,145,4,3,11,1,Fog,Low,12,60,47,18,697,88.82,6.751,104311.3,100,20.71,51,1,1
1/25/2024 18:00,D010,VH010,Hyundai,Creta EV Pro,55,490,1650,135,0,56.94,0.67,941.4,103,138,3,6,6,7,Rain,High,17,85,66,18,697,88.82,10.104,104368.3,100,20.55,51,1,0
1/25/2024 20:00,D010,VH010,Hyundai,Creta EV Pro,55,490,1650,135,1,160.41,1.37,2051.15,120,149,9,3,3,2,Cloudy,Medium,20,66,10,32.6,697,88.81,30.855,104528.7,100,20.42,51,1,0
1/25/2024 22:00,D010,VH010,Hyundai,Creta EV Pro,55,490,1650,135,0,64.37,0.98,707.71,79,127,9,10,6,10,Clear,Low,23,65,39,22,697,88.81,14.128,104593,100,20.15,52,1,0
1/26/2024 0:00,D010,VH010,Hyundai,Creta EV Pro,55,490,1650,135,1,96.76,1.02,987.26,95,162,7,6,3,0,Clear,Medium,20,75,39,24,697,88.81,19.491,104689.8,100,19.97,52,1,0
1/26/2024 2:00,D010,VH010,Hyundai,Creta EV Pro,55,490,1650,135,1,80.92,0.77,1315.73,105,150,4,4,7,0,Rain,Low,16,64,38,18,697,88.8,13.898,104770.7,100,19.85,52,1,0
1/26/2024 4:00,D010,VH010,Hyundai,Creta EV Pro,55,490,1650,135,1,139.53,1.41,1748.34,104,165,3,6,2,4,Cloudy,Medium,20,68,22,23.3,698,88.8,25.089,104910.3,100,19.66,52,1,1
1/26/2024 6:00,D010,VH010,Hyundai,Creta EV Pro,55,490,1650,135,0,60.43,0.84,631.41,88,136,6,6,6,9,Clear,Medium,17,84,61,20.4,698,88.8,12.589,104970.7,100,19.49,52,1,0
1/26/2024 8:00,D010,VH010,Hyundai,Creta EV Pro,55,490,1650,135,0,38.08,0.59,424.22,66,119,4,5,3,1,Clear,Medium,16,60,46,18,698,88.8,7.65,105008.8,100,19.35,52,1,0
1/26/2024 10:00,D010,VH010,Hyundai,Creta EV Pro,55,490,1650,135,0,17.26,0.35,339.43,88,127,12,4,2,9,Clear,High,19,72,64,18,698,88.8,3.981,105026,100,19.25,52,1,0
1/26/2024 12:00,D010,VH010,Hyundai,Creta EV Pro,55,490,1650,135,1,76.66,1.04,1137.72,76,165,13,9,2,2,Rain,Medium,13,73,45,20,698,88.79,15.361,105102.7,100,19,52,1,0
1/26/2024 14:00,D010,VH010,Hyundai,Creta EV Pro,55,490,1650,135,0,16,0.3,225.52,68,165,7,3,9,4,Clear,Low,20,73,66,18,698,88.79,3.393,105118.7,100,18.92,52,1,0
1/26/2024 16:00,D010,VH010,Hyundai,Creta EV Pro,55,490,1650,135,0,8.94,0.33,113.81,90,127,7,9,8,14,Clear,High,15,60,56,18,698,88.79,1.896,105127.6,100,18.69,52,1,0
1/26/2024 18:00,D010,VH010,Hyundai,Creta EV Pro,55,490,1650,135,0,46.96,0.63,596.18,94,110,4,3,4,8,Cloudy,Medium,21,94,77,18,698,88.79,9.056,105174.6,100,18.6,52,1,0
1/26/2024 20:00,D010,VH010,Hyundai,Creta EV Pro,55,490,1650,135,0,16.08,0.23,242.12,88,138,2,4,2,3,Cloudy,Medium,22,49,43,18,698,88.79,2.986,105190.7,100,18.5,52,1,0
1/26/2024 22:00,D010,VH010,Hyundai,Creta EV Pro,55,490,1650,135,0,26.06,0.36,483.33,79,153,9,6,2,2,Clear,Medium,20,51,40,18,698,88.79,5.72,105216.7,100,18.34,53,1,1
1/27/2024 0:00,D010,VH010,Hyundai,Creta EV Pro,55,490,1650,135,1,171.49,1.56,3059.61,110,141,5,3,5,0,Clear,Medium,18,72,11,35.7,698,88.79,33.333,105388.2,100,18.21,53,1,0
1/27/2024 2:00,D010,VH010,Hyundai,Creta EV Pro,55,490,1650,135,0,52.3,0.66,996.46,100,144,3,9,5,8,Cloudy,High,12,79,61,18,698,88.78,9.899,105440.5,100,17.97,53,1,0
1/27/2024 4:00,D010,VH010,Hyundai,Creta EV Pro,55,490,1650,135,1,76.37,0.8,1454.35,99,165,10,8,4,2,Clear,Medium,24,57,27,24.4,699,88.78,16.193,105516.9,100,17.75,53,1,0
1/27/2024 6:00,D010,VH010,Hyundai,Creta EV Pro,55,490,1650,135,0,18.25,0.25,253.41,119,124,8,3,3,6,Clear,Medium,13,62,54,18,699,88.78,3.938,105535.1,100,17.67,53,1,0
1/27/2024 8:00,D010,VH010,Hyundai,Creta EV Pro,55,490,1650,135,0,62.45,1.01,1171.22,70,122,5,6,6,7,Rain,Low,21,85,64,18.5,699,88.78,11.5,105597.6,100,17.5,53,1,1
1/27/2024 10:00,D010,VH010,Hyundai,Creta EV Pro,55,490,1650,135,0,28.66,0.29,502.16,112,121,7,6,6,2,Cloudy,Medium,19,72,61,18,699,88.78,5.834,105626.2,100,17.34,53,1,0
1/27/2024 12:00,D010,VH010,Hyundai,Creta EV Pro,55,490,1650,135,0,27.97,0.37,324.19,92,136,6,0,4,4,Clear,Medium,14,87,76,18,699,88.78,5.827,105654.2,100,17.33,53,1,0
1/27/2024 14:00,D010,VH010,Hyundai,Creta EV Pro,55,490,1650,135,1,154.35,1.28,1959.56,122,165,5,9,2,1,Fog,Medium,16,73,25,25.2,699,88.77,26.101,105808.6,100,17.06,53,1,0
1/27/2024 16:00,D010,VH010,Hyundai,Creta EV Pro,55,490,1650,135,0,53.54,0.67,915.29,122,145,9,7,8,14,Clear,High,18,81,59,18,699,88.77,11.751,105862.1,100,16.87,53,1,0
1/27/2024 18:00,D010,VH010,Hyundai,Creta EV Pro,55,490,1650,135,0,50.78,1.06,964.72,58,123,8,9,5,11,Clear,Low,17,68,48,18,699,88.77,10.956,105912.9,100,16.63,53,1,1
1/27/2024 20:00,D010,VH010,Hyundai,Creta EV Pro,55,490,1650,135,1,144.02,1.42,1497.03,104,156,4,5,5,2,Clear,Medium,19,72,22,29.7,699,88.77,27.484,106056.9,100,16.46,53,1,0
1/27/2024 22:00,D010,VH010,Hyundai,Creta EV Pro,55,490,1650,135,0,51.64,0.74,935.74,79,121,5,6,3,5,Cloudy,High,21,63,44,18,699,88.76,10.143,106108.5,100,16.3,54,1,0
1/28/2024 0:00,D010,VH010,Hyundai,Creta EV Pro,55,490,1650,135,0,56.67,1.02,800.01,65,116,2,1,5,9,Clear,Low,26,47,27,18,700,88.76,10.962,106165.2,100,16.26,54,1,0
1/28/2024 2:00,D010,VH010,Hyundai,Creta EV Pro,55,490,1650,135,0,36.7,0.48,381.15,119,124,2,5,5,10,Rain,High,19,63,51,18,700,88.76,6.389,106201.9,100,16.12,54,1,0
1/28/2024 4:00,D010,VH010,Hyundai,Creta EV Pro,55,490,1650,135,0,44.08,0.68,541.07,96,106,8,6,2,13,Rain,High,17,75,59,18.3,700,88.76,8.56,106246,100,15.96,54,1,0
1/28/2024 6:00,D010,VH010,Hyundai,Creta EV Pro,55,490,1650,135,1,120.82,0.98,1713.72,127,161,5,7,7,2,Clear,Medium,15,47,10,22.6,700,88.76,21.9725,106366.8,100,15.75,54,1,1
1/28/2024 8:00,D010,VH010,Hyundai,Creta EV Pro,55,490,1650,135,0,58.98,0.77,687.87,88,105,3,4,4,6,Clear,Medium,22,51,29,23,700,88.76,11.628,106425.8,100,15.63,54,1,0
1/28/2024 10:00,D010,VH010,Hyundai,Creta EV Pro,55,490,1650,135,1,111.89,1.08,1859.85,107,157,10,7,7,2,Cloudy,Medium,18,79,37,24.6,700,88.75,22.776,106537.7,100,15.42,54,1,0
1/28/2024 12:00,D010,VH010,Hyundai,Creta EV Pro,55,490,1650,135,0,25.2,0.57,492.48,69,101,7,9,5,12,Cloudy,Medium,22,57,47,18,700,88.75,5.13,106562.9,100,15.19,54,1,0
1/28/2024 14:00,D010,VH010,Hyundai,Creta EV Pro,55,490,1650,135,1,138.06,1.29,2737.52,108,125,3,2,6,1,Clear,Medium,12,62,14,29.5,700,88.75,25.859,106700.9,100,15.1,54,1,0
1/28/2024 16:00,D010,VH010,Hyundai,Creta EV Pro,55,490,1650,135,1,130.15,1.46,2593.64,89,144,5,3,4,0,Clear,Low,13,84,38,26.8,701,88.74,25.297,106831.1,100,14.98,54,1,1
1/28/2024 18:00,D010,VH010,Hyundai,Creta EV Pro,55,490,1650,135,0,64.62,0.97,763.55,70,141,4,7,7,3,Clear,High,17,69,45,18,701,88.74,12.981,106895.7,100,14.79,54,1,0
1/28/2024 20:00,D010,VH010,Hyundai,Creta EV Pro,55,490,1650,135,0,24.12,0.43,401.47,76,118,9,6,4,7,Cloudy,Low,13,54,44,18,701,88.74,5.082,106919.8,100,14.63,54,1,0
1/28/2024 22:00,D010,VH010,Hyundai,Creta EV Pro,55,490,1650,135,0,31.31,0.4,567.87,89,142,4,1,6,3,Clear,Medium,19,86,74,18,701,88.74,6.29,106951.1,100,14.6,55,1,0
1/29/2024 0:00,D010,VH010,Hyundai,Creta EV Pro,55,490,1650,135,0,37.69,0.74,567.17,56,134,8,4,1,4,Clear,High,17,66,51,18,701,88.74,8.132,106988.8,100,14.48,55,1,0
1/29/2024 2:00,D010,VH010,Hyundai,Creta EV Pro,55,490,1650,135,0,17.38,0.38,342.83,67,136,8,7,4,7,Rain,Medium,16,59,52,18,701,88.74,3.375,107006.2,100,14.3,55,1,0
1/29/2024 4:00,D010,VH010,Hyundai,Creta EV Pro,55,490,1650,135,0,28.79,0.59,333.35,77,132,5,3,3,13,Rain,Medium,24,75,65,18,701,88.74,5.301,107035,100,14.22,55,1,0
1/29/2024 6:00,D010,VH010,Hyundai,Creta EV Pro,55,490,1650,135,0,60.69,0.85,898.93,96,158,7,7,11,13,Clear,Medium,22,79,55,20.1,701,88.74,12.869,107095.7,100,14.03,55,1,0
1/29/2024 8:00,D010,VH010,Hyundai,Creta EV Pro,55,490,1650,135,1,55.79,0.5,957.1,116,165,7,9,7,1,Cloudy,Medium,22,69,49,18,701,88.73,10.789,107151.5,100,13.79,55,1,1
1/29/2024 10:00,D010,VH010,Hyundai,Creta EV Pro,55,490,1650,135,1,99.64,0.95,1277.31,111,161,8,2,4,3,Clear,Low,17,72,34,27.6,701,88.73,20.423,107251.1,100,13.71,55,1,0
1/29/2024 12:00,D010,VH010,Hyundai,Creta EV Pro,55,490,1650,135,0,13.47,0.25,209.71,83,134,7,6,6,5,Clear,Medium,19,80,74,18,701,88.73,2.856,107264.6,100,13.55,55,1,0
1/29/2024 14:00,D010,VH010,Hyundai,Creta EV Pro,55,490,1650,135,0,58.33,0.6,739.12,97,127,8,5,5,0,Clear,High,14,66,43,18,701,88.73,12.585,107322.9,100,13.41,55,1,0
1/29/2024 16:00,D010,VH010,Hyundai,Creta EV Pro,55,490,1650,135,0,36.58,0.52,392.82,100,155,7,4,5,9,Clear,Medium,26,65,50,18,701,88.73,7.756,107359.5,100,13.3,55,1,0
1/29/2024 18:00,D010,VH010,Hyundai,Creta EV Pro,55,490,1650,135,1,84.97,0.85,866.48,104,156,8,8,9,2,Fog,Medium,22,56,28,21.8,702,88.73,15.152,107444.5,100,13.07,55,1,0
1/29/2024 20:00,D010,VH010,Hyundai,Creta EV Pro,55,490,1650,135,1,69.56,0.62,1320.87,118,165,3,4,5,2,Clear,Medium,19,77,53,18,702,88.72,13.029,107514,100,12.95,55,1,0
1/29/2024 22:00,D010,VH010,Hyundai,Creta EV Pro,55,490,1650,135,1,164.94,1.79,3198.88,92,142,10,8,8,0,Clear,Low,21,56,10,29.9,702,88.72,26.18,107679,100,12.7,56,1,0
1/30/2024 0:00,D010,VH010,Hyundai,Creta EV Pro,55,490,1650,135,0,12.99,0.19,177.45,76,99,0,6,8,1,Clear,Medium,16,66,61,18,702,88.72,2.416,107692,100,12.55,56,1,1
1/30/2024 2:00,D010,VH010,Hyundai,Creta EV Pro,55,490,1650,135,0,14.18,0.13,211.83,107,148,9,7,7,0,Rain,High,14,70,64,18,702,88.72,2.801,107706.1,100,12.37,56,1,0
1/30/2024 4:00,D010,VH010,Hyundai,Creta EV Pro,55,490,1650,135,0,45.06,0.6,691.77,80,107,6,6,6,2,Clear,Medium,16,53,35,18,702,88.72,9.387,107751.2,100,12.21,56,1,0
1/30/2024 6:00,D010,VH010,Hyundai,Creta EV Pro,55,490,1650,135,0,60.41,1.03,898,73,126,5,4,8,12,Clear,Medium,17,76,53,18,702,88.72,12.36,107811.6,100,12.09,56,1,0
1/30/2024 8:00,D010,VH010,Hyundai,Creta EV Pro,55,490,1650,135,0,63.5,1.01,807.8,63,138,10,4,3,0,Clear,Low,20,86,60,20.4,702,88.71,14.173,107875.1,100,11.97,56,1,0
1/30/2024 10:00,D010,VH010,Hyundai,Creta EV Pro,55,490,1650,135,1,101.01,1.03,1521.35,98,136,7,5,3,0,Clear,Low,27,69,32,25.8,702,88.71,20.347,107976.1,100,11.81,56,1,0
1/30/2024 12:00,D010,VH010,Hyundai,Creta EV Pro,55,490,1650,135,0,59.36,1.3,1021.11,47,125,9,3,7,2,Cloudy,Medium,13,74,51,20.3,703,88.71,12.507,108035.5,100,11.72,56,1,0
1/30/2024 14:00,D010,VH010,Hyundai,Creta EV Pro,55,490,1650,135,0,13.65,0.27,236.54,102,158,10,8,3,8,Rain,Low,17,66,61,18,703,88.71,2.742,108049.1,100,11.52,56,1,1
1/30/2024 16:00,D010,VH010,Hyundai,Creta EV Pro,55,490,1650,135,1,135.44,1.59,1855.11,87,163,5,5,9,2,Fog,Medium,9,66,24,19.5,703,88.7,22.903,108184.6,100,11.35,56,1,0
1/30/2024 18:00,D010,VH010,Hyundai,Creta EV Pro,55,490,1650,135,0,40.22,0.62,636.82,88,116,10,8,5,10,Fog,High,18,53,38,18,703,88.7,7.81,108224.8,100,11.14,56,1,0
1/30/2024 20:00,D010,VH010,Hyundai,Creta EV Pro,55,490,1650,135,0,14.56,0.35,262.98,86,115,11,8,5,11,Rain,Medium,9,71,65,18,703,88.7,2.974,108239.3,100,10.93,56,1,0
1/30/2024 22:00,D010,VH010,Hyundai,Creta EV Pro,55,490,1650,135,0,14.89,0.36,156.63,79,121,7,2,6,10,Clear,Medium,25,73,67,18,703,88.7,3.157,108254.2,100,10.88,57,1,0
1/31/2024 0:00,D010,VH010,Hyundai,Creta EV Pro,55,490,1650,135,0,20.16,0.35,308.91,80,136,9,7,4,6,Rain,Low,17,63,55,18,703,88.7,3.982,108274.4,100,10.7,57,1,0
1/31/2024 2:00,D010,VH010,Hyundai,Creta EV Pro,55,490,1650,135,0,11.41,0.19,167.71,95,125,6,6,9,4,Rain,Medium,17,65,61,18,703,88.7,2.139,108285.8,100,10.55,57,1,0
1/31/2024 4:00,D010,VH010,Hyundai,Creta EV Pro,55,490,1650,135,1,97.56,0.88,1647.95,111,151,5,6,4,0,Fog,Medium,16,73,43,21.4,703,88.7,16.498,108383.4,100,10.37,57,1,0
1/31/2024 6:00,D010,VH010,Hyundai,Creta EV Pro,55,490,1650,135,0,51.56,0.52,997.26,102,130,6,3,8,1,Fog,Medium,27,86,69,18.3,703,88.7,9.345,108434.9,100,10.28,57,1,1
1/31/2024 8:00,D010,VH010,Hyundai,Creta EV Pro,55,490,1650,135,0,39.9,0.49,449.86,87,124,6,4,3,2,Clear,Low,16,54,38,18,703,88.7,8.312,108474.8,100,10.16,57,1,0
1/31/2024 10:00,D010,VH010,Hyundai,Creta EV Pro,55,490,1650,135,1,97.66,1.04,1755.11,97,165,1,5,5,2,Clear,Medium,18,72,39,21.4,703,88.69,17.602,108572.5,100,10.01,57,1,0
1/31/2024 12:00,D010,VH010,Hyundai,Creta EV Pro,55,490,1650,135,0,29.9,0.47,570.78,89,122,6,9,7,8,Fog,High,18,81,71,18,703,88.69,5.419,108602.4,100,10,57,1,0
1/31/2024 14:00,D010,VH010,Hyundai,Creta EV Pro,55,490,1650,135,0,42.7,0.87,721.36,62,100,1,4,5,11,Clear,Medium,19,63,48,18,703,88.69,8.101,108645.1,100,10,57,1,1
1/31/2024 16:00,D010,VH010,Hyundai,Creta EV Pro,55,490,1650,135,0,47.73,0.74,701.57,91,115,10,2,4,13,Rain,Medium,26,76,58,18.3,704,88.69,9.588,108692.8,100,10,57,1,0
1/31/2024 18:00,D010,VH010,Hyundai,Creta EV Pro,55,490,1650,135,1,63.22,0.5,965.22,130,165,4,1,7,1,Cloudy,Low,17,72,50,18,704,88.69,11.582,108756,100,10,57,1,0
1/31/2024 20:00,D010,VH010,Hyundai,Creta EV Pro,55,490,1650,135,0,13.76,0.2,235.13,92,111,7,7,2,3,Cloudy,Low,22,61,55,18,704,88.69,2.801,108769.8,100,10,57,1,0
1/31/2024 22:00,D010,VH010,Hyundai,Creta EV Pro,55,490,1650,135,1,117.91,1.01,1277.9,123,146,5,8,5,3,Rain,Medium,16,54,16,24.5,704,88.68,20.626,108887.7,100,10,58,1,0
2/1/2024 0:00,D010,VH010,Hyundai,Creta EV Pro,55,490,1650,135,0,36.64,0.67,682.4,75,142,9,7,5,11,Clear,Low,12,66,51,18,704,88.68,8.042,108924.3,100,10,58,1,0
2/1/2024 2:00,D010,VH010,Hyundai,Creta EV Pro,55,490,1650,135,0,54.21,0.83,997.12,74,109,5,8,2,6,Rain,Medium,20,61,42,18,704,88.68,9.982,108978.6,100,10,58,1,0
2/1/2024 4:00,D010,VH010,Hyundai,Creta EV Pro,55,490,1650,135,0,24.3,0.29,395.11,89,142,5,8,3,1,Fog,Medium,20,72,64,18,704,88.68,4.325,109002.9,100,10,58,1,0
2/1/2024 6:00,D010,VH010,Hyundai,Creta EV Pro,55,490,1650,135,0,30.55,0.44,468.01,90,134,2,9,7,6,Rain,Medium,21,85,75,18,704,88.68,5.319,109033.4,100,10,58,1,0
2/1/2024 8:00,D010,VH010,Hyundai,Creta EV Pro,55,490,1650,135,0,14.5,0.24,179.78,94,104,9,6,6,5,Rain,High,21,74,68,18,704,88.68,2.864,109047.9,100,10,58,1,1
2/1/2024 10:00,D010,VH010,Hyundai,Creta EV Pro,55,490,1650,135,0,22.55,0.26,349.17,86,138,4,3,8,0,Clear,Medium,12,73,64,18,704,88.68,4.53,109070.5,100,10,58,1,0
2/1/2024 12:00,D010,VH010,Hyundai,Creta EV Pro,55,490,1650,135,0,8.74,0.31,144.15,81,117,7,7,7,12,Rain,Low,21,78,74,18,704,88.68,1.668,109079.2,100,10,58,1,0
2/1/2024 14:00,D010,VH010,Hyundai,Creta EV Pro,55,490,1650,135,0,38.67,0.61,638.38,78,128,5,6,5,7,Rain,Low,18,88,75,18,704,88.68,7.121,109117.9,100,10,58,1,0
2/1/2024 16:00,D010,VH010,Hyundai,Creta EV Pro,55,490,1650,135,0,50.31,0.91,788.96,68,118,8,6,3,10,Fog,High,25,61,43,18.7,704,88.68,9.444,109168.2,100,10,58,1,0
2/1/2024 18:00,D010,VH010,Hyundai,Creta EV Pro,55,490,1650,135,0,21.33,0.4,238.51,75,110,6,9,7,7,Rain,High,17,59,51,18,704,88.68,3.999,109189.5,100,10,58,1,0
2/1/2024 20:00,D010,VH010,Hyundai,Creta EV Pro,55,490,1650,135,1,164.74,1.28,2342.43,129,165,9,8,6,0,Cloudy,Medium,19,83,23,33.5,705,88.67,32.975,109354.2,100,10,58,1,0
2/1/2024 22:00,D010,VH010,Hyundai,Creta EV Pro,55,490,1650,135,0,30.61,0.52,551.99,82,145,10,4,3,9,Clear,Low,19,57,44,18,705,88.67,6.832,109384.9,100,10,59,1,0
2/2/2024 0:00,D010,VH010,Hyundai,Creta EV Pro,55,490,1650,135,0,64.97,0.77,1013.9,94,102,9,4,3,5,Rain,Low,22,77,53,23.4,705,88.67,12.834,109449.8,100,10,59,1,0
2/2/2024 2:00,D010,VH010,Hyundai,Creta EV Pro,55,490,1650,135,0,47.84,0.76,721.72,83,140,3,3,9,11,Cloudy,Medium,17,58,41,18,705,88.67,9.055,109497.7,100,10,59,1,1
2/2/2024 4:00,D010,VH010,Hyundai,Creta EV Pro,55,490,1650,135,0,47.58,0.63,885.19,90,127,9,5,4,6,Clear,Medium,15,53,34,18,705,88.67,10.443,109545.2,100,10,59,1,0
2/2/2024 6:00,D010,VH010,Hyundai,Creta EV Pro,55,490,1650,135,1,101.9,1.15,1954.93,93,163,4,4,6,3,Clear,Medium,19,67,31,25.2,705,88.66,19.446,109647.1,100,10,59,1,0
2/2/2024 8:00,D010,VH010,Hyundai,Creta EV Pro,55,490,1650,135,1,61.47,0.59,1218.17,105,137,2,2,7,0,Fog,Low,19,73,55,18,705,88.66,9.828,109708.6,100,10,59,1,0
2/2/2024 10:00,D010,VH010,Hyundai,Creta EV Pro,55,490,1650,135,0,51.61,0.89,995.47,77,127,11,3,6,13,Clear,Medium,18,52,30,18,705,88.66,11.711,109760.2,100,10,59,1,0
2/2/2024 12:00,D010,VH010,Hyundai,Creta EV Pro,55,490,1650,135,0,47.45,0.54,810.58,104,129,7,3,2,5,Clear,Medium,23,58,39,18,705,88.66,10.061,109807.7,100,10,59,1,0
2/2/2024 14:00,D010,VH010,Hyundai,Creta EV Pro,55,490,1650,135,0,18.36,0.34,241.48,72,130,5,5,2,5,Clear,Low,20,73,66,18,705,88.66,3.756,109826,100,10,59,1,0
2/2/2024 16:00,D010,VH010,Hyundai,Creta EV Pro,55,490,1650,135,0,51.68,0.74,780.74,75,141,10,6,6,3,Rain,Medium,17,73,54,18,705,88.66,10.381,109877.7,100,10,59,1,0
2/2/2024 18:00,D010,VH010,Hyundai,Creta EV Pro,55,490,1650,135,0,14.25,0.14,166.69,99,150,2,5,3,0,Fog,Medium,20,72,67,18,705,88.66,2.398,109892,100,10,59,1,1
2/2/2024 20:00,D010,VH010,Hyundai,Creta EV Pro,55,490,1650,135,0,41.73,0.81,461.7,62,151,7,9,4,8,Fog,Medium,15,72,58,18,705,88.65,7.698,109933.7,100,10,59,1,0
2/2/2024 22:00,D010,VH010,Hyundai,Creta EV Pro,55,490,1650,135,0,18.02,0.3,230.63,82,136,6,6,3,5,Fog,Low,16,51,45,18,705,88.65,3.266,109951.7,100,10,60,1,0
2/3/2024 0:00,D010,VH010,Hyundai,Creta EV Pro,55,490,1650,135,0,51.86,0.64,653.72,90,139,5,4,7,4,Rain,High,22,53,35,18,706,88.65,9.55,110003.6,100,10,60,1,0
2/3/2024 2:00,D010,VH010,Hyundai,Creta EV Pro,55,490,1650,135,0,57.27,0.87,714.37,84,123,7,2,5,11,Clear,Medium,23,73,50,20.8,706,88.65,12.144,110060.8,100,10,60,1,0
2/3/2024 4:00,D010,VH010,Hyundai,Creta EV Pro,55,490,1650,135,0,62,0.76,965.72,91,115,5,5,7,5,Fog,Medium,16,83,62,18,706,88.65,11.036,110122.8,100,10,60,1,0
2/3/2024 6:00,D010,VH010,Hyundai,Creta EV Pro,55,490,1650,135,1,147.81,1.16,2352.65,127,134,3,6,5,0,Fog,Medium,22,62,18,27.9,706,88.65,24.086,110270.7,100,10,60,1,0
2/3/2024 8:00,D010,VH010,Hyundai,Creta EV Pro,55,490,1650,135,0,24.42,0.25,408.73,98,130,5,3,5,0,Fog,Low,22,66,58,18,706,88.64,4.347,110295.1,100,10,60,1,1
2/3/2024 10:00,D010,VH010,Hyundai,Creta EV Pro,55,490,1650,135,0,45.86,0.76,839.62,69,136,3,5,5,6,Rain,High,18,53,38,18,706,88.64,8.138,110340.9,100,10,60,1,0
2/3/2024 12:00,D010,VH010,Hyundai,Creta EV Pro,55,490,1650,135,0,20.57,0.45,307.28,68,117,8,3,6,9,Rain,Medium,21,90,82,18,706,88.64,3.994,110361.5,100,10,60,1,0
2/3/2024 14:00,D010,VH010,Hyundai,Creta EV Pro,55,490,1650,135,1,160.49,1.29,2866.81,124,148,4,6,2,0,Clear,Low,18,74,18,30.9,706,88.64,30.627,110522,100,10,60,1,0
2/3/2024 16:00,D010,VH010,Hyundai,Creta EV Pro,55,490,1650,135,0,55.74,0.92,731.28,71,84,2,8,7,8,Clear,Medium,22,64,44,22.8,706,88.64,10.782,110577.7,100,10,60,1,0
2/3/2024 18:00,D010,VH010,Hyundai,Creta EV Pro,55,490,1650,135,0,55.58,0.73,1030.56,90,105,4,2,3,7,Clear,Low,15,81,60,18,707,88.63,11.165,110633.3,100,10,60,1,0
2/3/2024 20:00,D010,VH010,Hyundai,Creta EV Pro,55,490,1650,135,0,10.21,0.16,138.45,93,109,7,4,5,3,Fog,Medium,16,64,60,18,707,88.63,1.883,110643.5,100,10,60,1,0
2/3/2024 22:00,D010,VH010,Hyundai,Creta EV Pro,55,490,1650,135,1,129.16,1.4,2167.35,96,139,6,6,4,3,Clear,Low,17,56,10,30.6,707,88.63,25.561,110772.7,100,10,61,1,0
2/4/2024 0:00,D010,VH010,Hyundai,Creta EV Pro,55,490,1650,135,0,31.99,0.53,475.1,74,138,7,5,6,6,Clear,Low,18,77,64,18,707,88.63,6.783,110804.7,100,10,61,1,1
2/4/2024 2:00,D010,VH010,Hyundai,Creta EV Pro,55,490,1650,135,0,43.17,0.97,502.37,56,117,7,7,2,12,Rain,Medium,18,85,70,18,707,88.63,8.238,110847.9,100,10,61,1,0
2/4/2024 4:00,D010,VH010,Hyundai,Creta EV Pro,55,490,1650,135,0,51.69,0.62,855.4,110,121,11,5,3,9,Clear,Medium,28,55,33,21.3,707,88.63,11.729,110899.5,100,10,61,1,0
2/4/2024 6:00,D010,VH010,Hyundai,Creta EV Pro,55,490,1650,135,0,49.3,0.78,662.51,68,109,8,8,3,3,Rain,High,13,47,29,18,707,88.63,9.573,110948.8,100,10,61,1,0
2/4/2024 8:00,D010,VH010,Hyundai,Creta EV Pro,55,490,1650,135,0,45.64,0.58,631.02,91,140,6,5,5,5,Fog,Medium,23,42,26,18,707,88.62,8.272,110994.5,100,10,61,1,0
2/4/2024 10:00,D010,VH010,Hyundai,Creta EV Pro,55,490,1650,135,1,104,1.21,1570.35,86,124,7,8,5,0,Cloudy,Medium,23,58,21,26.3,707,88.62,20.112,111098.5,100,10,61,1,0
2/4/2024 12:00,D010,VH010,Hyundai,Creta EV Pro,55,490,1650,135,0,41.64,0.46,623.56,107,157,11,5,2,4,Fog,Medium,20,69,54,18,707,88.62,8.221,111140.1,100,10,61,1,0
2/4/2024 14:00,D010,VH010,Hyundai,Creta EV Pro,55,490,1650,135,1,148.41,1.43,2451.77,105,143,3,7,5,1,Rain,Low,18,69,23,27,708,88.62,25.018,111288.5,100,10,61,1,0
2/4/2024 16:00,D010,VH010,Hyundai,Creta EV Pro,55,490,1650,135,0,35.5,0.46,640.44,95,112,9,9,2,5,Clear,Low,23,69,54,18,708,88.61,7.792,111324,100,10,61,1,1
2/4/2024 18:00,D010,VH010,Hyundai,Creta EV Pro,55,490,1650,135,1,77.1,0.73,1071.98,110,164,9,3,6,2,Clear,Low,17,68,38,20.8,708,88.61,16.076,111401.1,100,10,61,1,0
2/4/2024 20:00,D010,VH010,Hyundai,Creta EV Pro,55,490,1650,135,0,29.13,0.59,365.05,77,103,7,4,4,13,Cloudy,Low,20,60,49,18,708,88.61,5.93,111430.3,100,10,61,1,0
2/4/2024 22:00,D010,VH010,Hyundai,Creta EV Pro,55,490,1650,135,1,152.11,1.39,2051.09,112,141,7,7,6,2,Fog,Medium,19,83,34,28.3,708,88.61,26.657,111582.4,100,10,62,1,0
2/5/2024 0:00,D010,VH010,Hyundai,Creta EV Pro,55,490,1650,135,0,24.88,0.35,471.36,99,135,2,7,8,6,Clear,High,21,60,51,18,708,88.61,4.813,111607.3,100,10,62,1,0
2/5/2024 2:00,D010,VH010,Hyundai,Creta EV Pro,55,490,1650,135,1,174.65,1.55,2503.47,113,139,6,8,2,0,Cloudy,Medium,20,70,10,33.3,708,88.6,32.725,111781.9,100,10,62,1,1
2/5/2024 4:00,D010,VH010,Hyundai,Creta EV Pro,55,490,1650,135,0,63.45,0.95,1027.85,83,135,4,5,4,11,Rain,High,19,85,64,18,708,88.6,11.471,111845.4,100,10,62,1,0
2/5/2024 6:00,D010,VH010,Hyundai,Creta EV Pro,55,490,1650,135,1,165.08,1.7,3039.86,97,151,5,10,9,0,Clear,Medium,16,94,35,32.4,709,88.6,32.087,112010.4,100,10,62,1,0
2/5/2024 8:00,D010,VH010,Hyundai,Creta EV Pro,55,490,1650,135,1,65.83,0.56,728.89,130,151,6,3,5,3,Rain,Medium,15,61,39,18,709,88.59,11.725,112076.3,100,10,62,1,0
2/5/2024 10:00,D010,VH010,Hyundai,Creta EV Pro,55,490,1650,135,1,169.62,1.75,2542.78,99,152,13,3,5,2,Fog,Medium,14,81,21,32,709,88.59,32.855,112245.9,100,10,62,1,1
2/5/2024 12:00,D010,VH010,Hyundai,Creta EV Pro,55,490,1650,135,0,52.62,0.75,867.94,90,130,9,8,6,10,Fog,Medium,24,86,67,19.4,709,88.59,10.048,112298.5,100,10,62,1,0
2/5/2024 14:00,D010,VH010,Hyundai,Creta EV Pro,55,490,1650,135,0,55.77,0.66,784.42,92,139,6,6,7,3,Rain,High,22,82,62,18,709,88.59,10.456,112354.3,100,10,62,1,0
2/5/2024 16:00,D010,VH010,Hyundai,Creta EV Pro,55,490,1650,135,0,55.31,0.66,559.28,111,143,4,4,4,10,Rain,Low,21,82,63,19,709,88.58,10,112409.6,100,10,62,1,0
2/5/2024 18:00,D010,VH010,Hyundai,Creta EV Pro,55,490,1650,135,0,46.2,0.52,645.02,99,104,8,7,10,3,Fog,Medium,27,56,40,18.5,709,88.58,8.672,112455.8,100,10,62,1,0
2/5/2024 20:00,D010,VH010,Hyundai,Creta EV Pro,55,490,1650,135,0,57.37,0.64,879.93,98,112,6,1,4,3,Fog,High,22,79,60,18,709,88.58,10.398,112513.2,100,10,62,1,0
2/5/2024 22:00,D010,VH010,Hyundai,Creta EV Pro,55,490,1650,135,0,24.36,0.52,407.62,65,142,7,3,4,9,Clear,Medium,21,89,79,18,709,88.58,5.165,112537.5,100,10,63,1,0
2/6/2024 0:00,D010,VH010,Hyundai,Creta EV Pro,55,490,1650,135,0,37.42,0.6,632.63,77,120,3,4,5,7,Fog,Medium,20,49,37,18,710,88.58,6.419,112574.9,100,10,63,1,0
2/6/2024 2:00,D010,VH010,Hyundai,Creta EV Pro,55,490,1650,135,1,68.64,0.69,1242.9,105,136,8,2,2,2,Clear,Low,20,57,31,19,710,88.58,14.069,112643.6,100,10,63,1,0
2/6/2024 4:00,D010,VH010,Hyundai,Creta EV Pro,55,490,1650,135,1,174.86,1.59,3472.23,111,163,7,7,9,1,Rain,Medium,19,80,22,33.9,710,88.57,31.701,112818.4,100,10,63,1,1
2/6/2024 6:00,D010,VH010,Hyundai,Creta EV Pro,55,490,1650,135,0,60.28,0.76,1063.23,107,140,5,3,5,12,Fog,Medium,18,79,59,18,710,88.57,10.73,112878.7,100,10,63,1,0
2/6/2024 8:00,D010,VH010,Hyundai,Creta EV Pro,55,490,1650,135,1,74.68,0.73,1091.5,103,152,6,3,2,0,Clear,Low,19,75,48,21.9,710,88.57,14.779,112953.4,100,10,63,1,0
2/6/2024 10:00,D010,VH010,Hyundai,Creta EV Pro,55,490,1650,135,0,44.25,0.78,636.34,57,121,6,8,3,0,Rain,Medium,23,77,61,18,710,88.57,8.296,112997.6,100,10,63,1,0
2/6/2024 12:00,D010,VH010,Hyundai,Creta EV Pro,55,490,1650,135,0,60.37,1.09,1083.25,61,111,4,4,5,6,Clear,Medium,23,82,59,21.9,710,88.57,12.127,113058,100,10,63,1,0
2/6/2024 14:00,D010,VH010,Hyundai,Creta EV Pro,55,490,1650,135,0,15.81,0.32,251.42,84,127,8,13,8,8,Clear,High,16,51,44,18,710,88.57,3.411,113073.8,100,10,63,1,1
2/6/2024 16:00,D010,VH010,Hyundai,Creta EV Pro,55,490,1650,135,0,20.88,0.62,411.95,65,138,6,10,1,18,Clear,Medium,11,91,83,18,710,88.56,4.35,113094.7,100,10,63,1,0
2/6/2024 18:00,D010,VH010,Hyundai,Creta EV Pro,55,490,1650,135,0,64.84,0.96,825.32,71,130,3,4,5,3,Rain,Medium,21,56,35,18,710,88.56,11.505,113159.5,100,10,63,1,0
2/6/2024 20:00,D010,VH010,Hyundai,Creta EV Pro,55,490,1650,135,0,47.84,0.48,825.51,99,122,8,6,10,0,Fog,Low,22,71,54,18,711,88.56,8.98,113207.4,100,10,63,1,0
2/6/2024 22:00,D010,VH010,Hyundai,Creta EV Pro,55,490,1650,135,0,48.43,1.05,675.9,50,147,7,5,1,5,Fog,Medium,20,73,56,18.5,711,88.56,8.934,113255.8,100,10,64,1,0
2/7/2024 0:00,D010,VH010,Hyundai,Creta EV Pro,55,490,1650,135,0,36.4,0.47,668.76,104,140,3,4,11,7,Rain,Medium,18,49,37,18,711,88.56,6.459,113292.2,100,10,64,1,0
2/7/2024 2:00,D010,VH010,Hyundai,Creta EV Pro,55,490,1650,135,0,51.56,0.57,665.41,93,156,10,8,7,1,Fog,Low,14,84,65,18,711,88.56,10.012,113343.8,100,10,64,1,0
2/7/2024 4:00,D010,VH010,Hyundai,Creta EV Pro,55,490,1650,135,1,159.32,1.5,1612.92,110,144,4,4,7,3,Rain,Medium,18,79,29,30,711,88.55,27.364,113503.1,100,10,64,1,1
2/7/2024 6:00,D010,VH010,Hyundai,Creta EV Pro,55,490,1650,135,1,127.67,1.1,2460.27,120,157,4,1,5,2,Clear,Medium,19,70,25,27.9,711,88.55,24.364,113630.8,100,10,64,1,0
2/7/2024 8:00,D010,VH010,Hyundai,Creta EV Pro,55,490,1650,135,1,120.28,0.96,1328.59,128,152,7,11,14,1,Clear,Medium,27,59,14,29.1,711,88.55,24.229,113751,100,10,64,1,0
2/7/2024 10:00,D010,VH010,Hyundai,Creta EV Pro,55,490,1650,135,1,177.05,1.77,2952.76,100,142,4,2,1,0,Rain,Medium,26,64,10,35,712,88.54,29.92,113928.1,100,10,64,1,0
2/7/2024 12:00,D005,VH005,Tata,Curvv EV,55,585,1500,123,0,27.92,0.79,377.06,49,106,3,1,3,13,Clear,Medium,16,60,52,18,1036,94.34,4.38,148475.6,100,14.78,46,1,1
2/7/2024 12:00,D007,VH007,Hyundai,Kona EV,39.2,452,1685,100,1,121.61,1.25,1685.92,101,137,3,1,0,3,Rain,Medium,20,54,10,23.2,866,81.77,17.083,132134.2,100,23.48,64,1,0
2/7/2024 12:00,D002,VH002,Volkswagen,ID.4 Pro,82,550,2200,150,0,37.25,1.16,380.08,48,82,0,1,0,23,Clear,Medium,22,74,66,18,633,89.06,6.035,58283.6,44.99,75.4,79,1,1
2/7/2024 12:00,D003,VH003,Volkswagen,ID.5,82,530,2200,174,1,151.96,2.51,1547.97,64,115,0,2,0,8,Clear,Low,23,71,42,31.5,472,79.98,23.387,42052.1,34.07,81.7,61,1,1
2/7/2024 14:00,D005,VH005,Tata,Curvv EV,55,585,1500,123,0,33.26,1.03,500.49,56,119,3,1,2,26,Clear,Low,20,61,51,18,1036,94.33,5.218,148508.8,100,14.74,46,1,0
2/7/2024 12:00,D001,VH001,Volkswagen,ID.4,77,520,2100,150,0,49.21,1.74,642.66,42,73,0,2,2,34,Clear,Low,23,64,53,18,629,82.14,7.972,43914.8,34.11,81.77,98,1,1
2/7/2024 16:00,D005,VH005,Tata,Curvv EV,55,585,1500,123,0,57.72,1.09,1056.14,84,103,0,4,4,24,Clear,High,21,77,61,18,1036,94.33,8.543,148566.6,100,14.61,46,1,0
2/7/2024 14:00,D002,VH002,Volkswagen,ID.4 Pro,82,550,2200,150,1,172.96,2.34,2366.92,76,118,0,1,1,4,Clear,Low,25,56,23,29.4,633,89.06,26.619,58456.5,45.09,75.36,79,1,1
2/7/2024 12:00,D004,VH004,Tata,Nexon EV,40.5,465,1400,95,1,142.45,1.68,2766.96,90,131,0,1,2,6,Clear,Medium,14,91,41,23.9,429,94.97,20.028,63581.2,69.91,59.66,210,1,1
2/7/2024 18:00,D005,VH005,Tata,Curvv EV,55,585,1500,123,0,11.67,0.45,214.88,76,103,5,1,1,18,Cloudy,Medium,21,58,54,18,1036,94.33,1.824,148578.2,100,14.58,46,1,0
2/7/2024 12:00,D010,VH010,Hyundai,Creta EV Pro,55,490,1650,135,0,22.21,0.32,267.43,69,128,4,4,3,0,Clear,Medium,17,62,53,18,712,88.54,4.462,113950.3,100,10,64,1,1
2/7/2024 14:00,D010,VH010,Hyundai,Creta EV Pro,55,490,1650,135,0,55.88,0.79,818.16,71,126,0,9,4,0,Clear,Low,16,67,48,18,712,88.54,10.394,114006.2,100,10,64,1,0
2/7/2024 16:00,D002,VH002,Volkswagen,ID.4 Pro,82,550,2200,150,1,178.29,3.11,2680.31,59,122,0,0,0,5,Clear,Medium,17,78,44,33.3,633,89.06,27.439,58634.8,45.15,75.34,79,1,1
2/7/2024 12:00,D008,VH008,Hyundai,Kona Long Range,64,484,1750,150,0,40.15,0.7,509.12,92,102,6,4,3,16,Fog,Low,15,75,63,18,735,94.98,7.277,71772.3,100,21.75,194,1,1
2/7/2024 14:00,D008,VH008,Hyundai,Kona Long Range,64,484,1750,150,0,24.41,0.33,430.13,87,138,8,5,4,3,Clear,Low,24,61,52,18,735,94.98,5.267,71796.7,100,21.62,194,1,0
2/7/2024 18:00,D002,VH002,Volkswagen,ID.4 Pro,82,550,2200,150,1,156.32,2.49,1918.15,66,122,0,0,1,7,Cloudy,Low,19,75,46,23.6,633,89.06,23.095,58791.2,45.21,75.32,79,1,1
2/7/2024 12:00,D006,VH006,Tata,Punch EV,35,421,1250,90,1,115.42,1.35,2267.53,90,121,0,2,5,4,Clear,Medium,17,84,37,19.8,851,96.34,16.228,63137.2,69.12,60.18,188,1,1
2/7/2024 20:00,D002,VH002,Volkswagen,ID.4 Pro,82,550,2200,150,0,19.68,0.96,215.06,40,72,0,0,0,28,Clear,Medium,23,63,59,18,633,89.06,3.188,58810.8,45.21,75.31,79,1,1
2/7/2024 14:00,D001,VH001,Volkswagen,ID.4,77,520,2100,150,0,45.56,1.49,872.02,58,93,0,0,2,42,Clear,Medium,25,56,46,18,629,82.14,7.381,43960.3,34.13,81.76,98,1,1
2/7/2024 20:00,D005,VH005,Tata,Curvv EV,55,585,1500,123,0,41.57,0.74,586.05,73,88,0,4,0,10,Cloudy,High,16,69,58,18,1036,94.33,5.906,148619.8,100,14.46,46,1,1
2/7/2024 14:00,D003,VH003,Volkswagen,ID.5,82,530,2200,174,0,20.86,0.88,215.84,53,97,0,1,0,29,Clear,Medium,22,78,73,18,472,79.98,3.379,42072.9,34.11,81.67,61,1,1
2/7/2024 22:00,D002,VH002,Volkswagen,ID.4 Pro,82,550,2200,150,0,63.53,2.01,943.57,39,85,0,0,1,23,Rain,Medium,23,60,48,18,633,89.06,9.263,58874.4,45.23,75.31,79,1,1
2/8/2024 0:00,D002,VH002,Volkswagen,ID.4 Pro,82,550,2200,150,0,41.91,1.06,559.61,54,66,0,0,1,17,Rain,High,24,73,65,18,633,89.06,6.11,58916.3,45.25,75.3,80,1,1
2/7/2024 14:00,D006,VH006,Tata,Punch EV,35,421,1250,90,0,41.45,0.88,787.01,70,103,0,4,1,17,Clear,Medium,22,77,59,18,851,96.34,6.135,63178.6,69.3,60.08,188,1,1
2/7/2024 16:00,D006,VH006,Tata,Punch EV,35,421,1250,90,0,55.21,1.04,1073.58,57,97,0,5,1,4,Clear,Medium,19,71,47,18,851,96.34,8.171,63233.9,69.52,59.95,188,1,1
2/7/2024 22:00,D005,VH005,Tata,Curvv EV,55,585,1500,123,0,63.1,1.13,749.74,62,118,0,7,3,7,Clear,High,13,56,39,18,1036,94.33,9.339,148682.9,100,14.26,47,1,1
2/7/2024 14:00,D004,VH004,Tata,Nexon EV,40.5,465,1400,95,0,46.73,1.27,763.43,49,101,1,0,4,19,Fog,Medium,19,54,38,18,429,94.97,6.137,63627.9,69.93,59.65,210,1,1
2/7/2024 16:00,D003,VH003,Volkswagen,ID.5,82,530,2200,174,0,31.26,1,516.94,48,82,0,0,2,21,Clear,Medium,17,76,69,18,472,79.98,5.064,42104.2,34.12,81.67,61,1,1
2/7/2024 12:00,D009,VH009,Hyundai,Creta EV,51.4,473,1600,126,1,76.57,0.7,1294.69,110,123,8,5,6,0,Clear,Low,25,85,54,21,1039,84.63,15.695,144509.9,100,10,113,1,1
2/7/2024 18:00,D006,VH006,Tata,Punch EV,35,421,1250,90,1,131.58,1.36,2231.38,98,143,0,0,1,1,Rain,Medium,18,77,29,24.7,851,96.34,16.65,63365.4,69.56,59.93,188,1,1
2/7/2024 18:00,D003,VH003,Volkswagen,ID.5,82,530,2200,174,1,57.82,0.95,825.21,68,121,0,0,0,6,Clear,Low,15,85,74,18,472,79.98,8.898,42162,34.15,81.66,61,1,1
2/8/2024 0:00,D005,VH005,Tata,Curvv EV,55,585,1500,123,0,33.12,0.83,472.76,72,105,2,2,1,22,Cloudy,Medium,22,68,59,18,1036,94.33,4.894,148716,100,14.19,47,1,1
2/7/2024 16:00,D001,VH001,Volkswagen,ID.4,77,520,2100,150,0,14.34,0.7,201.42,53,88,0,0,0,26,Clear,Medium,17,71,67,18,629,82.14,2.323,43974.7,34.13,81.76,98,1,1
2/7/2024 14:00,D007,VH007,Hyundai,Kona EV,39.2,452,1685,100,1,74.05,0.85,1219.63,94,122,3,1,1,4,Clear,Medium,19,85,55,18,866,81.76,11.558,132208.2,100,23.42,64,1,1
2/8/2024 2:00,D005,VH005,Tata,Curvv EV,55,585,1500,123,1,85.54,1.29,1022.83,72,132,1,1,2,6,Clear,Medium,22,50,27,22.3,1036,94.32,12.267,148801.6,100,14.12,47,1,0
2/8/2024 2:00,D002,VH002,Volkswagen,ID.4 Pro,82,550,2200,150,1,162.54,2.86,2137.66,60,100,0,1,1,9,Clear,Medium,21,63,32,28.2,633,89.06,25.015,59078.8,45.35,75.26,80,1,1
2/7/2024 14:00,D009,VH009,Hyundai,Creta EV,51.4,473,1600,126,1,85.55,0.89,1220.32,100,152,7,6,6,2,Clear,Low,16,69,35,23,1039,84.63,17.233,144595.5,100,10,113,1,0
2/7/2024 18:00,D001,VH001,Volkswagen,ID.4,77,520,2100,150,0,29.82,1.4,536.31,40,89,0,1,0,39,Rain,Low,20,71,65,18,629,82.14,4.348,44004.5,34.18,81.73,98,1,1
2/7/2024 16:00,D004,VH004,Tata,Nexon EV,40.5,465,1400,95,1,137.17,1.81,1553.04,78,135,3,4,1,3,Cloudy,Low,22,59,10,25,429,94.97,19.626,63765.1,70.14,59.54,210,1,1
2/7/2024 20:00,D001,VH001,Volkswagen,ID.4,77,520,2100,150,0,38.16,1.14,455.51,55,93,0,1,1,27,Clear,Medium,15,75,66,18,629,82.14,6.182,44042.6,34.24,81.7,98,1,1
2/7/2024 18:00,D004,VH004,Tata,Nexon EV,40.5,465,1400,95,1,147.31,2.07,2308.28,73,128,0,1,4,3,Clear,Low,17,72,20,21.2,430,94.97,20.712,63912.4,70.23,59.49,210,1,1
2/7/2024 16:00,D010,VH010,Hyundai,Creta EV Pro,55,490,1650,135,0,41.78,0.4,665.43,105,111,11,9,2,0,Clear,Low,19,48,30,18,712,88.54,9.481,114048,100,10,64,1,1
2/7/2024 20:00,D006,VH006,Tata,Punch EV,35,421,1250,90,1,76.5,0.98,1299.28,87,150,2,2,3,6,Cloudy,Medium,19,67,36,18,851,96.34,10.739,63441.9,69.67,59.87,188,1,1
2/7/2024 20:00,D003,VH003,Volkswagen,ID.5,82,530,2200,174,0,64.84,2.16,893.43,41,75,0,0,1,35,Clear,Medium,22,57,44,18,473,79.98,10.504,42226.9,34.17,81.65,61,1,1
2/7/2024 20:00,D004,VH004,Tata,Nexon EV,40.5,465,1400,95,1,137.83,1.85,1671.23,78,119,1,1,3,5,Rain,Medium,13,64,20,24.1,430,94.97,17.79,64050.2,70.32,59.45,210,1,1
2/7/2024 18:00,D010,VH010,Hyundai,Creta EV Pro,55,490,1650,135,0,11.43,0.12,170.99,97,123,3,4,8,0,Rain,High,28,86,82,18,712,88.54,2.028,114059.4,100,10,64,1,0
2/7/2024 22:00,D001,VH001,Volkswagen,ID.4,77,520,2100,150,0,61.67,1.73,985.68,44,86,0,0,0,20,Rain,Medium,15,75,63,18,629,82.14,8.991,44104.3,34.26,81.69,98,1,1
2/8/2024 4:00,D002,VH002,Volkswagen,ID.4 Pro,82,550,2200,150,1,140.21,1.9,1925.87,77,100,0,1,0,5,Clear,Medium,20,85,58,25.4,634,89.05,21.578,59219,45.44,75.22,80,1,1
2/8/2024 6:00,D002,VH002,Volkswagen,ID.4 Pro,82,550,2200,150,0,39.53,1.56,466.97,38,80,0,0,1,31,Cloudy,High,15,52,44,18,634,89.05,6.148,59258.6,45.45,75.21,80,1,1
2/7/2024 16:00,D009,VH009,Hyundai,Creta EV,51.4,473,1600,126,1,142.01,1.13,2445.19,128,141,2,2,6,1,Clear,Medium,23,49,10,27.3,1039,84.62,21.4081,144737.5,100,10,113,1,1
2/8/2024 8:00,D002,VH002,Volkswagen,ID.4 Pro,82,550,2200,150,1,97.01,1.3,1795.33,82,100,0,2,0,7,Clear,Low,19,69,50,22.4,634,89.05,14.93,59355.6,45.56,75.15,80,1,1
2/7/2024 16:00,D008,VH008,Hyundai,Kona Long Range,64,484,1750,150,0,18.53,0.28,238.79,74,105,8,4,6,2,Clear,High,22,59,52,18,735,94.98,3.998,71815.2,100,21.52,194,1,1
2/7/2024 18:00,D009,VH009,Hyundai,Creta EV,51.4,473,1600,126,0,23.61,0.38,309,88,110,5,9,6,7,Rain,Medium,18,82,73,18,1039,84.62,4.348,144761.1,100,10,113,1,0
2/7/2024 22:00,D004,VH004,Tata,Nexon EV,40.5,465,1400,95,1,70.89,0.89,1206.85,88,143,2,3,1,5,Clear,Medium,19,83,57,18,430,94.97,10.366,64121.1,70.46,59.37,211,1,1
2/7/2024 16:00,D007,VH007,Hyundai,Kona EV,39.2,452,1685,100,1,160.63,2.06,1730.75,80,119,2,2,1,3,Fog,Medium,24,76,21,30.2,866,81.76,21.401,132368.9,100,23.3,64,1,0
2/8/2024 0:00,D004,VH004,Tata,Nexon EV,40.5,465,1400,95,0,43.24,1.07,583.2,70,95,0,1,2,27,Rain,Medium,24,55,40,18,430,94.96,5.76,64164.4,70.52,59.34,211,1,1
2/8/2024 10:00,D002,VH002,Volkswagen,ID.4 Pro,82,550,2200,150,0,14.54,0.62,154.1,54,96,0,0,1,21,Clear,High,24,57,54,18,634,89.05,2.355,59370.1,45.57,75.15,80,1,1
2/7/2024 20:00,D010,VH010,Hyundai,Creta EV Pro,55,490,1650,135,0,29.09,0.43,314.88,87,126,8,5,3,6,Clear,Low,19,77,65,18,712,88.54,6.276,114088.5,100,10,64,1,1
2/7/2024 22:00,D010,VH010,Hyundai,Creta EV Pro,55,490,1650,135,0,15.36,0.27,166.17,89,144,4,4,3,6,Cloudy,Low,26,79,73,18,712,88.54,2.962,114103.8,100,10,65,1,0
2/8/2024 4:00,D005,VH005,Tata,Curvv EV,55,585,1500,123,0,21.05,0.62,289.64,65,115,1,3,1,18,Rain,High,16,74,68,18,1036,94.32,2.86,148822.6,100,14.04,47,1,1
2/7/2024 22:00,D006,VH006,Tata,Punch EV,35,421,1250,90,1,128.41,1.4,1872.68,96,138,0,4,3,4,Clear,Medium,23,76,24,25.1,851,96.34,18.054,63570.3,69.87,59.76,189,1,1
2/7/2024 22:00,D003,VH003,Volkswagen,ID.5,82,530,2200,174,0,40.98,2.07,785.58,24,89,0,2,0,22,Rain,Low,17,80,72,18,473,79.98,5.975,42267.8,34.26,81.6,62,1,1
2/8/2024 0:00,D010,VH010,Hyundai,Creta EV Pro,55,490,1650,135,1,88.89,0.76,1463.43,123,165,9,5,3,2,Clear,Medium,24,68,34,25.9,712,88.53,18.534,114192.7,100,10,65,1,0
2/7/2024 20:00,D009,VH009,Hyundai,Creta EV,51.4,473,1600,126,0,42.02,0.74,790.72,71,114,10,8,3,9,Fog,High,15,79,63,18,1039,84.62,8.16,144803.1,100,10,113,1,1
2/8/2024 2:00,D010,VH010,Hyundai,Creta EV Pro,55,490,1650,135,1,53.13,0.6,932.55,93,154,8,6,2,2,Clear,Low,20,67,47,18,712,88.53,10.89,114245.9,100,10,65,1,0
2/8/2024 0:00,D006,VH006,Tata,Punch EV,35,421,1250,90,0,12.31,0.65,159.69,46,91,1,2,0,23,Rain,High,22,70,65,18,852,96.34,1.672,63582.7,69.96,59.7,189,1,1
2/8/2024 2:00,D004,VH004,Tata,Nexon EV,40.5,465,1400,95,0,8.18,0.33,142.64,73,124,2,0,0,13,Cloudy,Medium,27,78,75,18,430,94.96,1.209,64172.5,70.52,59.34,211,1,1
2/7/2024 22:00,D009,VH009,Hyundai,Creta EV,51.4,473,1600,126,1,85.12,0.98,997.64,87,141,6,2,4,0,Clear,Medium,21,70,37,22.6,1039,84.62,16.846,144888.3,100,10,113,1,0
2/8/2024 4:00,D004,VH004,Tata,Nexon EV,40.5,465,1400,95,0,18.41,0.54,329.07,64,91,0,3,3,15,Cloudy,Medium,13,73,66,18,430,94.96,2.616,64191,70.65,59.26,211,1,1
2/8/2024 0:00,D001,VH001,Volkswagen,ID.4,77,520,2100,150,0,12.25,0.86,177.92,50,75,0,3,3,37,Cloudy,Low,19,74,71,18,629,82.14,1.905,44116.6,34.38,81.62,99,1,1
2/8/2024 6:00,D004,VH004,Tata,Nexon EV,40.5,465,1400,95,1,83.1,0.97,1284.48,90,139,0,3,0,3,Rain,Low,19,53,27,18,430,94.96,10.515,64274.1,70.8,59.17,211,1,1
2/8/2024 0:00,D009,VH009,Hyundai,Creta EV,51.4,473,1600,126,0,18.66,0.19,189.98,98,125,7,6,6,0,Fog,Medium,23,62,55,18,1039,84.62,3.442,144906.9,100,10,114,1,0
2/8/2024 6:00,D005,VH005,Tata,Curvv EV,55,585,1500,123,1,137.36,2.02,1421.94,68,130,3,2,1,0,Cloudy,Low,15,67,31,21.8,1037,94.32,19.653,148960,100,13.92,47,1,0
2/8/2024 8:00,D005,VH005,Tata,Curvv EV,55,585,1500,123,0,57.94,0.98,809.27,76,96,0,3,3,13,Clear,Medium,21,72,56,18,1037,94.32,8.575,149017.9,100,13.82,47,1,0
2/8/2024 8:00,D004,VH004,Tata,Nexon EV,40.5,465,1400,95,0,64.39,1.65,1158.38,45,96,1,3,2,13,Rain,High,20,70,48,18.3,430,94.96,8.748,64338.4,70.94,59.09,211,1,1
2/8/2024 0:00,D003,VH003,Volkswagen,ID.5,82,530,2200,174,0,54.88,1.33,1015.7,51,82,0,0,0,15,Rain,Medium,20,77,67,18,473,79.98,8.002,42322.7,34.28,81.59,62,1,1
2/8/2024 2:00,D006,VH006,Tata,Punch EV,35,421,1250,90,0,43.97,1.13,863.42,51,122,2,1,5,16,Rain,Medium,18,61,43,18,852,96.34,6.091,63626.6,70.01,59.67,189,1,1
2/8/2024 10:00,D005,VH005,Tata,Curvv EV,55,585,1500,123,0,38.96,0.75,465.01,69,85,0,2,2,11,Clear,Medium,21,91,80,18,1037,94.31,5.766,149056.9,100,13.75,47,1,0
2/8/2024 4:00,D010,VH010,Hyundai,Creta EV Pro,55,490,1650,135,1,156.87,1.31,1632.91,121,147,8,4,5,1,Rain,Low,21,70,17,31.1,712,88.53,28.939,114402.7,100,10,65,1,1
2/7/2024 18:00,D007,VH007,Hyundai,Kona EV,39.2,452,1685,100,0,57.72,1.01,596.97,71,94,0,0,2,12,Cloudy,Medium,18,63,41,18,866,81.76,8.589,132426.6,100,23.28,64,1,1
2/7/2024 20:00,D007,VH007,Hyundai,Kona EV,39.2,452,1685,100,1,74.62,0.97,1392.39,80,114,1,0,1,2,Clear,Medium,27,76,47,23.8,867,81.76,11.208,132501.2,100,23.25,64,1,0
2/8/2024 4:00,D006,VH006,Tata,Punch EV,35,421,1250,90,0,28.25,0.7,432.78,60,96,0,1,4,14,Rain,Low,21,59,48,18,852,96.34,3.763,63654.9,70.06,59.65,189,1,1
2/8/2024 6:00,D006,VH006,Tata,Punch EV,35,421,1250,90,0,32.77,0.73,514.54,55,108,1,3,3,8,Clear,Medium,20,72,57,18,852,96.34,4.947,63687.6,70.2,59.57,189,1,1
2/8/2024 10:00,D004,VH004,Tata,Nexon EV,40.5,465,1400,95,0,59.36,1.48,1134.51,55,93,0,2,2,24,Rain,High,11,84,64,18,430,94.96,7.907,64397.8,71.04,59.03,211,1,1
2/8/2024 2:00,D003,VH003,Volkswagen,ID.5,82,530,2200,174,1,170.67,2.75,1936.27,66,128,0,0,0,10,Fog,Low,15,52,24,25.6,473,79.98,22.852,42493.4,34.34,81.57,62,1,1
2/7/2024 22:00,D007,VH007,Hyundai,Kona EV,39.2,452,1685,100,1,101.25,1.26,1862.63,84,118,1,2,0,3,Rain,Medium,14,71,36,18,867,81.75,13.687,132602.5,100,23.15,65,1,1
2/7/2024 18:00,D008,VH008,Hyundai,Kona Long Range,64,484,1750,150,1,168.24,1.54,2328.72,112,160,7,3,5,2,Cloudy,Low,19,85,34,37.5,735,94.97,32.534,71983.5,100,21.42,194,1,0
2/8/2024 4:00,D003,VH003,Volkswagen,ID.5,82,530,2200,174,0,21.32,1.12,300.39,42,81,0,0,2,37,Fog,Low,21,81,77,18,473,79.98,3.005,42514.7,34.35,81.57,62,1,1
2/8/2024 8:00,D006,VH006,Tata,Punch EV,35,421,1250,90,1,57.64,0.59,815.36,106,131,0,3,2,3,Rain,Medium,23,62,41,18,852,96.34,7.294,63745.3,70.34,59.48,189,1,1
2/7/2024 20:00,D008,VH008,Hyundai,Kona Long Range,64,484,1750,150,0,11.54,0.27,126.53,82,125,9,9,7,8,Clear,High,17,54,50,18,735,94.97,2.533,71995,100,21.2,194,1,0
2/8/2024 12:00,D005,VH005,Tata,Curvv EV,55,585,1500,123,0,55.43,1.21,1079.44,58,112,2,3,1,15,Fog,Low,11,71,57,18,1037,94.31,7.423,149112.3,100,13.65,47,1,1
2/7/2024 22:00,D008,VH008,Hyundai,Kona Long Range,64,484,1750,150,0,20.42,0.53,294.89,73,128,2,1,2,15,Rain,Low,18,54,48,18,735,94.97,3.555,72015.4,100,21.17,195,1,0
2/8/2024 12:00,D004,VH004,Tata,Nexon EV,40.5,465,1400,95,0,57.5,1.53,844.35,51,104,0,1,1,24,Rain,Medium,26,79,60,19,430,94.96,7.659,64455.3,71.1,59,211,1,1
2/8/2024 2:00,D009,VH009,Hyundai,Creta EV,51.4,473,1600,126,0,48.48,0.77,765.27,76,127,10,4,2,8,Clear,Medium,18,79,57,18,1039,84.61,10.821,144955.4,100,10,114,1,1
2/8/2024 4:00,D009,VH009,Hyundai,Creta EV,51.4,473,1600,126,0,37.54,0.57,495.47,80,114,7,8,5,6,Clear,High,15,60,44,18,1039,84.61,7.96,144992.9,100,10,114,1,0
2/8/2024 0:00,D008,VH008,Hyundai,Kona Long Range,64,484,1750,150,0,22.9,0.35,312.9,66,136,8,4,3,0,Rain,Medium,18,71,64,18,735,94.97,4.447,72038.3,100,21.07,195,1,1
2/8/2024 6:00,D009,VH009,Hyundai,Creta EV,51.4,473,1600,126,0,56.9,0.81,957.02,80,141,10,3,4,6,Fog,Medium,18,80,58,18,1039,84.61,11.049,145049.8,100,10,114,1,0
2/8/2024 2:00,D001,VH001,Volkswagen,ID.4,77,520,2100,150,1,79.87,1.21,1263.6,75,105,1,2,2,9,Rain,Low,24,87,72,19.5,629,82.14,11.284,44196.4,34.49,81.56,99,1,1
2/8/2024 6:00,D003,VH003,Volkswagen,ID.5,82,530,2200,174,1,77.92,1.18,1320.53,72,88,0,0,0,6,Clear,Medium,19,63,48,18.3,473,79.98,11.992,42592.6,34.38,81.56,62,1,1
2/8/2024 6:00,D010,VH010,Hyundai,Creta EV Pro,55,490,1650,135,0,60,0.93,1048.37,72,115,3,5,3,6,Clear,Low,19,88,66,18.4,712,88.53,11.83,114462.7,100,10,65,1,0
2/8/2024 10:00,D006,VH006,Tata,Punch EV,35,421,1250,90,0,42.77,1.04,524.73,72,95,0,3,1,27,Clear,Medium,24,68,49,18,852,96.33,6.33,63788.1,70.47,59.4,189,1,1
2/8/2024 8:00,D003,VH003,Volkswagen,ID.5,82,530,2200,174,0,14.87,0.6,280.79,45,81,0,0,1,16,Clear,Medium,20,65,62,18,473,79.98,2.409,42607.5,34.38,81.56,62,1,1
2/8/2024 14:00,D005,VH005,Tata,Curvv EV,55,585,1500,123,0,23.58,0.68,406.25,59,101,2,2,1,17,Clear,Medium,23,70,63,18,1037,94.31,3.629,149135.9,100,13.59,47,1,0
2/8/2024 10:00,D003,VH003,Volkswagen,ID.5,82,530,2200,174,0,61.17,1.77,627.78,44,82,0,0,1,23,Fog,High,17,80,69,18,473,79.97,8.621,42668.7,34.4,81.55,62,1,1
2/8/2024 12:00,D003,VH003,Volkswagen,ID.5,82,530,2200,174,0,12.11,0.82,183.53,56,84,0,0,0,36,Cloudy,Low,22,85,82,18,473,79.97,1.883,42680.8,34.41,81.55,62,1,1
2/8/2024 8:00,D009,VH009,Hyundai,Creta EV,51.4,473,1600,126,0,39.19,0.57,761.87,98,113,10,11,8,10,Rain,High,16,89,73,18,1040,84.61,7.872,145089,100,10,114,1,1
2/8/2024 12:00,D002,VH002,Volkswagen,ID.4 Pro,82,550,2200,150,1,117.18,1.85,2082.39,67,94,0,1,1,6,Clear,Low,25,59,37,23.7,634,89.05,18.034,59487.3,45.65,75.11,80,1,1
2/8/2024 14:00,D004,VH004,Tata,Nexon EV,40.5,465,1400,95,0,44.07,1.05,480.85,75,99,0,1,1,28,Clear,Medium,15,83,66,18,431,94.96,6.522,64499.4,71.15,58.97,211,1,1
2/8/2024 12:00,D006,VH006,Tata,Punch EV,35,421,1250,90,0,47.38,1,921.82,71,102,2,0,2,20,Clear,Low,28,74,53,18.8,852,96.33,7.293,63835.4,70.49,59.4,189,1,1
2/8/2024 4:00,D001,VH001,Volkswagen,ID.4,77,520,2100,150,1,107.99,1.85,1830.73,63,111,0,1,0,8,Rain,Low,16,78,58,18.1,629,82.14,14.958,44304.4,34.57,81.52,99,1,1
2/8/2024 14:00,D003,VH003,Volkswagen,ID.5,82,530,2200,174,1,168.85,2.67,3278.8,66,92,0,2,2,7,Fog,Low,18,89,61,24.7,473,79.97,22.608,42849.6,34.55,81.48,62,1,1
2/8/2024 10:00,D009,VH009,Hyundai,Creta EV,51.4,473,1600,126,1,52.99,0.47,962.99,122,147,10,4,6,2,Rain,Medium,22,62,42,19.5,1040,84.61,10.112,145142,100,10,114,1,0
2/8/2024 8:00,D010,VH010,Hyundai,Creta EV Pro,55,490,1650,135,0,19.94,0.34,379.95,90,156,4,6,1,7,Clear,High,16,80,72,18,712,88.53,4.006,114482.7,100,10,65,1,1
2/8/2024 10:00,D010,VH010,Hyundai,Creta EV Pro,55,490,1650,135,0,52.38,0.7,886.96,87,119,7,5,3,6,Rain,Medium,18,62,43,18,713,88.52,9.996,114535.1,100,10,65,1,0
2/8/2024 0:00,D007,VH007,Hyundai,Kona EV,39.2,452,1685,100,1,57.38,0.62,1068.11,100,133,0,2,2,3,Cloudy,Low,25,52,31,18,867,81.75,8.111,132659.8,100,23.08,65,1,0
2/8/2024 16:00,D004,VH004,Tata,Nexon EV,40.5,465,1400,95,0,54.68,1.35,569.5,52,108,3,2,3,18,Clear,Low,28,68,46,19.7,431,94.96,8.578,64554.1,71.25,58.92,211,1,1
2/8/2024 16:00,D005,VH005,Tata,Curvv EV,55,585,1500,123,0,48.09,1.07,559.36,65,120,1,3,1,20,Fog,Medium,14,69,57,18,1037,94.31,6.316,149184,100,13.49,47,1,1
2/8/2024 12:00,D009,VH009,Hyundai,Creta EV,51.4,473,1600,126,0,61.11,0.76,1129.03,101,147,3,3,5,9,Clear,High,19,74,50,18,1040,84.6,12.048,145203.1,100,10,114,1,1
2/8/2024 2:00,D008,VH008,Hyundai,Kona Long Range,64,484,1750,150,0,64.13,0.93,1073.54,77,113,6,1,4,6,Fog,Low,17,78,59,19.1,735,94.97,11.623,72102.5,100,21.03,195,1,0
2/8/2024 18:00,D004,VH004,Tata,Nexon EV,40.5,465,1400,95,1,51.35,0.7,836.81,79,120,3,2,2,3,Clear,Low,23,64,45,18,431,94.96,7.653,64605.4,71.35,58.86,211,1,1
2/8/2024 4:00,D008,VH008,Hyundai,Kona Long Range,64,484,1750,150,1,95.3,0.92,1606.48,106,165,9,5,4,1,Rain,Medium,20,91,63,19.8,735,94.97,17.884,72197.8,100,20.9,195,1,0
2/8/2024 18:00,D005,VH005,Tata,Curvv EV,55,585,1500,123,1,118.03,1.35,2277.68,91,128,1,2,2,3,Clear,Medium,19,79,48,19.3,1037,94.31,16.927,149302,100,13.38,47,1,0
2/8/2024 20:00,D004,VH004,Tata,Nexon EV,40.5,465,1400,95,0,13.27,0.38,185.3,68,88,0,1,3,11,Clear,Medium,22,74,69,18,431,94.96,1.964,64618.7,71.4,58.83,211,1,1
2/8/2024 6:00,D008,VH008,Hyundai,Kona Long Range,64,484,1750,150,1,140.67,1.75,1617.35,81,152,2,5,8,1,Rain,Medium,17,60,23,29.1,735,94.97,23.266,72338.4,100,20.76,195,1,0
2/8/2024 14:00,D002,VH002,Volkswagen,ID.4 Pro,82,550,2200,150,0,50.75,1.84,517.14,46,83,0,1,0,44,Clear,Medium,27,71,60,18.4,634,89.05,8.222,59538,45.71,75.08,80,1,0
2/8/2024 12:00,D010,VH010,Hyundai,Creta EV Pro,55,490,1650,135,0,13,0.29,211.65,75,130,5,5,9,7,Clear,High,25,70,65,18,713,88.52,2.66,114548.1,100,10,65,1,1
2/8/2024 22:00,D004,VH004,Tata,Nexon EV,40.5,465,1400,95,1,69.09,0.81,775.95,97,120,2,2,0,6,Cloudy,Medium,18,80,56,18,431,94.96,9.699,64687.8,71.5,58.77,212,1,1
2/8/2024 2:00,D007,VH007,Hyundai,Kona EV,39.2,452,1685,100,1,161.27,1.75,3206.19,93,108,1,2,1,1,Cloudy,Medium,13,70,10,25.9,867,81.75,23.253,132821.1,100,22.96,65,1,1
2/8/2024 14:00,D006,VH006,Tata,Punch EV,35,421,1250,90,0,33.76,0.91,541.05,59,111,0,2,5,20,Clear,High,21,68,53,18,852,96.33,4.996,63869.2,70.58,59.34,189,1,1
2/8/2024 16:00,D006,VH006,Tata,Punch EV,35,421,1250,90,0,36.71,0.72,386.03,69,85,0,3,3,11,Rain,Medium,18,69,55,18,852,96.33,4.89,63905.9,70.71,59.27,189,1,0
2/8/2024 14:00,D009,VH009,Hyundai,Creta EV,51.4,473,1600,126,1,111.3,1.02,1835.42,111,145,5,8,4,1,Clear,Medium,20,84,41,27.9,1040,84.6,21.633,145314.4,100,10,114,1,0
2/8/2024 16:00,D009,VH009,Hyundai,Creta EV,51.4,473,1600,126,0,61.07,0.81,1143.62,95,135,1,7,5,10,Cloudy,High,16,65,43,18,1040,84.6,11.123,145375.5,100,10,114,1,0
2/8/2024 4:00,D007,VH007,Hyundai,Kona EV,39.2,452,1685,100,1,156.51,1.7,1593.75,95,133,2,3,3,3,Clear,Medium,21,59,10,27.8,867,81.74,19.6588,132977.6,100,22.82,65,1,0
2/8/2024 20:00,D005,VH005,Tata,Curvv EV,55,585,1500,123,0,57.32,1.19,1092.38,58,101,1,2,2,12,Rain,Low,15,73,58,18,1037,94.3,7.788,149359.3,100,13.31,47,1,1
2/8/2024 14:00,D010,VH010,Hyundai,Creta EV Pro,55,490,1650,135,0,54.01,0.71,548,94,148,6,6,7,8,Clear,Medium,17,79,58,18,713,88.52,11.251,114602.1,100,10,65,1,0
2/8/2024 16:00,D003,VH003,Volkswagen,ID.5,82,530,2200,174,0,45.45,1.47,480.49,46,66,0,0,1,29,Clear,Medium,15,77,68,18,473,79.97,7.363,42895.1,34.56,81.47,62,1,1
2/8/2024 18:00,D006,VH006,Tata,Punch EV,35,421,1250,90,0,63.71,1.24,789.84,73,90,1,0,2,22,Cloudy,Medium,22,56,29,19.2,852,96.33,9.233,63969.6,70.73,59.26,189,1,1
2/8/2024 20:00,D006,VH006,Tata,Punch EV,35,421,1250,90,0,48.84,1.13,966.7,58,102,0,2,2,17,Cloudy,High,21,57,37,18,852,96.33,6.939,64018.5,70.83,59.2,189,1,1
2/8/2024 6:00,D001,VH001,Volkswagen,ID.4,77,520,2100,150,1,105.68,1.77,1194.35,64,107,1,1,1,7,Cloudy,Low,19,52,31,19.5,629,82.14,15.926,44410.1,34.64,81.48,99,1,1
2/8/2024 6:00,D007,VH007,Hyundai,Kona EV,39.2,452,1685,100,0,47.79,0.8,777.91,74,91,0,0,0,9,Clear,Medium,21,80,61,18,867,81.74,7.407,133025.4,100,22.8,65,1,1
2/8/2024 18:00,D003,VH003,Volkswagen,ID.5,82,530,2200,174,0,28.01,1.05,442.12,39,70,0,1,1,20,Clear,Medium,19,87,81,18,473,79.97,4.538,42923.1,34.61,81.44,62,1,1
2/8/2024 8:00,D001,VH001,Volkswagen,ID.4,77,520,2100,150,1,110.29,1.55,1641.39,75,119,0,1,1,5,Fog,Medium,17,74,54,18,629,82.14,14.767,44520.4,34.72,81.44,99,1,1
2/8/2024 16:00,D010,VH010,Hyundai,Creta EV Pro,55,490,1650,135,0,57.48,0.74,908.32,110,127,6,5,3,13,Clear,Low,21,73,51,18.2,713,88.52,11.974,114659.5,100,10,65,1,1
2/8/2024 16:00,D002,VH002,Volkswagen,ID.4 Pro,82,550,2200,150,1,128.63,1.99,1597.93,68,111,0,1,0,6,Rain,Medium,22,77,55,23.4,634,89.05,17.817,59666.7,45.79,75.04,80,1,1
2/8/2024 18:00,D002,VH002,Volkswagen,ID.4 Pro,82,550,2200,150,0,57.53,1.61,600.34,56,88,0,1,0,35,Cloudy,Medium,20,44,33,18,634,89.05,8.947,59724.2,45.85,75,80,1,1
2/9/2024 0:00,D004,VH004,Tata,Nexon EV,40.5,465,1400,95,0,27.73,0.86,448.96,58,115,1,0,1,23,Rain,Medium,26,78,68,18.2,431,94.96,3.768,64715.5,71.51,58.77,212,1,1
2/8/2024 20:00,D003,VH003,Volkswagen,ID.5,82,530,2200,174,1,104.71,1.43,1746.83,80,98,0,1,1,7,Cloudy,Medium,21,69,50,23.3,473,79.97,15.47,43027.8,34.69,81.41,62,1,1
2/8/2024 18:00,D010,VH010,Hyundai,Creta EV Pro,55,490,1650,135,1,53.98,0.49,761.41,115,142,8,5,7,1,Cloudy,Low,23,80,60,20.6,713,88.52,10.622,114713.5,100,10,65,1,0
2/8/2024 22:00,D006,VH006,Tata,Punch EV,35,421,1250,90,1,148.96,2.12,2069.71,72,134,1,1,1,3,Clear,Medium,21,83,21,24.2,853,96.33,21.363,64167.4,70.92,59.16,190,1,1
2/9/2024 0:00,D006,VH006,Tata,Punch EV,35,421,1250,90,0,47.61,1.01,531.36,72,81,0,2,1,21,Rain,Medium,22,53,34,18,853,96.33,6.342,64215,71.02,59.1,190,1,1
2/8/2024 18:00,D009,VH009,Hyundai,Creta EV,51.4,473,1600,126,1,107.85,0.99,1918.74,109,143,4,4,10,0,Cloudy,Medium,24,80,41,26.2,1040,84.59,19.758,145483.3,100,10,114,1,1
2/8/2024 10:00,D001,VH001,Volkswagen,ID.4,77,520,2100,150,0,50,1.61,538.33,45,75,0,2,0,30,Clear,Medium,26,85,74,21,629,82.14,8.1,44570.4,34.82,81.39,99,1,1
2/8/2024 20:00,D002,VH002,Volkswagen,ID.4 Pro,82,550,2200,150,0,37.73,1.18,483.91,43,82,0,0,1,18,Rain,High,19,74,67,18,634,89.05,5.501,59761.9,45.87,75,80,1,1
2/8/2024 8:00,D007,VH007,Hyundai,Kona EV,39.2,452,1685,100,1,177.92,2.19,1909.77,85,165,4,3,3,6,Rain,Low,18,78,13,31.4,868,81.74,25.465,133203.3,100,22.65,65,1,0
2/9/2024 2:00,D006,VH006,Tata,Punch EV,35,421,1250,90,0,11.35,0.41,177.25,77,111,3,2,1,16,Clear,Medium,26,56,50,18,853,96.33,1.781,64226.4,71.1,59.05,190,1,1
2/8/2024 10:00,D007,VH007,Hyundai,Kona EV,39.2,452,1685,100,0,59.51,1.14,1013.84,68,94,1,2,0,16,Clear,Medium,20,75,50,18,868,81.73,9.409,133262.8,100,22.58,65,1,0
2/9/2024 4:00,D006,VH006,Tata,Punch EV,35,421,1250,90,0,10.51,0.41,146.51,55,125,2,3,1,13,Clear,High,23,67,62,18,853,96.33,1.618,64236.9,71.23,58.98,190,1,1
2/9/2024 6:00,D006,VH006,Tata,Punch EV,35,421,1250,90,0,45.72,1.08,493.15,63,114,2,2,3,21,Clear,High,17,81,60,18,853,96.33,7.037,64282.6,71.32,58.92,190,1,1
2/9/2024 8:00,D006,VH006,Tata,Punch EV,35,421,1250,90,1,66.49,0.77,1256.94,94,141,0,4,1,4,Clear,Medium,19,45,18,18,853,96.33,9.348,64349.1,71.51,58.81,190,1,1
2/8/2024 20:00,D010,VH010,Hyundai,Creta EV Pro,55,490,1650,135,1,128.71,1.14,2333.23,116,131,5,5,5,2,Cloudy,Medium,18,58,14,27.1,713,88.51,24.017,114842.2,100,10,65,1,1
2/8/2024 22:00,D005,VH005,Tata,Curvv EV,55,585,1500,123,1,125.09,1.75,1411.32,73,132,2,3,0,2,Rain,Medium,20,57,27,25.1,1037,94.3,16.462,149484.4,100,13.17,48,1,0
2/8/2024 8:00,D008,VH008,Hyundai,Kona Long Range,64,484,1750,150,0,56.22,0.85,882.4,78,155,6,5,6,8,Cloudy,Medium,25,48,30,21.3,735,94.97,11.243,72394.6,100,20.62,195,1,1
2/8/2024 22:00,D003,VH003,Volkswagen,ID.5,82,530,2200,174,0,8.91,0.69,175.74,48,84,0,1,0,30,Clear,High,19,78,76,18,473,79.97,1.443,43036.7,34.73,81.38,63,1,1
2/9/2024 2:00,D004,VH004,Tata,Nexon EV,40.5,465,1400,95,0,31.38,0.88,484.94,50,96,0,2,6,15,Rain,High,12,66,55,18,431,94.96,4.18,64746.9,71.6,58.72,212,1,1
2/8/2024 12:00,D007,VH007,Hyundai,Kona EV,39.2,452,1685,100,1,74.34,0.97,1440.96,81,116,1,3,4,3,Rain,Medium,16,72,46,18,868,81.73,10.049,133337.2,100,22.47,65,1,1
2/9/2024 0:00,D003,VH003,Volkswagen,ID.5,82,530,2200,174,0,23.19,1.18,419.96,34,77,0,0,0,30,Clear,Medium,22,60,55,18,473,79.97,3.757,43059.9,34.74,81.38,63,1,1
2/8/2024 22:00,D010,VH010,Hyundai,Creta EV Pro,55,490,1650,135,1,52.65,0.57,987.34,95,143,5,6,4,1,Rain,Medium,17,65,48,18,713,88.51,9.21,114894.9,100,10,66,1,0
2/9/2024 10:00,D006,VH006,Tata,Punch EV,35,421,1250,90,1,154.14,1.78,2311.75,90,131,1,1,1,4,Fog,Medium,20,81,26,25.6,853,96.33,19.232,64503.2,71.6,58.77,190,1,1
2/9/2024 4:00,D004,VH004,Tata,Nexon EV,40.5,465,1400,95,0,46.98,0.84,825.68,77,82,0,2,0,14,Cloudy,Low,28,51,34,18,431,94.96,6.675,64793.9,71.7,58.66,212,1,1
2/9/2024 0:00,D010,VH010,Hyundai,Creta EV Pro,55,490,1650,135,0,24.13,0.41,358.72,82,112,2,6,6,7,Clear,High,23,85,76,18,713,88.51,4.668,114919,100,10,66,1,0
2/8/2024 10:00,D008,VH008,Hyundai,Kona Long Range,64,484,1750,150,0,18.06,0.39,307.62,82,149,3,2,5,10,Clear,Medium,18,48,42,18,735,94.97,3.561,72412.7,100,20.57,195,1,0
2/9/2024 2:00,D010,VH010,Hyundai,Creta EV Pro,55,490,1650,135,0,31.84,0.42,340.31,86,153,3,6,6,3,Fog,Low,21,53,43,18,713,88.51,5.461,114950.8,100,10,66,1,0
2/8/2024 12:00,D008,VH008,Hyundai,Kona Long Range,64,484,1750,150,0,15.51,0.31,273.6,74,144,4,6,6,6,Rain,Low,20,66,61,18,735,94.97,2.804,72428.2,100,20.42,195,1,0
2/8/2024 12:00,D001,VH001,Volkswagen,ID.4,77,520,2100,150,0,39.14,1.52,775.37,42,77,0,0,1,35,Clear,Medium,19,60,51,18,629,82.14,6.341,44609.5,34.83,81.38,99,1,1
2/9/2024 2:00,D003,VH003,Volkswagen,ID.5,82,530,2200,174,0,11.89,0.65,210.1,48,89,0,1,0,24,Fog,Medium,25,87,84,18,473,79.97,1.676,43071.8,34.78,81.35,63,1,1
2/8/2024 14:00,D008,VH008,Hyundai,Kona Long Range,64,484,1750,150,0,13.81,0.3,163.69,59,144,4,4,5,4,Fog,Low,25,67,63,18,735,94.97,2.414,72442,100,20.32,195,1,0
2/9/2024 6:00,D004,VH004,Tata,Nexon EV,40.5,465,1400,95,0,28.85,0.78,383.06,76,104,0,3,1,24,Fog,Medium,23,83,73,18,431,94.96,3.715,64822.7,71.83,58.58,212,1,1
2/9/2024 12:00,D006,VH006,Tata,Punch EV,35,421,1250,90,0,59.9,1.01,812.03,66,98,2,0,0,6,Clear,Medium,24,68,41,18.9,853,96.33,9.22,64563.1,71.62,58.76,190,1,1
2/9/2024 0:00,D005,VH005,Tata,Curvv EV,55,585,1500,123,1,169.83,1.7,2201.87,103,135,1,4,2,3,Rain,Medium,28,44,10,31.3,1037,94.3,20.57,149654.2,100,12.99,48,1,1
2/9/2024 4:00,D003,VH003,Volkswagen,ID.5,82,530,2200,174,0,24.51,1.22,485.16,52,91,0,2,0,45,Clear,Medium,21,84,79,18,473,79.97,3.971,43096.3,34.87,81.3,63,1,1
2/8/2024 14:00,D001,VH001,Volkswagen,ID.4,77,520,2100,150,1,107.55,1.54,2074.93,73,93,0,0,0,4,Clear,Low,18,51,29,21.9,629,82.14,16.552,44717.1,34.87,81.37,99,1,1
2/8/2024 20:00,D009,VH009,Hyundai,Creta EV,51.4,473,1600,126,0,25.22,0.6,338.94,52,113,3,4,4,7,Cloudy,High,19,64,54,18,1040,84.59,4.773,145508.6,100,10,114,1,0
2/8/2024 22:00,D002,VH002,Volkswagen,ID.4 Pro,82,550,2200,150,0,9.8,0.78,188.83,43,90,0,0,2,33,Fog,Medium,16,63,61,18,634,89.05,1.381,59771.7,45.87,75,80,1,1
2/9/2024 6:00,D003,VH003,Volkswagen,ID.5,82,530,2200,174,0,27.61,1.01,437.8,49,84,0,1,1,27,Cloudy,Medium,18,71,65,18,473,79.97,4.294,43123.9,34.92,81.27,63,1,1
2/9/2024 4:00,D010,VH010,Hyundai,Creta EV Pro,55,490,1650,135,0,51.55,0.7,1018.55,81,132,7,4,5,4,Clear,Medium,15,72,52,18,713,88.51,10.931,115002.4,100,10,66,1,1
2/9/2024 6:00,D010,VH010,Hyundai,Creta EV Pro,55,490,1650,135,1,178.9,1.61,2328.88,115,159,7,7,3,3,Rain,Medium,22,77,18,38,714,88.51,32.434,115181.3,100,10,66,1,0
2/8/2024 16:00,D001,VH001,Volkswagen,ID.4,77,520,2100,150,0,12.02,0.67,194.32,42,81,0,0,0,23,Fog,High,24,50,47,18,629,82.14,1.694,44729.1,34.88,81.37,99,1,1
2/9/2024 8:00,D003,VH003,Volkswagen,ID.5,82,530,2200,174,1,108.38,1.89,2134.26,61,109,0,0,0,7,Cloudy,Medium,20,75,55,21.3,473,79.97,16.012,43232.3,34.96,81.26,63,1,1
2/8/2024 14:00,D007,VH007,Hyundai,Kona EV,39.2,452,1685,100,0,63.41,0.97,1111.03,81,94,0,5,0,11,Clear,Medium,16,51,25,18,868,81.73,9.829,133400.6,100,22.32,65,1,0
2/8/2024 16:00,D008,VH008,Hyundai,Kona Long Range,64,484,1750,150,0,14.29,0.24,227.75,90,134,2,6,11,5,Cloudy,Medium,22,69,64,18,736,94.97,2.654,72456.3,100,20.17,195,1,1
2/9/2024 10:00,D003,VH003,Volkswagen,ID.5,82,530,2200,174,0,54.55,2.19,922.56,33,68,0,0,1,32,Fog,Medium,24,81,71,19.8,473,79.97,7.688,43286.8,34.98,81.25,63,1,1
2/8/2024 16:00,D007,VH007,Hyundai,Kona EV,39.2,452,1685,100,0,15.36,0.44,220.82,63,103,1,4,1,12,Rain,Medium,17,83,77,18,868,81.73,2.186,133415.9,100,22.21,65,1,0
2/9/2024 14:00,D006,VH006,Tata,Punch EV,35,421,1250,90,0,29.45,0.59,342.86,78,122,4,2,0,13,Rain,High,27,65,52,18.1,853,96.33,4.237,64592.6,71.71,58.71,190,1,1
2/9/2024 0:00,D002,VH002,Volkswagen,ID.4 Pro,82,550,2200,150,0,33.53,1.02,540.94,51,84,0,1,0,22,Clear,Medium,19,56,49,18,634,89.05,5.432,59805.3,45.92,74.97,81,1,0
2/9/2024 8:00,D010,VH010,Hyundai,Creta EV Pro,55,490,1650,135,1,153.1,1.65,2274.82,94,165,6,6,4,1,Clear,Low,21,48,10,27.4,714,88.5,22.44,115334.4,100,10,66,1,1
2/8/2024 22:00,D009,VH009,Hyundai,Creta EV,51.4,473,1600,126,1,101.79,1.16,1288.8,88,133,7,6,9,0,Clear,Low,22,58,18,27.1,1040,84.59,20.504,145610.4,100,10,114,1,1
2/8/2024 18:00,D001,VH001,Volkswagen,ID.4,77,520,2100,150,0,10.21,0.71,114.24,49,95,0,1,0,30,Rain,High,20,93,91,18,629,82.14,1.489,44739.3,34.92,81.34,99,1,1
2/9/2024 8:00,D004,VH004,Tata,Nexon EV,40.5,465,1400,95,0,9,0.32,138.56,75,114,1,4,4,12,Rain,High,18,62,58,18,431,94.96,1.223,64831.7,71.99,58.48,212,1,1
2/9/2024 12:00,D003,VH003,Volkswagen,ID.5,82,530,2200,174,0,42.27,1.39,483.32,45,68,0,2,0,27,Fog,Medium,14,64,56,18,473,79.97,5.958,43329.1,35.07,81.19,63,1,1
2/8/2024 18:00,D008,VH008,Hyundai,Kona Long Range,64,484,1750,150,1,70.14,0.89,789.6,82,148,5,3,6,2,Rain,Medium,17,48,28,19.5,736,94.97,12.27,72526.5,100,20.08,195,1,0
2/8/2024 18:00,D007,VH007,Hyundai,Kona EV,39.2,452,1685,100,1,83.08,0.92,1529.17,94,131,2,3,1,2,Fog,Low,20,81,52,18,868,81.73,11.069,133499,100,22.1,65,1,1
2/9/2024 2:00,D005,VH005,Tata,Curvv EV,55,585,1500,123,0,17.85,0.51,242.25,73,90,0,4,2,16,Clear,High,23,68,63,18,1037,94.3,2.642,149672.1,100,12.88,48,1,1
2/9/2024 10:00,D004,VH004,Tata,Nexon EV,40.5,465,1400,95,0,40.72,0.97,451.02,64,107,1,1,3,20,Clear,Medium,20,78,62,18,431,94.96,6.147,64872.4,72.05,58.45,212,1,1
2/8/2024 20:00,D001,VH001,Volkswagen,ID.4,77,520,2100,150,0,58.67,2.03,1013.66,41,78,0,0,0,36,Fog,High,26,70,59,21.9,629,82.14,8.269,44798,34.94,81.34,99,1,1
2/8/2024 20:00,D008,VH008,Hyundai,Kona Long Range,64,484,1750,150,0,23.72,0.31,277.97,104,109,4,6,5,5,Clear,Low,22,84,76,18,736,94.97,4.765,72550.2,100,19.93,195,1,1
2/8/2024 20:00,D007,VH007,Hyundai,Kona EV,39.2,452,1685,100,0,36.76,0.98,583.87,69,111,1,0,5,27,Clear,Low,20,74,59,18,868,81.73,5.812,133535.8,100,22.09,65,1,0
2/9/2024 10:00,D010,VH010,Hyundai,Creta EV Pro,55,490,1650,135,1,146.7,1.68,2704.07,88,164,9,7,11,1,Clear,Medium,22,81,25,32.6,714,88.5,30.588,115481.1,100,10,66,1,0
2/9/2024 0:00,D009,VH009,Hyundai,Creta EV,51.4,473,1600,126,1,118.72,1.14,1922.33,106,144,9,4,2,1,Rain,Medium,17,72,28,24.8,1041,84.58,22.278,145729.1,100,10,115,1,0
2/9/2024 12:00,D004,VH004,Tata,Nexon EV,40.5,465,1400,95,0,9.36,0.57,122.23,56,112,1,2,0,24,Rain,Medium,15,62,58,18,431,94.96,1.272,64881.8,72.13,58.4,212,1,1
2/9/2024 2:00,D002,VH002,Volkswagen,ID.4 Pro,82,550,2200,150,0,38.51,1.32,606.71,41,69,0,1,1,23,Rain,High,10,57,50,18,634,89.05,5.615,59843.8,45.97,74.94,81,1,1
2/9/2024 14:00,D003,VH003,Volkswagen,ID.5,82,530,2200,174,0,38.34,1.2,734.08,46,94,0,1,0,22,Clear,High,24,65,57,18.3,473,79.97,6.211,43367.4,35.13,81.17,63,1,1
2/8/2024 22:00,D007,VH007,Hyundai,Kona EV,39.2,452,1685,100,0,17.41,0.71,307.57,49,99,0,2,2,21,Rain,Medium,23,83,76,18,868,81.73,2.429,133553.2,100,22.03,66,1,0
2/9/2024 16:00,D006,VH006,Tata,Punch EV,35,421,1250,90,1,153.05,1.75,2675,92,115,2,0,4,5,Clear,Low,17,63,10,23.4,854,96.33,18.7425,64745.6,71.77,58.69,190,1,1
2/9/2024 4:00,D005,VH005,Tata,Curvv EV,55,585,1500,123,1,92.84,1.04,1542.12,94,151,3,1,1,3,Clear,Medium,16,53,27,18,1038,94.29,13.837,149764.9,100,12.81,48,1,0
2/9/2024 12:00,D010,VH010,Hyundai,Creta EV Pro,55,490,1650,135,0,55.22,0.77,993.93,85,137,5,20,3,7,Rain,High,21,57,38,19.9,714,88.5,10.168,115536.3,100,10,66,1,1
2/9/2024 14:00,D010,VH010,Hyundai,Creta EV Pro,55,490,1650,135,0,55.01,0.71,712.22,101,147,8,6,9,10,Clear,Medium,22,79,57,21.2,714,88.49,11.869,115591.3,100,10,66,1,0
2/9/2024 6:00,D005,VH005,Tata,Curvv EV,55,585,1500,123,0,11.11,0.39,157.93,63,92,1,0,1,13,Clear,Medium,19,82,78,18,1038,94.29,1.677,149776,100,12.81,48,1,0
2/9/2024 14:00,D004,VH004,Tata,Nexon EV,40.5,465,1400,95,0,54.61,1.05,830.44,64,103,2,2,1,12,Rain,Low,17,89,70,18,431,94.96,7.565,64936.4,72.23,58.34,212,1,1
2/9/2024 8:00,D005,VH005,Tata,Curvv EV,55,585,1500,123,0,47.25,1.12,911.44,47,111,1,1,3,7,Clear,Medium,21,74,61,18,1038,94.29,7.133,149823.3,100,12.76,48,1,0
2/9/2024 18:00,D006,VH006,Tata,Punch EV,35,421,1250,90,1,51.96,0.67,725.56,82,142,2,2,2,2,Rain,Medium,19,77,57,18,854,96.33,6.838,64797.6,71.86,58.63,190,1,1
2/9/2024 16:00,D004,VH004,Tata,Nexon EV,40.5,465,1400,95,0,50.91,1.07,646.33,61,102,2,4,2,14,Fog,Low,23,67,50,18,431,94.96,6.817,64987.3,72.41,58.24,212,1,1
2/8/2024 22:00,D008,VH008,Hyundai,Kona Long Range,64,484,1750,150,0,50.27,0.7,1001.01,104,144,5,5,6,13,Rain,Medium,16,76,61,18,736,94.97,9.257,72600.4,100,19.8,196,1,0
2/9/2024 16:00,D003,VH003,Volkswagen,ID.5,82,530,2200,174,1,115.65,1.61,1929.14,75,100,0,0,2,4,Clear,Low,22,72,50,22.4,474,79.97,17.799,43483.1,35.17,81.15,63,1,1
2/9/2024 16:00,D010,VH010,Hyundai,Creta EV Pro,55,490,1650,135,1,159.85,1.49,2573.87,107,155,3,5,2,0,Fog,Medium,26,60,12,35.5,714,88.49,26.048,115751.2,100,10,66,1,1
2/9/2024 0:00,D007,VH007,Hyundai,Kona EV,39.2,452,1685,100,0,13.46,0.46,181.22,70,107,0,2,1,16,Clear,High,19,62,56,18,868,81.72,2.086,133566.7,100,21.97,66,1,1
2/9/2024 2:00,D009,VH009,Hyundai,Creta EV,51.4,473,1600,126,1,129.75,1.3,1380.19,101,163,9,4,9,1,Clear,Medium,27,83,30,33.6,1041,84.58,27.054,145858.8,100,10,115,1,1
2/9/2024 4:00,D009,VH009,Hyundai,Creta EV,51.4,473,1600,126,0,9.55,0.32,140.47,70,129,3,4,6,11,Clear,Medium,19,50,46,18,1041,84.58,1.883,145868.4,100,10,115,1,0
2/9/2024 18:00,D003,VH003,Volkswagen,ID.5,82,530,2200,174,0,33.05,1,551.51,51,74,0,1,2,21,Rain,Low,18,81,75,18,474,79.97,4.819,43516.1,35.22,81.12,63,1,1
2/9/2024 18:00,D004,VH004,Tata,Nexon EV,40.5,465,1400,95,0,11.71,0.42,207.39,67,109,1,2,1,15,Fog,Low,26,69,65,18.7,431,94.96,1.538,64999,72.49,58.19,212,1,0
2/9/2024 20:00,D003,VH003,Volkswagen,ID.5,82,530,2200,174,0,19.41,1.31,214.95,24,67,0,2,1,30,Fog,High,24,49,45,18,474,79.97,2.736,43535.6,35.31,81.07,63,1,1
2/9/2024 0:00,D008,VH008,Hyundai,Kona Long Range,64,484,1750,150,1,80.94,0.72,1143.68,118,131,6,6,6,2,Rain,Medium,17,67,44,19.9,736,94.97,14.417,72681.4,100,19.64,196,1,1
2/9/2024 2:00,D007,VH007,Hyundai,Kona EV,39.2,452,1685,100,0,43.42,0.82,706.35,76,102,2,2,2,15,Clear,Medium,20,73,55,18,868,81.72,6.999,133610.1,100,21.91,66,1,0
2/9/2024 2:00,D008,VH008,Hyundai,Kona Long Range,64,484,1750,150,0,29.66,0.42,495.11,105,143,8,9,6,8,Rain,Medium,19,56,47,18,736,94.97,5.759,72711,100,19.41,196,1,0
2/9/2024 18:00,D010,VH010,Hyundai,Creta EV Pro,55,490,1650,135,1,60.69,0.61,1132.99,103,165,9,6,2,1,Clear,Medium,15,75,51,18,715,88.49,12.654,115811.9,100,10,66,1,0
2/9/2024 22:00,D003,VH003,Volkswagen,ID.5,82,530,2200,174,0,59.68,1.86,745.49,46,60,0,2,0,34,Clear,High,23,53,41,18,474,79.97,9.668,43595.2,35.41,81.01,64,1,1
2/9/2024 10:00,D005,VH005,Tata,Curvv EV,55,585,1500,123,0,37.48,0.93,580.89,50,104,0,2,2,11,Cloudy,Medium,20,64,54,18,1038,94.29,5.325,149860.8,100,12.69,48,1,1
2/9/2024 4:00,D002,VH002,Volkswagen,ID.4 Pro,82,550,2200,150,1,177.44,2.61,2877.58,72,116,0,2,0,9,Rain,Medium,18,73,43,27.8,634,89.05,24.577,60021.2,46.12,74.87,81,1,1
2/9/2024 20:00,D010,VH010,Hyundai,Creta EV Pro,55,490,1650,135,0,50.1,0.74,982.83,78,138,5,2,4,6,Cloudy,Low,22,57,39,18,715,88.49,9.84,115862,100,10,66,1,0
2/9/2024 22:00,D010,VH010,Hyundai,Creta EV Pro,55,490,1650,135,0,27.77,0.41,315.2,91,102,6,4,6,6,Clear,Medium,9,50,39,18,715,88.49,5.785,115889.7,100,10,67,1,0
2/9/2024 20:00,D004,VH004,Tata,Nexon EV,40.5,465,1400,95,0,10.47,0.34,165.45,59,98,0,4,5,10,Rain,Medium,20,71,67,18,431,94.96,1.395,65009.5,72.65,58.09,212,1,0
2/9/2024 20:00,D006,VH006,Tata,Punch EV,35,421,1250,90,0,30.2,0.69,594.98,64,128,0,2,0,13,Rain,Low,12,60,48,18,854,96.33,4.023,64827.8,71.95,58.58,190,1,1
2/9/2024 4:00,D007,VH007,Hyundai,Kona EV,39.2,452,1685,100,0,10.38,0.59,163.72,61,89,0,0,5,25,Clear,High,17,80,75,18,868,81.72,1.609,133620.5,100,21.9,66,1,1
2/9/2024 6:00,D009,VH009,Hyundai,Creta EV,51.4,473,1600,126,0,24.37,0.33,420.69,91,131,9,5,6,4,Clear,Medium,19,69,58,18,1041,84.58,5.349,145892.7,100,10,115,1,1
2/8/2024 22:00,D001,VH001,Volkswagen,ID.4,77,520,2100,150,0,28.49,0.93,320.71,44,91,0,0,1,17,Clear,Medium,23,71,65,18,629,82.14,4.615,44826.5,34.95,81.33,99,1,1
2/9/2024 4:00,D008,VH008,Hyundai,Kona Long Range,64,484,1750,150,0,17.75,0.23,210.59,99,130,5,2,8,3,Rain,Low,19,55,49,18,736,94.97,3.268,72728.8,100,19.36,196,1,1
2/9/2024 0:00,D001,VH001,Volkswagen,ID.4,77,520,2100,150,0,56.6,1.76,820.77,48,74,0,1,0,35,Cloudy,Low,19,86,74,18,629,82.13,8.802,44883.1,35.01,81.3,100,1,1
2/10/2024 0:00,D003,VH003,Volkswagen,ID.5,82,530,2200,174,0,63.3,1.91,653.15,44,71,0,0,1,28,Cloudy,Low,18,59,46,18,474,79.97,9.844,43658.5,35.43,81.01,64,1,1
2/9/2024 6:00,D002,VH002,Volkswagen,ID.4 Pro,82,550,2200,150,1,84.33,1.27,1600.06,74,89,0,0,1,8,Rain,Low,14,66,51,18,634,89.05,11.681,60105.5,46.15,74.86,81,1,1
2/9/2024 6:00,D007,VH007,Hyundai,Kona EV,39.2,452,1685,100,0,28.82,0.76,413.34,59,107,1,1,2,16,Rain,Medium,16,59,48,18,868,81.72,4.101,133649.3,100,21.86,66,1,0
2/10/2024 0:00,D010,VH010,Hyundai,Creta EV Pro,55,490,1650,135,0,14.28,0.32,261.96,84,145,10,5,4,9,Rain,Medium,16,57,51,18,715,88.49,2.869,115904,100,10,67,1,1
2/9/2024 12:00,D005,VH005,Tata,Curvv EV,55,585,1500,123,0,56.78,1.42,773.47,48,89,0,2,0,14,Cloudy,High,16,91,76,18,1038,94.29,8.067,149917.5,100,12.61,48,1,0
2/9/2024 6:00,D008,VH008,Hyundai,Kona Long Range,64,484,1750,150,0,10.95,0.25,143.13,66,120,5,3,2,5,Rain,Low,19,58,54,18,736,94.97,2.016,72739.7,100,19.28,196,1,0
2/9/2024 22:00,D004,VH004,Tata,Nexon EV,40.5,465,1400,95,0,35.29,0.99,475.21,48,107,0,2,1,15,Clear,Medium,19,86,73,18,431,94.96,5.223,65044.8,72.75,58.03,213,1,1
2/9/2024 2:00,D001,VH001,Volkswagen,ID.4,77,520,2100,150,1,84.72,1.02,1502.75,87,117,0,0,3,3,Rain,Medium,20,61,45,18.8,629,82.13,11.735,44967.8,35.04,81.29,100,1,1
2/9/2024 8:00,D007,VH007,Hyundai,Kona EV,39.2,452,1685,100,0,53.23,0.94,612.01,72,97,0,0,3,12,Clear,Medium,14,82,60,18,868,81.72,8.251,133702.5,100,21.84,66,1,0
2/9/2024 8:00,D009,VH009,Hyundai,Creta EV,51.4,473,1600,126,0,33.02,0.55,625.66,89,124,9,7,7,11,Clear,Medium,19,49,34,19.2,1041,84.57,7.247,145925.8,100,10,115,1,0
2/10/2024 0:00,D004,VH004,Tata,Nexon EV,40.5,465,1400,95,1,140.61,1.58,2165.64,92,124,1,1,1,3,Cloudy,Medium,19,92,44,26.4,432,94.96,19.359,65185.4,72.83,57.99,213,1,1
2/9/2024 8:00,D002,VH002,Volkswagen,ID.4 Pro,82,550,2200,150,0,64.07,1.64,1273.1,49,81,0,1,1,20,Cloudy,Medium,28,84,71,19.2,634,89.05,9.964,60169.6,46.21,74.83,81,1,1
2/10/2024 2:00,D003,VH003,Volkswagen,ID.5,82,530,2200,174,0,63.48,2.04,1049.19,45,92,0,1,1,38,Rain,High,17,47,35,18,474,79.97,9.255,43722,35.49,80.97,64,1,1
2/9/2024 10:00,D002,VH002,Volkswagen,ID.4 Pro,82,550,2200,150,0,31.41,1.1,399,41,101,1,1,0,20,Clear,High,22,60,53,18,634,89.05,5.19,60201,46.26,74.8,81,1,1
2/10/2024 2:00,D010,VH010,Hyundai,Creta EV Pro,55,490,1650,135,0,55.91,0.79,594.48,77,118,4,1,2,4,Fog,Medium,16,74,56,18.6,715,88.48,9.771,115959.9,100,10,67,1,0
2/9/2024 14:00,D005,VH005,Tata,Curvv EV,55,585,1500,123,1,156.34,1.99,2654.13,80,141,0,1,2,2,Clear,Low,18,71,31,30.6,1038,94.28,21.981,150073.9,100,12.51,48,1,1
2/9/2024 10:00,D009,VH009,Hyundai,Creta EV,51.4,473,1600,126,0,58.14,1.08,670.94,64,136,2,10,5,10,Clear,Medium,15,63,41,18,1041,84.57,11.247,145983.9,100,10,115,1,1
2/9/2024 10:00,D007,VH007,Hyundai,Kona EV,39.2,452,1685,100,1,90.56,1.24,1433.24,77,135,2,3,1,4,Fog,Medium,26,72,41,20.4,869,81.72,12.065,133793.1,100,21.73,66,1,1
2/9/2024 16:00,D005,VH005,Tata,Curvv EV,55,585,1500,123,0,54.01,1.01,554.16,76,108,0,2,6,18,Fog,Medium,22,75,62,18,1038,94.28,6.954,150127.9,100,12.44,48,1,0
2/10/2024 4:00,D003,VH003,Volkswagen,ID.5,82,530,2200,174,1,80.52,1.28,1228.93,71,96,0,1,0,9,Fog,Medium,23,76,62,18,474,79.96,10.781,43802.5,35.56,80.94,64,1,1
2/9/2024 12:00,D002,VH002,Volkswagen,ID.4 Pro,82,550,2200,150,1,119.88,1.69,1361.21,73,87,0,0,1,3,Cloudy,Medium,19,91,69,20.6,634,89.05,17.712,60320.9,46.3,74.78,81,1,1
2/9/2024 22:00,D006,VH006,Tata,Punch EV,35,421,1250,90,0,12.99,0.56,247.95,62,102,0,2,0,21,Clear,Medium,13,69,63,18,854,96.33,1.923,64840.8,72.04,58.53,191,1,1
2/10/2024 6:00,D003,VH003,Volkswagen,ID.5,82,530,2200,174,1,114.21,1.62,1940.09,75,102,0,3,1,6,Clear,Medium,24,64,42,23.9,474,79.96,17.577,43916.8,35.72,80.85,64,1,1
2/10/2024 0:00,D006,VH006,Tata,Punch EV,35,421,1250,90,0,42.65,0.82,488.64,64,111,1,4,2,9,Clear,Medium,18,81,62,18,854,96.33,6.438,64883.4,72.21,58.42,191,1,1
2/9/2024 12:00,D007,VH007,Hyundai,Kona EV,39.2,452,1685,100,0,50.72,1.27,679.58,56,124,0,4,1,22,Clear,Low,18,54,33,18,869,81.72,7.862,133843.8,100,21.61,66,1,0
2/9/2024 12:00,D009,VH009,Hyundai,Creta EV,51.4,473,1600,126,0,18.68,0.35,343.64,75,143,7,11,1,6,Fog,High,20,86,79,18,1041,84.57,3.446,146002.6,100,10,115,1,0
2/9/2024 8:00,D008,VH008,Hyundai,Kona Long Range,64,484,1750,150,0,61.5,0.76,1064.32,91,139,12,6,2,5,Clear,Medium,16,48,25,18.1,736,94.96,14.184,72801.2,100,19.13,196,1,1
2/9/2024 10:00,D008,VH008,Hyundai,Kona Long Range,64,484,1750,150,1,79.7,0.77,1513.02,108,165,5,6,14,2,Clear,Medium,20,74,49,22.8,736,94.96,15.491,72880.9,100,18.97,196,1,0
2/9/2024 14:00,D002,VH002,Volkswagen,ID.4 Pro,82,550,2200,150,1,93.96,1.32,1501.66,75,139,1,0,0,4,Clear,Medium,20,52,34,22.5,635,89.04,14.75,60414.9,46.33,74.77,81,1,1
2/10/2024 4:00,D010,VH010,Hyundai,Creta EV Pro,55,490,1650,135,0,43.17,0.66,432.59,80,134,8,6,1,7,Rain,Low,28,83,67,19.2,715,88.48,8.383,116003.1,100,10,67,1,1
2/9/2024 12:00,D008,VH008,Hyundai,Kona Long Range,64,484,1750,150,0,43.97,0.79,858.89,64,115,10,4,3,6,Fog,Medium,19,71,57,19.3,736,94.96,8.538,72924.9,100,18.86,196,1,0
2/10/2024 2:00,D006,VH006,Tata,Punch EV,35,421,1250,90,0,60.97,1.54,639.24,49,77,0,4,1,18,Rain,High,20,74,50,18,854,96.33,8.121,64944.4,72.4,58.32,191,1,1
2/9/2024 14:00,D007,VH007,Hyundai,Kona EV,39.2,452,1685,100,0,56.81,1.06,755.39,65,104,2,0,2,11,Fog,Medium,19,55,34,18,869,81.71,7.967,133900.6,100,21.58,66,1,1
2/9/2024 18:00,D005,VH005,Tata,Curvv EV,55,585,1500,123,0,40.15,1.14,512.31,52,94,0,2,2,22,Rain,High,10,53,43,18,1038,94.28,5.348,150168,100,12.37,48,1,1
2/9/2024 16:00,D007,VH007,Hyundai,Kona EV,39.2,452,1685,100,0,19.35,0.51,315.06,67,99,1,2,1,13,Rain,Medium,20,63,55,18,869,81.71,2.753,133919.9,100,21.53,66,1,0
2/9/2024 18:00,D007,VH007,Hyundai,Kona EV,39.2,452,1685,100,0,54.77,1.19,806.67,58,110,1,1,4,15,Rain,Medium,20,89,69,18,869,81.71,7.793,133974.7,100,21.48,66,1,0
2/9/2024 20:00,D007,VH007,Hyundai,Kona EV,39.2,452,1685,100,1,84.14,0.98,1247.34,94,130,1,0,4,5,Rain,Medium,20,70,40,18,869,81.71,11.374,134058.9,100,21.44,66,1,0
2/10/2024 6:00,D010,VH010,Hyundai,Creta EV Pro,55,490,1650,135,1,69.17,0.55,1178.26,130,165,11,3,5,1,Fog,Low,18,61,37,18.4,715,88.48,12.973,116072.3,100,10,67,1,0
2/10/2024 2:00,D004,VH004,Tata,Nexon EV,40.5,465,1400,95,0,51.88,1.04,1031.39,79,114,0,2,3,23,Rain,Low,23,67,49,18,432,94.96,6.91,65237.3,72.93,57.93,213,1,1
2/9/2024 20:00,D005,VH005,Tata,Curvv EV,55,585,1500,123,0,15.45,0.65,296.84,67,119,1,0,0,25,Fog,Medium,20,66,62,18,1038,94.28,2.029,150183.5,100,12.36,48,1,0
2/9/2024 14:00,D009,VH009,Hyundai,Creta EV,51.4,473,1600,126,1,152.32,1.42,1634.71,107,146,4,6,4,0,Clear,Medium,23,76,19,35.9,1041,84.57,29.068,146154.9,100,10,115,1,1
2/9/2024 14:00,D008,VH008,Hyundai,Kona Long Range,64,484,1750,150,0,64.27,0.62,731.62,103,141,4,3,9,0,Cloudy,Low,21,73,53,18,736,94.96,12.394,72989.2,100,18.78,196,1,1
2/9/2024 4:00,D001,VH001,Volkswagen,ID.4,77,520,2100,150,0,52.14,2,961.16,36,71,0,1,0,33,Clear,Medium,23,74,63,22.4,629,82.13,8.447,45019.9,35.1,81.26,100,1,1
2/10/2024 4:00,D004,VH004,Tata,Nexon EV,40.5,465,1400,95,1,140.68,1.6,1699.63,92,136,3,5,2,4,Clear,Medium,17,92,40,24.9,432,94.95,20.966,65377.9,73.18,57.79,213,1,1
2/10/2024 8:00,D010,VH010,Hyundai,Creta EV Pro,55,490,1650,135,1,160.59,1.47,2656.88,113,135,7,5,3,3,Rain,Medium,22,72,19,32.2,715,88.48,29.114,116232.9,100,10,67,1,1
2/10/2024 4:00,D006,VH006,Tata,Punch EV,35,421,1250,90,0,59.85,1.27,649.33,52,99,0,1,2,7,Clear,Low,17,64,38,18,854,96.32,8.858,65004.3,72.46,58.28,191,1,1
2/10/2024 6:00,D006,VH006,Tata,Punch EV,35,421,1250,90,1,122.28,1.4,2005.28,94,134,0,1,2,6,Fog,Medium,23,71,28,22.4,854,96.32,14.958,65126.5,72.54,58.24,191,1,1
2/9/2024 16:00,D008,VH008,Hyundai,Kona Long Range,64,484,1750,150,0,22.13,0.36,240.5,71,142,7,2,4,3,Clear,High,22,48,40,18,736,94.96,4.692,73011.3,100,18.73,196,1,0
2/9/2024 16:00,D009,VH009,Hyundai,Creta EV,51.4,473,1600,126,0,63.06,1.22,936.95,63,130,10,3,7,13,Fog,High,28,64,40,21.9,1041,84.56,12.245,146218,100,10,115,1,0
2/9/2024 6:00,D001,VH001,Volkswagen,ID.4,77,520,2100,150,0,49.77,1.65,964.97,49,79,0,0,1,38,Fog,High,17,50,40,18,629,82.13,7.015,45069.7,35.11,81.25,100,1,1
2/9/2024 18:00,D009,VH009,Hyundai,Creta EV,51.4,473,1600,126,0,26.71,0.53,473.55,71,165,10,5,5,9,Rain,Low,12,93,82,18,1042,84.56,5.366,146244.7,100,10,115,1,0
2/10/2024 8:00,D003,VH003,Volkswagen,ID.5,82,530,2200,174,0,33.3,1.31,538.18,44,82,0,0,0,33,Cloudy,High,25,82,75,18,474,79.96,5.179,43950.1,35.73,80.85,64,1,1
2/9/2024 22:00,D007,VH007,Hyundai,Kona EV,39.2,452,1685,100,0,50.87,0.93,757.85,64,119,3,1,4,8,Clear,Medium,22,56,34,20.3,869,81.71,8.358,134109.7,100,21.4,67,1,1
2/10/2024 8:00,D006,VH006,Tata,Punch EV,35,421,1250,90,0,15.2,0.73,181.57,58,96,0,2,3,28,Fog,Medium,20,75,69,18,854,96.32,1.957,65141.7,72.62,58.19,191,1,1
2/9/2024 22:00,D005,VH005,Tata,Curvv EV,55,585,1500,123,0,27.89,0.69,390.93,57,103,1,0,2,12,Clear,Medium,21,53,45,18,1038,94.28,4.21,150211.4,100,12.35,49,1,1
2/9/2024 20:00,D009,VH009,Hyundai,Creta EV,51.4,473,1600,126,0,63.77,1.09,1081.37,67,121,5,4,4,8,Fog,Low,10,64,41,18,1042,84.56,11.351,146308.4,100,10,115,1,1
2/10/2024 10:00,D003,VH003,Volkswagen,ID.5,82,530,2200,174,0,26.52,0.85,404.42,47,78,1,2,0,17,Rain,High,29,76,71,18,474,79.96,3.944,43976.6,35.82,80.79,64,1,1
2/9/2024 22:00,D009,VH009,Hyundai,Creta EV,51.4,473,1600,126,0,60.81,0.82,717.6,77,138,3,4,6,2,Fog,Low,19,45,24,22.7,1042,84.56,10.431,146369.3,100,10,115,1,0
2/10/2024 0:00,D009,VH009,Hyundai,Creta EV,51.4,473,1600,126,0,17.07,0.26,297.71,88,127,8,2,7,4,Clear,Low,20,60,52,18,1042,84.56,3.683,146386.3,100,10,116,1,0
2/10/2024 2:00,D009,VH009,Hyundai,Creta EV,51.4,473,1600,126,0,41.77,0.59,673.31,92,103,8,4,5,8,Clear,Low,18,65,47,18,1042,84.55,9.012,146428.1,100,10,116,1,0
2/10/2024 4:00,D009,VH009,Hyundai,Creta EV,51.4,473,1600,126,1,124.91,1.12,1712.63,113,165,6,9,1,1,Clear,Medium,21,74,25,31.3,1042,84.55,24.72,146553,100,10,116,1,0
2/9/2024 18:00,D008,VH008,Hyundai,Kona Long Range,64,484,1750,150,0,35.86,0.43,494.92,94,116,6,7,4,3,Clear,High,22,79,67,18,736,94.96,7.47,73047.2,100,18.55,196,1,1
2/10/2024 0:00,D007,VH007,Hyundai,Kona EV,39.2,452,1685,100,0,22.54,0.63,302.94,60,112,1,1,0,15,Cloudy,Low,22,73,64,18,869,81.71,3.421,134132.3,100,21.36,67,1,0
2/10/2024 0:00,D005,VH005,Tata,Curvv EV,55,585,1500,123,0,15.77,0.5,226.35,78,103,3,4,2,18,Fog,High,25,78,74,18,1038,94.28,2.152,150227.2,100,12.24,49,1,0
2/10/2024 6:00,D009,VH009,Hyundai,Creta EV,51.4,473,1600,126,1,99.86,1.11,1652.5,90,165,10,5,5,0,Fog,Low,22,73,37,26.3,1042,84.55,18.422,146652.9,100,10,116,1,1
2/10/2024 10:00,D006,VH006,Tata,Punch EV,35,421,1250,90,0,59.66,1.2,936.09,70,118,0,5,5,21,Rain,Medium,27,48,25,18,854,96.32,7.947,65201.4,72.85,58.06,191,1,1
2/10/2024 12:00,D006,VH006,Tata,Punch EV,35,421,1250,90,1,98.07,1.23,1826.25,83,120,2,2,2,3,Rain,Low,18,81,44,20,855,96.32,12.906,65299.5,72.96,58,191,1,1
2/10/2024 2:00,D005,VH005,Tata,Curvv EV,55,585,1500,123,1,175.72,2.06,2070.69,86,127,2,3,3,1,Rain,Medium,26,48,10,32,1038,94.27,22.44,150402.9,100,12.08,49,1,0
2/10/2024 4:00,D005,VH005,Tata,Curvv EV,55,585,1500,123,0,40.26,0.73,763.11,74,129,1,3,1,11,Clear,Medium,25,90,78,18,1038,94.27,6.078,150443.1,100,11.99,49,1,0
2/10/2024 2:00,D007,VH007,Hyundai,Kona EV,39.2,452,1685,100,1,85.57,1.04,1263.44,93,118,4,2,1,7,Cloudy,Low,18,70,36,18.5,869,81.7,13.064,134217.8,100,21.27,67,1,1
2/9/2024 8:00,D001,VH001,Volkswagen,ID.4,77,520,2100,150,0,17.19,0.77,302.78,49,73,0,0,1,25,Cloudy,Medium,22,58,54,18,630,82.13,2.673,45086.9,35.12,81.25,100,1,1
2/10/2024 8:00,D009,VH009,Hyundai,Creta EV,51.4,473,1600,126,0,28.03,0.56,558.09,57,135,2,2,5,4,Fog,High,20,75,65,18,1042,84.54,4.717,146680.9,100,10,116,1,0
2/10/2024 10:00,D009,VH009,Hyundai,Creta EV,51.4,473,1600,126,0,60.34,1.02,834.21,74,145,6,9,5,12,Fog,Medium,19,71,49,18.5,1042,84.54,10.936,146741.2,100,10,116,1,0
2/9/2024 10:00,D001,VH001,Volkswagen,ID.4,77,520,2100,150,0,49.64,1.92,662.45,37,83,0,1,2,35,Rain,Low,20,83,73,18,630,82.13,7.238,45136.5,35.18,81.22,100,1,1
2/9/2024 12:00,D001,VH001,Volkswagen,ID.4,77,520,2100,150,1,115.4,1.77,1286.4,70,95,0,0,2,7,Fog,Medium,22,62,41,19.7,630,82.13,15.451,45251.9,35.22,81.21,100,1,1
2/9/2024 14:00,D001,VH001,Volkswagen,ID.4,77,520,2100,150,0,54.95,1.46,640.47,52,90,0,0,1,24,Clear,High,25,40,28,20.9,630,82.13,8.902,45306.9,35.24,81.2,100,1,1
2/9/2024 16:00,D001,VH001,Volkswagen,ID.4,77,520,2100,150,1,110.76,2.08,2180.47,56,98,0,0,0,6,Rain,Medium,27,71,51,23.9,630,82.13,15.341,45417.6,35.28,81.19,100,1,0
2/9/2024 18:00,D001,VH001,Volkswagen,ID.4,77,520,2100,150,0,8.96,0.68,130.48,54,94,1,1,2,31,Rain,Low,23,77,75,18,630,82.13,1.332,45426.6,35.32,81.16,100,1,1
2/10/2024 6:00,D004,VH004,Tata,Nexon EV,40.5,465,1400,95,0,30.92,0.84,426.51,63,96,1,0,2,21,Rain,Low,20,72,61,18,432,94.95,4.201,65408.9,73.19,57.79,213,1,1
2/9/2024 16:00,D002,VH002,Volkswagen,ID.4 Pro,82,550,2200,150,1,142.4,2.18,2303.03,68,118,0,1,0,5,Clear,Medium,23,89,62,32,635,89.04,21.915,60557.3,46.42,74.73,81,1,1
2/10/2024 12:00,D009,VH009,Hyundai,Creta EV,51.4,473,1600,126,0,26.47,0.52,271.36,72,110,6,8,6,9,Rain,Low,8,80,70,18,1042,84.54,4.963,146767.7,100,10,116,1,1
2/10/2024 4:00,D007,VH007,Hyundai,Kona EV,39.2,452,1685,100,0,9.19,0.64,139.06,59,97,0,3,1,29,Clear,Medium,18,56,52,18,869,81.7,1.424,134227,100,21.2,67,1,0
2/9/2024 18:00,D002,VH002,Volkswagen,ID.4 Pro,82,550,2200,150,0,46.25,1.37,680.74,52,77,0,0,1,29,Clear,High,13,70,60,18,635,89.04,7.492,60603.5,46.44,74.72,81,1,1
2/9/2024 20:00,D001,VH001,Volkswagen,ID.4,77,520,2100,150,1,136.49,1.81,1721.2,80,108,0,2,3,6,Clear,Medium,21,85,57,27.4,630,82.13,21.006,45563.1,35.45,81.09,100,1,1
2/10/2024 10:00,D010,VH010,Hyundai,Creta EV Pro,55,490,1650,135,0,62.39,1.11,1000.17,62,137,6,5,5,6,Rain,Medium,22,53,31,18.7,715,88.47,11.697,116295.2,100,10,67,1,0
2/9/2024 20:00,D002,VH002,Volkswagen,ID.4 Pro,82,550,2200,150,1,116.01,2.13,1607,59,100,1,2,2,10,Cloudy,Medium,21,72,50,23.4,635,89.04,17.483,60719.5,46.56,74.66,81,1,1
2/10/2024 14:00,D006,VH006,Tata,Punch EV,35,421,1250,90,0,28.78,0.7,378.57,62,98,0,2,0,14,Rain,High,24,66,55,18,855,96.32,3.833,65328.2,73.05,57.94,191,1,1
2/9/2024 20:00,D008,VH008,Hyundai,Kona Long Range,64,484,1750,150,1,73.62,0.58,1329.29,130,135,13,3,3,1,Clear,Medium,21,41,15,22.7,736,94.96,16.391,73120.8,100,18.46,196,1,0
2/10/2024 16:00,D006,VH006,Tata,Punch EV,35,421,1250,90,1,99.38,1.18,1470.74,89,134,1,1,1,4,Rain,Medium,15,67,30,18,855,96.32,12.827,65427.6,73.12,57.91,191,1,1
2/10/2024 6:00,D005,VH005,Tata,Curvv EV,55,585,1500,123,0,54.64,1.12,1087.39,63,101,2,3,3,15,Clear,Medium,18,75,59,19.8,1038,94.27,8.41,150497.8,100,11.88,49,1,1
2/10/2024 8:00,D005,VH005,Tata,Curvv EV,55,585,1500,123,0,31.89,0.84,335.16,63,103,0,3,2,20,Rain,High,22,86,78,18,1038,94.27,4.248,150529.7,100,11.79,49,1,0
2/10/2024 14:00,D009,VH009,Hyundai,Creta EV,51.4,473,1600,126,1,72,0.61,1411.52,124,162,9,6,3,2,Clear,Medium,22,71,41,21.8,1043,84.54,15.012,146839.7,100,10,116,1,0
2/9/2024 22:00,D001,VH001,Volkswagen,ID.4,77,520,2100,150,1,108.41,1.8,1936.78,63,112,0,2,1,5,Clear,Low,24,66,44,28.3,630,82.13,16.684,45671.5,35.57,81.03,100,1,1
2/10/2024 16:00,D009,VH009,Hyundai,Creta EV,51.4,473,1600,126,0,36.27,0.57,689.22,84,138,5,4,5,8,Clear,Medium,23,48,33,18,1043,84.54,7.421,146876,100,10,116,1,0
2/10/2024 10:00,D005,VH005,Tata,Curvv EV,55,585,1500,123,0,37.56,0.91,449.53,65,88,0,1,3,20,Rain,High,18,77,67,18,1038,94.27,5.003,150567.2,100,11.75,49,1,0
2/10/2024 0:00,D001,VH001,Volkswagen,ID.4,77,520,2100,150,1,153.86,2.59,2917.7,63,107,0,0,0,9,Rain,Medium,18,84,56,24.5,630,82.13,21.311,45825.4,35.62,81.01,101,1,1
2/9/2024 22:00,D002,VH002,Volkswagen,ID.4 Pro,82,550,2200,150,0,64.5,1.87,859.6,50,74,0,0,0,35,Clear,Medium,15,67,54,18,635,89.04,10.449,60784,46.58,74.65,81,1,1
2/10/2024 12:00,D003,VH003,Volkswagen,ID.5,82,530,2200,174,1,80.91,1.16,893.68,73,112,0,0,0,3,Clear,Medium,21,64,48,22.3,474,79.96,12.452,44057.5,35.85,80.78,64,1,1
2/9/2024 22:00,D008,VH008,Hyundai,Kona Long Range,64,484,1750,150,0,39.76,0.7,545.05,85,139,3,4,9,14,Fog,High,25,73,62,18.5,736,94.96,6.82,73160.6,100,18.36,197,1,1
2/10/2024 0:00,D008,VH008,Hyundai,Kona Long Range,64,484,1750,150,0,33.51,0.48,590.26,91,139,10,4,5,7,Clear,High,20,70,58,18,737,94.96,7.479,73194.1,100,18.25,197,1,0
2/10/2024 0:00,D002,VH002,Volkswagen,ID.4 Pro,82,550,2200,150,1,50.53,0.85,516.12,67,112,0,0,0,6,Fog,Low,18,69,60,18,635,89.04,6.766,60834.5,46.6,74.65,82,1,1
2/10/2024 2:00,D002,VH002,Volkswagen,ID.4 Pro,82,550,2200,150,1,60.79,0.86,951.62,78,107,1,1,1,5,Clear,Low,19,68,56,18,635,89.04,9.543,60895.3,46.66,74.61,82,1,1
2/10/2024 8:00,D004,VH004,Tata,Nexon EV,40.5,465,1400,95,0,31.44,1,540.45,42,100,0,1,1,15,Clear,Medium,22,59,47,18,432,94.95,4.653,65440.3,73.24,57.76,213,1,1
2/10/2024 18:00,D006,VH006,Tata,Punch EV,35,421,1250,90,1,132.15,1.43,1408.27,96,103,2,5,2,3,Fog,Low,23,82,33,20.7,855,96.32,16.811,65559.8,73.37,57.77,191,1,1
2/10/2024 2:00,D001,VH001,Volkswagen,ID.4,77,520,2100,150,1,99.56,1.49,1446.77,75,111,0,0,2,10,Rain,Medium,16,90,72,18,630,82.13,13.79,45924.9,35.65,81,101,1,1
2/10/2024 4:00,D001,VH001,Volkswagen,ID.4,77,520,2100,150,1,88.83,1.32,1439.12,74,119,0,0,2,7,Rain,Medium,18,88,72,18.5,630,82.13,12.304,46013.7,35.69,80.99,101,1,1
2/10/2024 6:00,D007,VH007,Hyundai,Kona EV,39.2,452,1685,100,1,86.97,1.03,1225.86,90,121,0,0,0,4,Clear,Medium,20,49,16,20,870,81.7,12.806,134314,100,21.16,67,1,1
2/10/2024 10:00,D004,VH004,Tata,Nexon EV,40.5,465,1400,95,1,117.05,1.75,1587.89,69,124,5,2,2,3,Clear,Medium,15,60,15,21.8,432,94.95,18.103,65557.4,73.36,57.7,213,1,1
2/10/2024 12:00,D005,VH005,Tata,Curvv EV,55,585,1500,123,1,73.76,0.94,1286.04,84,115,2,1,0,4,Rain,Medium,29,77,59,22.5,1039,94.26,9.707,150641,100,11.69,49,1,1
2/10/2024 2:00,D008,VH008,Hyundai,Kona Long Range,64,484,1750,150,0,25.65,0.31,505.59,93,99,0,3,5,2,Clear,Medium,21,75,67,18,737,94.96,4.771,73219.7,100,18.18,197,1,1
2/10/2024 12:00,D004,VH004,Tata,Nexon EV,40.5,465,1400,95,0,39.79,1.1,491.93,46,83,0,0,1,14,Cloudy,Medium,27,87,73,18,432,94.95,5.653,65597.1,73.38,57.69,213,1,1
2/10/2024 12:00,D010,VH010,Hyundai,Creta EV Pro,55,490,1650,135,0,59.1,0.71,1101.86,94,108,7,4,3,5,Fog,Medium,19,67,47,18,715,88.47,10.902,116354.4,100,10,67,1,1
2/10/2024 14:00,D003,VH003,Volkswagen,ID.5,82,530,2200,174,1,79.48,1.18,950.8,75,102,1,2,0,7,Clear,Low,17,59,43,18,474,79.96,12.477,44137,35.96,80.72,64,1,1
2/10/2024 14:00,D005,VH005,Tata,Curvv EV,55,585,1500,123,0,13.18,0.55,158.62,67,114,2,0,1,21,Rain,Medium,17,80,76,18,1039,94.26,1.826,150654.2,100,11.68,49,1,1
2/10/2024 18:00,D009,VH009,Hyundai,Creta EV,51.4,473,1600,126,0,19.97,0.38,234.37,72,120,2,5,4,6,Rain,Medium,17,70,63,18,1043,84.54,3.477,146895.9,100,10,116,1,1
2/10/2024 20:00,D006,VH006,Tata,Punch EV,35,421,1250,90,0,29.69,0.69,443.16,60,93,0,2,2,12,Clear,Low,16,63,50,18,855,96.32,4.394,65589.5,73.46,57.71,191,1,1
2/10/2024 22:00,D006,VH006,Tata,Punch EV,35,421,1250,90,1,81.42,0.9,1352.91,94,105,1,0,1,2,Fog,Medium,17,75,45,18,855,96.32,10.159,65670.9,73.49,57.7,192,1,1
2/10/2024 16:00,D005,VH005,Tata,Curvv EV,55,585,1500,123,1,106.52,1.19,2051.07,95,114,3,2,4,4,Fog,Low,9,58,32,18,1039,94.26,13.812,150760.7,100,11.58,49,1,0
2/10/2024 8:00,D007,VH007,Hyundai,Kona EV,39.2,452,1685,100,0,55.94,0.96,778.7,65,105,2,3,2,6,Rain,Low,21,49,28,18,870,81.7,8.116,134369.9,100,21.06,67,1,0
2/10/2024 14:00,D004,VH004,Tata,Nexon EV,40.5,465,1400,95,0,39.63,0.82,601.38,56,128,3,3,1,7,Clear,Medium,13,65,49,18,432,94.95,6.217,65636.8,73.51,57.61,213,1,1
2/10/2024 6:00,D001,VH001,Volkswagen,ID.4,77,520,2100,150,0,17.81,0.85,276.74,48,98,1,0,0,29,Clear,Medium,23,82,78,18,630,82.12,2.943,46031.6,35.69,80.99,101,1,1
2/10/2024 20:00,D009,VH009,Hyundai,Creta EV,51.4,473,1600,126,0,39.35,0.67,629.29,74,152,4,5,1,8,Clear,Low,20,75,59,18,1043,84.53,7.905,146935.3,100,10,116,1,0
2/10/2024 8:00,D001,VH001,Volkswagen,ID.4,77,520,2100,150,1,135.38,2.11,1586.58,68,109,0,0,2,7,Cloudy,Medium,25,73,47,30.3,630,82.12,20.002,46166.9,35.74,80.97,101,1,1
2/10/2024 14:00,D010,VH010,Hyundai,Creta EV Pro,55,490,1650,135,1,151.66,1.43,2710.28,106,150,7,3,5,0,Cloudy,Medium,19,80,26,31.1,716,88.47,29.328,116506,100,10,67,1,0
2/10/2024 16:00,D004,VH004,Tata,Nexon EV,40.5,465,1400,95,0,43.42,1.04,866.49,54,114,1,1,1,14,Clear,Medium,21,77,60,18.5,432,94.95,6.555,65680.2,73.57,57.58,213,1,1
2/10/2024 10:00,D001,VH001,Volkswagen,ID.4,77,520,2100,150,0,56.31,1.67,729.98,55,82,0,0,0,39,Cloudy,Medium,18,61,49,18,630,82.12,8.757,46223.2,35.76,80.97,101,1,1
2/10/2024 18:00,D005,VH005,Tata,Curvv EV,55,585,1500,123,0,47.33,1.02,909.81,60,110,1,0,1,14,Rain,Low,17,47,35,18,1039,94.26,6.43,150808,100,11.56,49,1,1
2/10/2024 18:00,D004,VH004,Tata,Nexon EV,40.5,465,1400,95,1,143.65,1.89,2203.31,78,121,1,1,1,3,Rain,Medium,13,66,20,21.5,433,94.95,18.541,65823.8,73.66,57.54,213,1,1
2/10/2024 4:00,D008,VH008,Hyundai,Kona Long Range,64,484,1750,150,0,62.87,1.1,965.62,57,122,10,7,5,0,Cloudy,High,20,72,50,19.8,737,94.96,13.471,73282.6,100,17.99,197,1,0
2/10/2024 20:00,D005,VH005,Tata,Curvv EV,55,585,1500,123,1,103.67,1.45,1992.58,76,127,1,2,2,5,Rain,Medium,15,47,22,18.3,1039,94.25,13.381,150911.7,100,11.46,49,1,0
2/10/2024 6:00,D008,VH008,Hyundai,Kona Long Range,64,484,1750,150,0,33.97,0.59,538.59,67,120,8,6,6,5,Rain,Low,15,67,56,18,737,94.96,6.596,73316.6,100,17.84,197,1,0
2/10/2024 10:00,D007,VH007,Hyundai,Kona EV,39.2,452,1685,100,0,37.93,1.16,616.89,49,115,2,3,1,23,Cloudy,Medium,21,83,68,18,870,81.7,5.87,134407.9,100,20.97,67,1,1
2/10/2024 4:00,D002,VH002,Volkswagen,ID.4 Pro,82,550,2200,150,0,56.66,2.08,950.09,33,70,0,0,0,22,Rain,Medium,19,48,37,18,635,89.04,8.261,60952,46.68,74.61,82,1,0
2/10/2024 22:00,D005,VH005,Tata,Curvv EV,55,585,1500,123,0,50.77,1.5,516.85,39,121,0,1,3,12,Clear,Medium,19,70,56,18,1039,94.25,7.514,150962.5,100,11.41,50,1,0
2/10/2024 6:00,D002,VH002,Volkswagen,ID.4 Pro,82,550,2200,150,0,11.62,0.73,145.49,48,72,0,1,1,29,Clear,Low,16,77,74,18,635,89.04,1.882,60963.6,46.73,74.58,82,1,1
2/10/2024 8:00,D002,VH002,Volkswagen,ID.4 Pro,82,550,2200,150,1,115.38,1.61,1779.38,75,117,0,0,0,4,Rain,Medium,21,56,36,22.1,635,89.04,15.981,61079,46.77,74.57,82,1,1
2/10/2024 12:00,D007,VH007,Hyundai,Kona EV,39.2,452,1685,100,0,44.45,0.73,536.85,65,118,2,0,0,3,Rain,High,22,79,62,18,870,81.7,6.449,134452.3,100,20.95,67,1,0
2/10/2024 10:00,D002,VH002,Volkswagen,ID.4 Pro,82,550,2200,150,0,35.03,1.38,585.72,42,104,0,1,1,33,Clear,Low,26,86,79,18,635,89.04,5.675,61114,46.82,74.54,82,1,1
2/11/2024 0:00,D005,VH005,Tata,Curvv EV,55,585,1500,123,0,42.36,0.83,573.59,75,119,0,2,7,16,Clear,Medium,24,55,43,18,1039,94.25,6.269,151004.8,100,11.34,50,1,1
2/10/2024 16:00,D010,VH010,Hyundai,Creta EV Pro,55,490,1650,135,0,30.41,0.53,515.94,107,126,5,5,1,15,Fog,Low,27,68,58,18,716,88.47,5.413,116536.4,100,10,67,1,1
2/10/2024 20:00,D004,VH004,Tata,Nexon EV,40.5,465,1400,95,0,40.85,1.07,748.2,58,92,0,1,3,22,Cloudy,Medium,18,79,64,18,433,94.95,5.804,65864.7,73.71,57.51,213,1,1
2/10/2024 8:00,D008,VH008,Hyundai,Kona Long Range,64,484,1750,150,0,58.75,0.58,749.76,102,120,3,6,6,0,Fog,Medium,21,78,62,18.2,737,94.96,10.077,73375.3,100,17.68,197,1,1
2/10/2024 14:00,D007,VH007,Hyundai,Kona EV,39.2,452,1685,100,0,22.07,0.59,256.15,59,106,1,0,1,13,Rain,Medium,23,58,49,18,870,81.7,3.14,134474.4,100,20.94,67,1,1
2/10/2024 12:00,D001,VH001,Volkswagen,ID.4,77,520,2100,150,0,11.03,0.5,110.39,48,84,0,3,0,16,Rain,Medium,21,77,74,18,630,82.12,1.608,46234.3,35.88,80.89,101,1,1
2/10/2024 16:00,D007,VH007,Hyundai,Kona EV,39.2,452,1685,100,1,152.2,1.67,1625.82,93,132,1,2,5,2,Rain,Medium,18,76,23,21,870,81.69,20.574,134626.6,100,20.83,67,1,0
2/10/2024 18:00,D007,VH007,Hyundai,Kona EV,39.2,452,1685,100,0,26.46,0.66,310.56,64,107,1,1,3,15,Clear,Medium,15,45,34,18,870,81.69,4.183,134653,100,20.79,67,1,0
2/10/2024 16:00,D003,VH003,Volkswagen,ID.5,82,530,2200,174,1,94.9,1.37,1375.15,74,98,0,0,1,5,Fog,Medium,24,51,35,18.4,474,79.96,12.706,44231.9,35.99,80.71,64,1,1
2/10/2024 22:00,D004,VH004,Tata,Nexon EV,40.5,465,1400,95,0,37.2,0.66,524.65,68,102,2,2,0,7,Clear,High,25,70,55,18,433,94.95,5.726,65901.9,73.81,57.45,214,1,1
2/11/2024 0:00,D006,VH006,Tata,Punch EV,35,421,1250,90,1,174.76,1.64,1814.82,110,133,0,1,2,3,Cloudy,Medium,22,83,15,26.8,855,96.32,23.588,65845.6,73.59,57.66,192,1,1
2/10/2024 18:00,D010,VH010,Hyundai,Creta EV Pro,55,490,1650,135,1,134.98,1.3,1612.39,108,142,3,5,5,3,Clear,Medium,24,73,27,27.3,716,88.46,25.282,116671.4,100,10,67,1,0
2/10/2024 10:00,D008,VH008,Hyundai,Kona Long Range,64,484,1750,150,0,61.05,0.85,746.84,83,147,11,3,6,7,Fog,Medium,19,71,52,18,737,94.96,12.053,73436.4,100,17.6,197,1,0
2/10/2024 18:00,D003,VH003,Volkswagen,ID.5,82,530,2200,174,0,29.58,1.14,499.76,58,63,0,0,1,38,Fog,High,15,66,60,18,474,79.96,4.169,44261.4,36,80.71,64,1,1
2/10/2024 20:00,D003,VH003,Volkswagen,ID.5,82,530,2200,174,1,164.19,2.37,1956.33,74,112,0,0,0,9,Rain,Medium,19,74,46,28.4,474,79.96,22.742,44425.6,36.06,80.69,64,1,1
2/10/2024 12:00,D002,VH002,Volkswagen,ID.4 Pro,82,550,2200,150,0,18.28,0.89,185.83,37,84,0,0,1,24,Clear,Low,22,53,49,18,635,89.04,2.961,61132.3,46.82,74.54,82,1,1
2/10/2024 12:00,D008,VH008,Hyundai,Kona Long Range,64,484,1750,150,1,78.35,0.64,787.39,126,159,6,4,7,1,Cloudy,Low,15,68,44,18,737,94.96,14.886,73514.7,100,17.49,197,1,1
2/10/2024 22:00,D003,VH003,Volkswagen,ID.5,82,530,2200,174,0,51.37,1.23,884.25,50,81,0,0,1,12,Cloudy,Medium,20,78,68,18,474,79.96,7.989,44477,36.08,80.68,65,1,1
2/10/2024 14:00,D001,VH001,Volkswagen,ID.4,77,520,2100,150,0,12.88,0.8,221.86,59,72,0,2,0,35,Clear,Low,24,53,50,18,631,82.12,2.087,46247.2,35.97,80.84,101,1,1
2/10/2024 14:00,D002,VH002,Volkswagen,ID.4 Pro,82,550,2200,150,0,9.96,0.46,135.69,51,69,0,2,0,16,Clear,Low,20,51,49,18,635,89.04,1.614,61142.3,46.91,74.48,82,1,1
2/10/2024 16:00,D002,VH002,Volkswagen,ID.4 Pro,82,550,2200,150,1,141.47,1.82,2513.71,83,112,0,1,0,7,Cloudy,Low,30,90,64,27.6,635,89.04,20.901,61283.7,47,74.44,82,1,1
2/10/2024 14:00,D008,VH008,Hyundai,Kona Long Range,64,484,1750,150,0,45.98,0.7,847.88,83,140,8,5,5,9,Clear,Medium,18,50,34,21.4,737,94.96,9.921,73560.7,100,17.36,197,1,0
2/11/2024 2:00,D006,VH006,Tata,Punch EV,35,421,1250,90,0,49.58,0.96,765.29,73,85,0,0,5,17,Clear,Medium,21,83,62,18,856,96.32,7.338,65895.2,73.61,57.65,192,1,1
2/11/2024 2:00,D005,VH005,Tata,Curvv EV,55,585,1500,123,1,173.77,2.14,2556.49,83,129,0,2,0,3,Clear,Low,24,65,20,29.2,1039,94.25,24.432,151178.6,100,11.21,50,1,0
2/10/2024 22:00,D009,VH009,Hyundai,Creta EV,51.4,473,1600,126,0,56.69,0.95,698.46,72,102,5,4,8,10,Fog,Medium,18,58,38,18,1043,84.53,10.091,146992,100,10,116,1,1
2/11/2024 0:00,D009,VH009,Hyundai,Creta EV,51.4,473,1600,126,1,164.1,1.41,1795.92,118,165,4,5,3,1,Rain,Medium,18,59,10,28.9,1043,84.53,25.7771,147156.1,100,10,117,1,0
2/11/2024 0:00,D004,VH004,Tata,Nexon EV,40.5,465,1400,95,1,98.27,1.05,1342.28,98,141,2,2,2,3,Cloudy,Low,18,70,35,18,433,94.95,13.795,66000.2,73.92,57.39,214,1,1
2/10/2024 16:00,D001,VH001,Volkswagen,ID.4,77,520,2100,150,1,92.5,1.33,1680,75,113,0,2,0,6,Clear,Low,15,45,26,20.4,631,82.12,14.236,46339.7,36.08,80.78,101,1,1
2/10/2024 16:00,D008,VH008,Hyundai,Kona Long Range,64,484,1750,150,1,147.89,1.51,2650.82,98,129,5,4,2,0,Rain,Low,27,62,21,29.2,737,94.95,25.871,73708.6,100,17.24,197,1,1
2/10/2024 18:00,D002,VH002,Volkswagen,ID.4 Pro,82,550,2200,150,1,66.83,1.03,1195.03,72,115,0,1,1,6,Clear,Medium,21,46,33,19,635,89.04,10.285,61350.6,47.06,74.41,82,1,0
2/10/2024 20:00,D007,VH007,Hyundai,Kona EV,39.2,452,1685,100,0,8.91,0.36,143.52,84,94,0,2,0,15,Rain,High,23,54,50,18,870,81.69,1.243,134662,100,20.74,67,1,1
2/11/2024 2:00,D004,VH004,Tata,Nexon EV,40.5,465,1400,95,0,50.11,0.93,749.66,76,103,0,3,5,16,Cloudy,Low,24,76,58,18,433,94.95,7.12,66050.3,74.06,57.31,214,1,1
2/11/2024 0:00,D003,VH003,Volkswagen,ID.5,82,530,2200,174,1,143.36,2.1,2285.64,73,112,1,0,1,8,Fog,Medium,15,69,45,21,474,79.96,19.579,44620.4,36.13,80.66,65,1,1
2/10/2024 18:00,D001,VH001,Volkswagen,ID.4,77,520,2100,150,1,130.97,2.34,2300.63,58,114,0,1,1,5,Fog,Medium,28,71,48,26.4,631,82.12,17.536,46470.6,36.17,80.74,101,1,1
2/10/2024 22:00,D007,VH007,Hyundai,Kona EV,39.2,452,1685,100,1,92.6,1.14,1319.33,86,109,1,0,2,4,Clear,Medium,28,65,29,22.9,870,81.69,13.908,134754.6,100,20.7,68,1,0
2/10/2024 18:00,D008,VH008,Hyundai,Kona Long Range,64,484,1750,150,1,60.74,0.51,849.36,128,157,6,5,3,2,Rain,Medium,16,75,58,18,737,94.95,10.819,73769.3,100,17.11,197,1,0
2/10/2024 20:00,D001,VH001,Volkswagen,ID.4,77,520,2100,150,0,55.45,1.67,732.48,48,92,0,2,1,31,Fog,Medium,23,65,54,18,631,82.12,7.815,46526.1,36.26,80.68,101,1,1
2/11/2024 4:00,D004,VH004,Tata,Nexon EV,40.5,465,1400,95,0,48.27,0.94,758.07,70,87,0,2,3,15,Fog,High,25,82,66,18,433,94.95,6.215,66098.5,74.15,57.26,214,1,1
2/11/2024 2:00,D009,VH009,Hyundai,Creta EV,51.4,473,1600,126,0,19.24,0.38,348.63,89,101,6,2,9,10,Clear,High,22,74,66,18,1043,84.53,4.008,147175.3,100,10,117,1,1
2/10/2024 22:00,D001,VH001,Volkswagen,ID.4,77,520,2100,150,1,174.94,2.77,3391.27,65,111,1,1,3,5,Cloudy,Low,13,90,55,25.8,631,82.12,26.363,46701,36.37,80.63,101,1,1
2/11/2024 4:00,D006,VH006,Tata,Punch EV,35,421,1250,90,0,8.72,0.29,155.28,84,112,2,1,6,11,Fog,High,21,77,73,18,856,96.32,1.168,65903.9,73.65,57.63,192,1,1
2/11/2024 4:00,D009,VH009,Hyundai,Creta EV,51.4,473,1600,126,1,67.85,0.6,1348.44,119,165,14,6,2,2,Clear,Medium,19,61,31,19.5,1043,84.52,15.346,147243.2,100,10,117,1,0
2/11/2024 0:00,D001,VH001,Volkswagen,ID.4,77,520,2100,150,1,134.25,1.68,2653.47,83,107,1,1,0,4,Rain,Medium,19,59,34,21.4,631,82.12,18.967,46835.3,36.45,80.59,102,1,1
2/10/2024 20:00,D008,VH008,Hyundai,Kona Long Range,64,484,1750,150,0,33.99,0.56,635.84,64,124,12,7,8,2,Clear,Medium,22,68,55,18,737,94.95,7.839,73803.3,100,16.93,197,1,1
2/10/2024 22:00,D008,VH008,Hyundai,Kona Long Range,64,484,1750,150,0,64.99,1.14,1029.24,68,106,4,3,2,11,Fog,Medium,32,70,52,23,737,94.95,11.358,73868.3,100,16.85,198,1,0
2/11/2024 0:00,D007,VH007,Hyundai,Kona EV,39.2,452,1685,100,0,18.69,0.6,202.84,69,111,2,4,4,20,Rain,Medium,22,52,45,18,870,81.69,2.712,134773.2,100,20.59,68,1,1
2/10/2024 20:00,D010,VH010,Hyundai,Creta EV Pro,55,490,1650,135,1,70.61,0.78,1063.16,92,154,7,7,6,1,Clear,Medium,21,71,45,18,716,88.46,14.224,116742,100,10,67,1,1
2/11/2024 2:00,D007,VH007,Hyundai,Kona EV,39.2,452,1685,100,0,45.91,1.23,897.85,51,91,0,2,3,20,Fog,High,18,50,34,18,870,81.69,6.191,134819.2,100,20.52,68,1,0
2/11/2024 2:00,D003,VH003,Volkswagen,ID.5,82,530,2200,174,0,27.24,1.25,457.34,31,67,0,0,1,22,Clear,Low,24,52,46,18,474,79.96,4.413,44647.6,36.14,80.66,65,1,1
2/10/2024 22:00,D010,VH010,Hyundai,Creta EV Pro,55,490,1650,135,0,34.64,0.5,607.87,80,129,9,1,4,4,Fog,Medium,18,81,68,18,716,88.46,6.614,116776.7,100,10,68,1,0
2/11/2024 2:00,D001,VH001,Volkswagen,ID.4,77,520,2100,150,0,23.86,1.03,410.38,40,101,0,4,0,26,Clear,Low,21,54,48,18,631,82.12,3.865,46859.1,36.62,80.49,102,1,1
2/11/2024 0:00,D010,VH010,Hyundai,Creta EV Pro,55,490,1650,135,0,19.32,0.27,234.3,103,130,8,10,7,5,Cloudy,High,22,81,73,18,716,88.46,4.002,116796,100,10,68,1,0
2/11/2024 4:00,D001,VH001,Volkswagen,ID.4,77,520,2100,150,0,12.02,0.7,183.27,51,85,0,2,1,28,Rain,High,19,72,69,18,631,82.12,1.753,46871.1,36.71,80.44,102,1,1
2/11/2024 0:00,D008,VH008,Hyundai,Kona Long Range,64,484,1750,150,1,92.15,0.86,1571.53,111,147,10,7,3,2,Clear,Low,19,65,34,24,738,94.95,19.539,73960.4,100,16.66,198,1,1
2/11/2024 2:00,D010,VH010,Hyundai,Creta EV Pro,55,490,1650,135,0,36.29,0.58,697.46,88,165,6,5,5,10,Rain,High,21,45,32,18,716,88.46,6.804,116832.3,100,10,68,1,0
2/11/2024 2:00,D008,VH008,Hyundai,Kona Long Range,64,484,1750,150,1,76.36,0.72,1378.69,109,148,8,6,4,1,Rain,Medium,18,48,25,20.5,738,94.95,14.086,74036.8,100,16.5,198,1,0
2/10/2024 20:00,D002,VH002,Volkswagen,ID.4 Pro,82,550,2200,150,0,57.13,1.88,1016.33,40,71,0,2,0,27,Fog,Medium,17,72,62,18.7,635,89.04,8.052,61407.7,47.16,74.35,82,1,1
2/11/2024 6:00,D009,VH009,Hyundai,Creta EV,51.4,473,1600,126,1,115.94,0.95,1815.83,124,165,6,4,8,1,Rain,Medium,15,61,20,19.1,1043,84.52,20.65,147359.1,100,10,117,1,1
2/11/2024 4:00,D005,VH005,Tata,Curvv EV,55,585,1500,123,0,29.67,1.02,504.79,44,99,0,2,2,21,Cloudy,High,27,79,71,18,1039,94.24,4.216,151208.3,100,11.14,50,1,1
2/11/2024 6:00,D004,VH004,Tata,Nexon EV,40.5,465,1400,95,0,26.93,0.65,467.86,64,110,0,3,2,14,Rain,Medium,24,62,53,18,433,94.95,3.587,66125.5,74.28,57.18,214,1,1
2/11/2024 4:00,D008,VH008,Hyundai,Kona Long Range,64,484,1750,150,1,79.25,0.77,1516.69,103,156,7,3,7,0,Cloudy,Medium,24,56,32,22.3,738,94.95,15.325,74116.1,100,16.42,198,1,0
2/11/2024 4:00,D007,VH007,Hyundai,Kona EV,39.2,452,1685,100,0,44.7,1.14,705.57,58,103,1,3,0,22,Fog,High,23,89,73,18,870,81.69,6.148,134863.9,100,20.43,68,1,1
2/11/2024 4:00,D010,VH010,Hyundai,Creta EV Pro,55,490,1650,135,0,60.16,0.67,941.28,94,128,3,3,2,2,Clear,Low,20,68,46,18,716,88.46,11.861,116892.4,100,10,68,1,1
2/11/2024 6:00,D006,VH006,Tata,Punch EV,35,421,1250,90,0,35.74,0.81,709.98,54,109,1,3,5,9,Clear,Medium,17,67,51,18,856,96.32,5.395,65939.7,73.78,57.55,192,1,1
2/11/2024 6:00,D010,VH010,Hyundai,Creta EV Pro,55,490,1650,135,1,117.63,1.08,1686.92,112,161,10,7,2,2,Clear,Medium,12,59,13,26.6,716,88.45,24.942,117010.1,100,10,68,1,0
2/11/2024 6:00,D008,VH008,Hyundai,Kona Long Range,64,484,1750,150,0,46.5,0.61,622.11,80,149,6,8,6,2,Clear,Medium,24,64,48,18,738,94.95,9.687,74162.6,100,16.21,198,1,1
2/11/2024 8:00,D009,VH009,Hyundai,Creta EV,51.4,473,1600,126,0,17.43,0.23,258.46,109,130,9,6,6,4,Clear,Medium,21,73,65,18,1043,84.52,3.826,147376.5,100,10,117,1,0
2/11/2024 8:00,D010,VH010,Hyundai,Creta EV Pro,55,490,1650,135,0,52.9,0.74,648.9,95,102,2,7,5,11,Clear,High,21,84,65,18,716,88.45,10.233,117063,100,10,68,1,0
2/10/2024 22:00,D002,VH002,Volkswagen,ID.4 Pro,82,550,2200,150,0,60.23,1.64,1147.19,60,93,0,3,1,38,Fog,High,15,71,60,18,635,89.03,8.489,61467.9,47.3,74.27,82,1,1
2/11/2024 0:00,D002,VH002,Volkswagen,ID.4 Pro,82,550,2200,150,0,10.05,0.72,152.64,35,86,0,1,1,26,Clear,Low,17,60,58,18,635,89.03,1.628,61478,47.35,74.24,83,1,1
2/11/2024 8:00,D008,VH008,Hyundai,Kona Long Range,64,484,1750,150,0,63.24,0.84,801.88,82,138,6,7,10,4,Clear,High,21,63,42,19.4,738,94.95,13.174,74225.8,100,16.03,198,1,0
2/11/2024 6:00,D007,VH007,Hyundai,Kona EV,39.2,452,1685,100,1,54.22,0.68,589.08,82,143,2,2,2,1,Clear,Medium,17,56,34,18,871,81.68,8.303,134918.1,100,20.36,68,1,0
2/11/2024 2:00,D002,VH002,Volkswagen,ID.4 Pro,82,550,2200,150,1,65.61,1.03,833.12,72,123,0,2,0,7,Rain,Low,18,65,53,18,635,89.03,9.088,61543.6,47.45,74.19,83,1,1
2/11/2024 8:00,D004,VH004,Tata,Nexon EV,40.5,465,1400,95,0,44.59,0.95,839.97,77,119,3,2,2,22,Clear,Low,27,61,43,18,433,94.95,6.995,66170.1,74.38,57.12,214,1,1
2/11/2024 4:00,D002,VH002,Volkswagen,ID.4 Pro,82,550,2200,150,0,53.33,2,691.04,34,89,0,2,0,26,Clear,High,21,76,65,18,636,89.03,8.639,61596.9,47.55,74.13,83,1,1
2/11/2024 4:00,D003,VH003,Volkswagen,ID.5,82,530,2200,174,1,96.24,1.6,1735.35,65,99,0,1,1,7,Cloudy,Medium,18,76,58,21.4,475,79.96,14.219,44743.8,36.21,80.63,65,1,1
2/11/2024 8:00,D007,VH007,Hyundai,Kona EV,39.2,452,1685,100,0,51.04,1.16,594.91,58,110,0,3,3,17,Clear,Medium,19,80,59,18,871,81.68,7.911,134969.1,100,20.26,68,1,0
2/11/2024 8:00,D006,VH006,Tata,Punch EV,35,421,1250,90,1,124.88,1.73,2441.23,72,115,2,0,2,0,Cloudy,Medium,22,85,34,24.5,856,96.32,17.53,66064.6,73.83,57.53,192,1,1
2/11/2024 10:00,D004,VH004,Tata,Nexon EV,40.5,465,1400,95,0,9.35,0.5,156.85,71,107,2,3,2,22,Rain,Medium,18,72,68,18,433,94.95,1.295,66179.4,74.5,57.05,214,1,1
2/11/2024 6:00,D002,VH002,Volkswagen,ID.4 Pro,82,550,2200,150,1,61.66,1.1,1025.32,63,93,0,0,0,7,Fog,Medium,17,53,42,18,636,89.03,8.256,61658.6,47.57,74.12,83,1,1
2/11/2024 10:00,D006,VH006,Tata,Punch EV,35,421,1250,90,1,81.57,0.87,960.98,97,110,1,2,1,2,Clear,Medium,16,78,44,18,856,96.32,11.698,66146.1,73.94,57.47,192,1,1
2/11/2024 6:00,D001,VH001,Volkswagen,ID.4,77,520,2100,150,0,22.07,0.95,434.85,40,67,0,0,0,24,Clear,High,18,73,68,18,631,82.12,3.575,46893.2,36.71,80.44,102,1,1
2/11/2024 6:00,D005,VH005,Tata,Curvv EV,55,585,1500,123,0,8.39,0.55,103,65,99,0,2,1,25,Rain,Medium,24,78,75,18,1039,94.24,1.118,151216.6,100,11.09,50,1,0
2/11/2024 8:00,D005,VH005,Tata,Curvv EV,55,585,1500,123,1,65.99,0.79,1061.74,95,142,0,3,3,6,Clear,Medium,21,79,62,18,1039,94.24,9.278,151282.6,100,10.98,50,1,0
2/11/2024 10:00,D008,VH008,Hyundai,Kona Long Range,64,484,1750,150,0,56.53,0.6,804.84,97,105,8,3,2,1,Clear,Low,22,59,39,19.4,738,94.95,12.197,74282.3,100,15.95,198,1,1
2/11/2024 10:00,D007,VH007,Hyundai,Kona EV,39.2,452,1685,100,0,54.39,1.48,710.19,43,92,1,3,2,13,Cloudy,High,29,76,54,18,871,81.68,8.255,135023.5,100,20.16,68,1,1
2/11/2024 10:00,D010,VH010,Hyundai,Creta EV Pro,55,490,1650,135,0,58.31,0.82,1041.5,92,120,6,8,4,11,Clear,Medium,19,44,21,21.1,717,88.45,12.147,117121.3,100,10,68,1,1
2/11/2024 6:00,D003,VH003,Volkswagen,ID.5,82,530,2200,174,1,77.29,1.32,884.42,66,104,0,1,0,9,Rain,Medium,22,59,45,19.9,475,79.96,10.705,44821.1,36.28,80.59,65,1,1
2/11/2024 8:00,D002,VH002,Volkswagen,ID.4 Pro,82,550,2200,150,0,10.45,0.67,145.32,45,79,0,0,0,26,Clear,Medium,23,65,62,18,636,89.03,1.693,61669,47.57,74.12,83,1,1
2/11/2024 8:00,D001,VH001,Volkswagen,ID.4,77,520,2100,150,1,132.72,2,2497.94,73,107,0,2,0,11,Cloudy,Medium,11,82,56,19,631,82.12,19.609,47025.9,36.84,80.37,102,1,1
2/11/2024 10:00,D002,VH002,Volkswagen,ID.4 Pro,82,550,2200,150,0,27.77,1.12,419.92,33,80,0,0,1,17,Clear,Medium,20,80,74,18,636,89.03,4.499,61696.8,47.58,74.12,83,1,1
2/11/2024 12:00,D006,VH006,Tata,Punch EV,35,421,1250,90,1,75.89,1.04,1451.52,77,131,2,1,2,3,Fog,Medium,22,73,45,21.1,856,96.32,9.654,66222,74,57.44,192,1,1
2/11/2024 10:00,D001,VH001,Volkswagen,ID.4,77,520,2100,150,0,44.87,1.01,471.01,60,87,0,2,0,16,Rain,Medium,14,60,51,18,631,82.12,6.542,47070.8,36.94,80.31,102,1,1
2/11/2024 12:00,D010,VH010,Hyundai,Creta EV Pro,55,490,1650,135,1,126.73,1.26,1713.63,103,145,4,2,3,2,Cloudy,Medium,15,63,20,29,717,88.45,23.217,117248,100,10,68,1,0
2/11/2024 12:00,D008,VH008,Hyundai,Kona Long Range,64,484,1750,150,1,76.25,0.61,1060.09,129,143,3,8,5,1,Clear,Medium,15,66,43,19.3,738,94.95,14.282,74358.6,100,15.74,198,1,0
2/11/2024 8:00,D003,VH003,Volkswagen,ID.5,82,530,2200,174,1,93.92,1.69,1099.84,61,87,0,1,2,9,Cloudy,Medium,17,79,62,18,475,79.95,13.876,44915.1,36.35,80.55,65,1,1
2/11/2024 10:00,D005,VH005,Tata,Curvv EV,55,585,1500,123,1,58.77,0.77,747.73,86,137,1,2,2,5,Clear,Medium,12,84,68,18,1039,94.24,8.428,151341.4,100,10.9,50,1,1
2/11/2024 12:00,D005,VH005,Tata,Curvv EV,55,585,1500,123,1,173.09,2.09,3353.88,85,138,2,1,3,3,Clear,Medium,23,78,31,29.3,1040,94.23,25.31,151514.5,100,10.8,50,1,0
2/11/2024 14:00,D008,VH008,Hyundai,Kona Long Range,64,484,1750,150,0,28.79,0.4,453.85,79,138,8,7,4,2,Clear,High,16,67,57,18,738,94.95,6.212,74387.4,100,15.56,198,1,0
2/11/2024 12:00,D004,VH004,Tata,Nexon EV,40.5,465,1400,95,1,75.56,0.84,1254.22,100,147,1,3,4,5,Rain,Low,20,56,31,18,433,94.95,9.753,66255,74.65,56.96,214,1,1
2/11/2024 10:00,D009,VH009,Hyundai,Creta EV,51.4,473,1600,126,1,156.95,1.32,2162.97,122,151,6,6,6,2,Clear,Low,13,55,10,26.5,1044,84.51,24.0295,147533.5,100,10,117,1,1
2/11/2024 14:00,D010,VH010,Hyundai,Creta EV Pro,55,490,1650,135,0,24.24,0.38,448.06,87,135,9,5,5,6,Clear,Medium,17,84,74,18,717,88.45,5.32,117272.2,100,10,68,1,1
2/11/2024 12:00,D007,VH007,Hyundai,Kona EV,39.2,452,1685,100,0,26.41,0.76,492.52,68,96,0,1,0,22,Fog,Low,20,57,47,18,871,81.68,3.561,135049.9,100,20.13,68,1,0
2/11/2024 12:00,D002,VH002,Volkswagen,ID.4 Pro,82,550,2200,150,1,94.16,1.36,1332.83,76,99,0,2,0,7,Rain,Medium,17,81,65,18,636,89.03,13.042,61791,47.7,74.06,83,1,1
2/11/2024 14:00,D005,VH005,Tata,Curvv EV,55,585,1500,123,1,176.87,1.9,2617.41,93,135,1,3,0,0,Rain,Medium,21,56,14,26.9,1040,94.23,22.829,151691.4,100,10.64,50,1,0
2/11/2024 14:00,D007,VH007,Hyundai,Kona EV,39.2,452,1685,100,0,32.03,0.66,612.56,67,102,1,1,1,11,Clear,Low,16,79,66,18,871,81.68,5.064,135081.9,100,20.09,68,1,0
2/11/2024 12:00,D009,VH009,Hyundai,Creta EV,51.4,473,1600,126,0,19.63,0.39,267.53,82,132,6,5,5,9,Clear,Medium,23,74,66,18,1044,84.51,4.089,147553.1,100,10,117,1,0
2/11/2024 10:00,D003,VH003,Volkswagen,ID.5,82,530,2200,174,0,57.24,1.55,831.68,52,89,0,0,0,27,Rain,High,18,74,63,18,475,79.95,8.346,44972.3,36.37,80.55,65,1,1
2/11/2024 14:00,D006,VH006,Tata,Punch EV,35,421,1250,90,0,19.52,0.67,272.04,65,103,1,1,3,22,Cloudy,High,25,86,77,18,856,96.31,2.829,66241.5,74.05,57.41,192,1,1
2/11/2024 14:00,D004,VH004,Tata,Nexon EV,40.5,465,1400,95,0,36.86,0.95,457.75,58,107,2,1,1,19,Clear,Medium,17,57,42,18,433,94.95,5.673,66291.8,74.7,56.93,214,1,1
2/11/2024 14:00,D009,VH009,Hyundai,Creta EV,51.4,473,1600,126,0,44.28,0.64,737.47,71,98,0,3,5,1,Fog,High,21,58,44,18,1044,84.51,7.165,147597.4,100,10,117,1,0
2/11/2024 12:00,D001,VH001,Volkswagen,ID.4,77,520,2100,150,0,53.74,1.41,678.47,50,86,0,0,2,20,Rain,Medium,20,62,51,19.6,631,82.12,7.835,47124.5,36.95,80.31,102,1,1
2/11/2024 14:00,D001,VH001,Volkswagen,ID.4,77,520,2100,150,1,90.46,1.89,1310.97,50,125,0,0,1,5,Rain,Low,21,56,39,18,631,82.11,12.53,47215,36.99,80.3,102,1,1
2/11/2024 12:00,D003,VH003,Volkswagen,ID.5,82,530,2200,174,0,48.96,1.46,792.8,51,104,0,1,2,30,Rain,Medium,19,51,42,18,475,79.95,7.138,45021.3,36.43,80.52,65,1,1
2/11/2024 14:00,D002,VH002,Volkswagen,ID.4 Pro,82,550,2200,150,0,28.44,1.34,481.81,40,92,0,1,0,38,Clear,High,18,54,48,18,636,89.03,4.607,61819.4,47.75,74.03,83,1,1
2/11/2024 14:00,D003,VH003,Volkswagen,ID.5,82,530,2200,174,1,135.61,1.83,2185.64,80,108,0,0,0,8,Clear,Medium,22,77,51,29.1,475,79.95,20.87,45156.9,36.47,80.5,65,1,1
